31024.000	2322.000	2321.000	3.000	4278.758	0.000	0.000	4301.075	1.000	0.000	0.000
31025.000	1374.000	1373.000	2.000	4564.482	0.000	4444.444	4597.701	1.000	0.000	0.000
31026.000	467.000	466.000	1.000	5010.328	0.000	4848.485	5031.447	1.000	0.000	0.000
31027.000	449.000	448.000	1.000	5533.099	0.000	5333.333	5555.556	1.000	0.000	0.000
31028.000	375.000	374.000	1.000	6300.119	0.000	6060.606	6349.206	1.000	0.000	0.000
31029.000	347.000	346.000	1.000	7218.504	0.000	7017.544	7407.407	1.000	0.000	0.000
31030.000	302.000	301.000	1.000	9802.331	0.000	9523.810	10256.410	1.000	0.000	0.000
31031.000	1.000	0.000	1.000	224028.022	0.000	133333.333	10000000000.000	1.000	0.000	0.000
31032.000	852.000	851.000	2.000	4202.920	0.000	0.000	4301.075	1.000	0.000	0.000
31033.000	1373.000	1372.000	2.000	4593.449	0.000	4444.444	4597.701	1.000	0.000	0.000
31034.000	469.000	468.000	1.000	5021.843	0.000	4848.485	5031.447	1.000	0.000	0.000
31035.000	663.000	662.000	1.000	5534.840	0.000	5333.333	5555.556	1.000	0.000	0.000
31036.000	384.000	383.000	1.000	6311.890	0.000	6060.606	6349.206	1.000	0.000	0.000
31037.000	354.000	353.000	1.000	7222.411	0.000	7017.544	7407.407	1.000	0.000	0.000
31038.000	373.000	372.000	1.000	10237.057	0.000	9523.810	10256.410	1.000	0.000	0.000
31039.000	1.000	0.000	1.000	385923.905	0.000	133333.333	10000000000.000	1.000	0.000	0.000
31040.000	855.000	854.000	2.000	4289.301	0.000	0.000	4301.075	1.000	0.000	0.000
31041.000	1282.000	1281.000	2.000	4596.231	0.000	4444.444	4597.701	1.000	0.000	0.000
31042.000	453.000	452.000	1.000	5030.328	0.000	4848.485	5031.447	1.000	0.000	0.000
31043.000	420.000	419.000	1.000	5529.006	0.000	5333.333	5555.556	1.000	0.000	0.000
31044.000	380.000	379.000	1.000	6336.337	0.000	6060.606	6349.206	1.000	0.000	0.000
31045.000	688.000	686.000	2.000	7072.238	0.000	7017.544	7407.407	1.000	0.000	0.000
31046.000	292.000	291.000	1.000	9823.065	0.000	9523.810	10256.410	1.000	0.000	0.000
31047.000	1.000	0.000	1.000	265550.744	0.000	133333.333	10000000000.000	1.000	0.000	0.000
31048.000	756.000	755.000	1.000	4289.043	0.000	0.000	4301.075	1.000	0.000	0.000
31049.000	832.000	831.000	1.000	4565.577	0.000	4444.444	4597.701	1.000	0.000	0.000
31050.000	488.000	487.000	1.000	5015.486	0.000	4848.485	5031.447	1.000	0.000	0.000
31051.000	419.000	418.000	1.000	5497.510	0.000	5333.333	5555.556	1.000	0.000	0.000
31052.000	386.000	385.000	1.000	6275.623	0.000	6060.606	6349.206	1.000	0.000	0.000
31053.000	350.000	349.000	1.000	7394.185	0.000	7017.544	7407.407	1.000	0.000	0.000
31054.000	333.000	332.000	1.000	9939.825	0.000	9523.810	10256.410	1.000	0.000	0.000
31055.000	1.000	0.000	1.000	176567.159	0.000	133333.333	10000000000.000	1.000	0.000	0.000
31056.000	675.000	674.000	1.000	4592.807	0.000	4444.444	4597.701	1.000	0.000	0.000
31057.000	475.000	474.000	1.000	5026.096	0.000	4848.485	5031.447	1.000	0.000	0.000
31058.000	421.000	420.000	1.000	5515.042	0.000	5333.333	5555.556	1.000	0.000	0.000
31059.000	394.000	393.000	1.000	6244.871	0.000	6060.606	6349.206	1.000	0.000	0.000
31060.000	346.000	345.000	1.000	7277.371	0.000	7017.544	7407.407	1.000	0.000	0.000
31061.000	324.000	323.000	1.000	9590.161	0.000	9523.810	10256.410	1.000	0.000	0.000
31062.000	1.000	0.000	1.000	287420.655	0.000	133333.333	10000000000.000	1.000	0.000	0.000
31063.000	3960.000	3959.000	5.000	4295.528	0.000	0.000	4301.075	1.000	0.000	0.000
31064.000	517.000	516.000	1.000	4590.900	0.000	4444.444	4597.701	1.000	0.000	0.000
31065.000	1322.000	1321.000	2.000	5024.951	0.000	4848.485	5031.447	1.000	0.000	0.000
31066.000	418.000	417.000	1.000	5546.961	0.000	5333.333	5555.556	1.000	0.000	0.000
31067.000	385.000	384.000	1.000	6295.928	0.000	6060.606	6349.206	1.000	0.000	0.000
31068.000	351.000	350.000	1.000	7345.763	0.000	7017.544	7407.407	1.000	0.000	0.000
31069.000	298.000	297.000	1.000	10220.355	0.000	9523.810	10256.410	1.000	0.000	0.000
31070.000	2.000	0.000	2.000	139179.376	0.000	133333.333	10000000000.000	1.000	0.000	0.000
31071.000	1445.000	1444.000	2.000	4297.955	0.000	0.000	4301.075	1.000	0.000	0.000
31072.000	660.000	659.000	1.000	4580.316	0.000	4444.444	4597.701	1.000	0.000	0.000
31073.000	470.000	469.000	1.000	5009.830	0.000	4848.485	5031.447	1.000	0.000	0.000
31074.000	427.000	426.000	1.000	5540.634	0.000	5333.333	5555.556	1.000	0.000	0.000
31075.000	403.000	402.000	1.000	6331.062	0.000	6060.606	6349.206	1.000	0.000	0.000
31076.000	362.000	361.000	1.000	7297.421	0.000	7017.544	7407.407	1.000	0.000	0.000
31077.000	308.000	307.000	1.000	9642.705	0.000	9523.810	10256.410	1.000	0.000	0.000
31078.000	1.000	0.000	1.000	143864.679	0.000	133333.333	10000000000.000	1.000	0.000	0.000
31079.000	730.000	729.000	1.000	4247.212	0.000	0.000	4301.075	1.000	0.000	0.000
31080.000	754.000	753.000	1.000	4585.581	0.000	4444.444	4597.701	1.000	0.000	0.000
31081.000	497.000	496.000	1.000	5023.291	0.000	4848.485	5031.447	1.000	0.000	0.000
31082.000	444.000	443.000	1.000	5540.264	0.000	5333.333	5555.556	1.000	0.000	0.000
31083.000	404.000	403.000	1.000	6323.820	0.000	6060.606	6349.206	1.000	0.000	0.000
31084.000	345.000	344.000	1.000	7374.474	0.000	7017.544	7407.407	1.000	0.000	0.000
31085.000	312.000	311.000	1.000	9885.293	0.000	9523.810	10256.410	1.000	0.000	0.000
31086.000	1.000	0.000	1.000	913923.345	0.000	133333.333	10000000000.000	1.000	0.000	0.000
31087.000	2282.000	2281.000	3.000	4300.312	0.000	0.000	4301.075	1.000	0.000	0.000
31088.000	442.000	441.000	1.000	5022.255	0.000	4848.485	5031.447	1.000	0.000	0.000
31089.000	1362.000	1359.000	3.000	5547.667	0.000	5333.333	5555.556	1.000	0.000	0.000
31090.000	391.000	390.000	1.000	6304.704	0.000	6060.606	6349.206	1.000	0.000	0.000
31091.000	415.000	414.000	1.000	7347.018	0.000	7017.544	7407.407	1.000	0.000	0.000
31092.000	309.000	308.000	1.000	10245.459	0.000	9523.810	10256.410	1.000	0.000	0.000
31093.000	2.000	0.000	2.000	275159.072	0.000	133333.333	10000000000.000	1.000	0.000	0.000
31094.000	2234.000	2233.000	3.000	4286.873	0.000	0.000	4301.075	1.000	0.000	0.000
31095.000	656.000	655.000	1.000	4530.909	0.000	4444.444	4597.701	1.000	0.000	0.000
31096.000	831.000	830.000	1.000	5014.006	0.000	4848.485	5031.447	1.000	0.000	0.000
31097.000	430.000	429.000	1.000	5546.581	0.000	5333.333	5555.556	1.000	0.000	0.000
31098.000	365.000	364.000	1.000	6286.417	0.000	6060.606	6349.206	1.000	0.000	0.000
31099.000	370.000	369.000	1.000	7367.689	0.000	7017.544	7407.407	1.000	0.000	0.000
31100.000	298.000	297.000	1.000	10006.706	0.000	9523.810	10256.410	1.000	0.000	0.000
31101.000	2.000	0.000	2.000	341500.476	0.000	133333.333	10000000000.000	1.000	0.000	0.000
31102.000	1449.000	1448.000	2.000	4286.177	0.000	0.000	4301.075	1.000	0.000	0.000
31103.000	773.000	772.000	1.000	4524.711	0.000	4444.444	4597.701	1.000	0.000	0.000
31104.000	748.000	747.000	1.000	4919.816	0.000	4848.485	5031.447	1.000	0.000	0.000
31105.000	445.000	444.000	1.000	5522.641	0.000	5333.333	5555.556	1.000	0.000	0.000
31106.000	387.000	386.000	1.000	6335.876	0.000	6060.606	6349.206	1.000	0.000	0.000
31107.000	334.000	333.000	1.000	7403.631	0.000	7017.544	7407.407	1.000	0.000	0.000
31108.000	302.000	301.000	1.000	10242.265	0.000	9523.810	10256.410	1.000	0.000	0.000
31109.000	1.000	0.000	1.000	280026.010	0.000	133333.333	10000000000.000	1.000	0.000	0.000
31110.000	852.000	851.000	2.000	4140.540	0.000	0.000	4301.075	1.000	0.000	0.000
31111.000	762.000	761.000	1.000	4575.461	0.000	4444.444	4597.701	1.000	0.000	0.000
31112.000	475.000	474.000	1.000	5001.227	0.000	4848.485	5031.447	1.000	0.000	0.000
31113.000	449.000	448.000	1.000	5543.659	0.000	5333.333	5555.556	1.000	0.000	0.000
31114.000	396.000	395.000	1.000	6234.241	0.000	6060.606	6349.206	1.000	0.000	0.000
31115.000	348.000	347.000	1.000	7311.668	0.000	7017.544	7407.407	1.000	0.000	0.000
31116.000	308.000	307.000	1.000	9782.371	0.000	9523.810	10256.410	1.000	0.000	0.000
31117.000	1.000	0.000	1.000	1382127.241	0.000	133333.333	10000000000.000	1.000	0.000	0.000
31118.000	814.000	813.000	1.000	4289.243	0.000	0.000	4301.075	1.000	0.000	0.000
31119.000	1372.000	1371.000	2.000	4587.363	0.000	4444.444	4597.701	1.000	0.000	0.000
31120.000	439.000	438.000	1.000	5509.590	0.000	5333.333	5555.556	1.000	0.000	0.000
31121.000	391.000	390.000	1.000	6333.710	0.000	6060.606	6349.206	1.000	0.000	0.000
31122.000	350.000	349.000	1.000	7335.444	0.000	7017.544	7407.407	1.000	0.000	0.000
31123.000	304.000	303.000	1.000	10244.555	0.000	9523.810	10256.410	1.000	0.000	0.000
31124.000	1.000	0.000	1.000	304667.902	0.000	133333.333	10000000000.000	1.000	0.000	0.000
31125.000	853.000	852.000	2.000	4273.214	0.000	0.000	4301.075	1.000	0.000	0.000
31126.000	650.000	649.000	1.000	4585.865	0.000	4444.444	4597.701	1.000	0.000	0.000
31127.000	499.000	498.000	1.000	5009.074	0.000	4848.485	5031.447	1.000	0.000	0.000
31128.000	429.000	428.000	1.000	5548.047	0.000	5333.333	5555.556	1.000	0.000	0.000
31129.000	407.000	406.000	1.000	6312.119	0.000	6060.606	6349.206	1.000	0.000	0.000
31130.000	361.000	360.000	1.000	7321.705	0.000	7017.544	7407.407	1.000	0.000	0.000
31131.000	290.000	289.000	1.000	10149.769	0.000	9523.810	10256.410	1.000	0.000	0.000
31132.000	1.000	0.000	1.000	205921.941	0.000	133333.333	10000000000.000	1.000	0.000	0.000
31133.000	1756.000	1755.000	3.000	4295.326	0.000	0.000	4301.075	1.000	0.000	0.000
31134.000	756.000	755.000	1.000	4588.227	0.000	4444.444	4597.701	1.000	0.000	0.000
31135.000	497.000	496.000	1.000	4957.794	0.000	4848.485	5031.447	1.000	0.000	0.000
31136.000	447.000	446.000	1.000	5534.787	0.000	5333.333	5555.556	1.000	0.000	0.000
31137.000	411.000	410.000	1.000	6187.339	0.000	6060.606	6349.206	1.000	0.000	0.000
31138.000	345.000	344.000	1.000	7343.425	0.000	7017.544	7407.407	1.000	0.000	0.000
31139.000	553.000	551.000	2.000	9879.124	0.000	9523.810	10256.410	1.000	0.000	0.000
31140.000	1.000	0.000	1.000	151849.146	0.000	133333.333	10000000000.000	1.000	0.000	0.000
31141.000	2273.000	2272.000	3.000	4285.966	0.000	0.000	4301.075	1.000	0.000	0.000
31142.000	706.000	705.000	1.000	4578.239	0.000	4444.444	4597.701	1.000	0.000	0.000
31143.000	457.000	456.000	1.000	5021.575	0.000	4848.485	5031.447	1.000	0.000	0.000
31144.000	409.000	408.000	1.000	5546.722	0.000	5333.333	5555.556	1.000	0.000	0.000
31145.000	395.000	394.000	1.000	6307.478	0.000	6060.606	6349.206	1.000	0.000	0.000
31146.000	382.000	381.000	1.000	7191.215	0.000	7017.544	7407.407	1.000	0.000	0.000
31147.000	283.000	282.000	1.000	10160.013	0.000	9523.810	10256.410	1.000	0.000	0.000
31148.000	2.000	0.000	2.000	770566.867	0.000	133333.333	10000000000.000	1.000	0.000	0.000
31149.000	852.000	851.000	2.000	4001.039	0.000	0.000	4301.075	1.000	0.000	0.000
31150.000	615.000	614.000	1.000	4493.104	0.000	4444.444	4597.701	1.000	0.000	0.000
31151.000	479.000	478.000	1.000	5020.438	0.000	4848.485	5031.447	1.000	0.000	0.000
31152.000	398.000	397.000	1.000	6331.223	0.000	6060.606	6349.206	1.000	0.000	0.000
31153.000	360.000	359.000	1.000	7403.096	0.000	7017.544	7407.407	1.000	0.000	0.000
31154.000	296.000	295.000	1.000	9884.844	0.000	9523.810	10256.410	1.000	0.000	0.000
31155.000	2.000	0.000	2.000	347913.629	0.000	133333.333	10000000000.000	1.000	0.000	0.000
31156.000	1414.000	1413.000	2.000	4289.127	0.000	0.000	4301.075	1.000	0.000	0.000
31157.000	1333.000	1332.000	2.000	4578.763	0.000	4444.444	4597.701	1.000	0.000	0.000
31158.000	448.000	447.000	1.000	5031.251	0.000	4848.485	5031.447	1.000	0.000	0.000
31159.000	448.000	447.000	1.000	5524.718	0.000	5333.333	5555.556	1.000	0.000	0.000
31160.000	374.000	373.000	1.000	6242.475	0.000	6060.606	6349.206	1.000	0.000	0.000
31161.000	403.000	402.000	1.000	7330.365	0.000	7017.544	7407.407	1.000	0.000	0.000
31162.000	305.000	304.000	1.000	10127.192	0.000	9523.810	10256.410	1.000	0.000	0.000
31163.000	2.000	0.000	2.000	260681.354	0.000	133333.333	10000000000.000	1.000	0.000	0.000
31164.000	735.000	734.000	1.000	4284.358	0.000	0.000	4301.075	1.000	0.000	0.000
31165.000	817.000	816.000	1.000	4585.303	0.000	4444.444	4597.701	1.000	0.000	0.000
31166.000	454.000	453.000	1.000	5026.611	0.000	4848.485	5031.447	1.000	0.000	0.000
31167.000	430.000	429.000	1.000	5537.348	0.000	5333.333	5555.556	1.000	0.000	0.000
31168.000	571.000	569.000	2.000	6319.747	0.000	6060.606	6349.206	1.000	0.000	0.000
31169.000	357.000	356.000	1.000	7354.372	0.000	7017.544	7407.407	1.000	0.000	0.000
31170.000	309.000	308.000	1.000	9766.078	0.000	9523.810	10256.410	1.000	0.000	0.000
31171.000	2.000	0.000	2.000	139173.815	0.000	133333.333	10000000000.000	1.000	0.000	0.000
31172.000	706.000	705.000	1.000	4255.431	0.000	0.000	4301.075	1.000	0.000	0.000
31173.000	793.000	792.000	1.000	4590.579	0.000	4444.444	4597.701	1.000	0.000	0.000
31174.000	727.000	726.000	1.000	4918.670	0.000	4848.485	5031.447	1.000	0.000	0.000
31175.000	437.000	436.000	1.000	5517.392	0.000	5333.333	5555.556	1.000	0.000	0.000
31176.000	375.000	374.000	1.000	6325.256	0.000	6060.606	6349.206	1.000	0.000	0.000
31177.000	345.000	344.000	1.000	7398.834	0.000	7017.544	7407.407	1.000	0.000	0.000
31178.000	333.000	332.000	1.000	10016.433	0.000	9523.810	10256.410	1.000	0.000	0.000
31179.000	1.000	0.000	1.000	1588941.655	0.000	133333.333	10000000000.000	1.000	0.000	0.000
31180.000	1418.000	1417.000	2.000	4288.456	0.000	0.000	4301.075	1.000	0.000	0.000
31181.000	1376.000	1375.000	2.000	4586.330	0.000	4444.444	4597.701	1.000	0.000	0.000
31182.000	502.000	501.000	1.000	5011.423	0.000	4848.485	5031.447	1.000	0.000	0.000
31183.000	444.000	443.000	1.000	5528.409	0.000	5333.333	5555.556	1.000	0.000	0.000
31184.000	348.000	347.000	1.000	7356.329	0.000	7017.544	7407.407	1.000	0.000	0.000
31185.000	317.000	316.000	1.000	10185.208	0.000	9523.810	10256.410	1.000	0.000	0.000
31186.000	1.000	0.000	1.000	202710.029	0.000	133333.333	10000000000.000	1.000	0.000	0.000
31187.000	1514.000	1513.000	2.000	4301.007	0.000	0.000	4301.075	1.000	0.000	0.000
31188.000	537.000	536.000	1.000	4585.074	0.000	4444.444	4597.701	1.000	0.000	0.000
31189.000	455.000	454.000	1.000	4988.784	0.000	4848.485	5031.447	1.000	0.000	0.000
31190.000	428.000	427.000	1.000	5524.271	0.000	5333.333	5555.556	1.000	0.000	0.000
31191.000	381.000	380.000	1.000	6315.496	0.000	6060.606	6349.206	1.000	0.000	0.000
31192.000	365.000	364.000	1.000	7279.257	0.000	7017.544	7407.407	1.000	0.000	0.000
31193.000	389.000	388.000	1.000	9849.789	0.000	9523.810	10256.410	1.000	0.000	0.000
31194.000	4.000	0.000	4.000	147215.177	0.000	133333.333	10000000000.000	1.000	0.000	0.000
31195.000	1523.000	1522.000	2.000	4290.548	0.000	0.000	4301.075	1.000	0.000	0.000
31196.000	752.000	751.000	1.000	4564.990	0.000	4444.444	4597.701	1.000	0.000	0.000
31197.000	491.000	490.000	1.000	4982.347	0.000	4848.485	5031.447	1.000	0.000	0.000
31198.000	420.000	419.000	1.000	5536.045	0.000	5333.333	5555.556	1.000	0.000	0.000
31199.000	417.000	416.000	1.000	6168.392	0.000	6060.606	6349.206	1.000	0.000	0.000
31200.000	338.000	337.000	1.000	7369.887	0.000	7017.544	7407.407	1.000	0.000	0.000
31201.000	303.000	302.000	1.000	10164.668	0.000	9523.810	10256.410	1.000	0.000	0.000
31202.000	1.000	0.000	1.000	165053.730	0.000	133333.333	10000000000.000	1.000	0.000	0.000
31203.000	1440.000	1439.000	2.000	4292.198	0.000	0.000	4301.075	1.000	0.000	0.000
31204.000	852.000	851.000	2.000	4529.053	0.000	4444.444	4597.701	1.000	0.000	0.000
31205.000	547.000	546.000	1.000	5017.610	0.000	4848.485	5031.447	1.000	0.000	0.000
31206.000	439.000	438.000	1.000	5551.664	0.000	5333.333	5555.556	1.000	0.000	0.000
31207.000	389.000	388.000	1.000	6295.155	0.000	6060.606	6349.206	1.000	0.000	0.000
31208.000	645.000	643.000	2.000	7404.292	0.000	7017.544	7407.407	1.000	0.000	0.000
31209.000	308.000	307.000	1.000	10014.216	0.000	9523.810	10256.410	1.000	0.000	0.000
31210.000	1.000	0.000	1.000	1892912.672	0.000	133333.333	10000000000.000	1.000	0.000	0.000
31211.000	747.000	746.000	1.000	4285.507	0.000	0.000	4301.075	1.000	0.000	0.000
31212.000	1344.000	1343.000	2.000	4597.068	0.000	4444.444	4597.701	1.000	0.000	0.000
31213.000	699.000	698.000	1.000	4982.347	0.000	4848.485	5031.447	1.000	0.000	0.000
31214.000	407.000	406.000	1.000	5533.679	0.000	5333.333	5555.556	1.000	0.000	0.000
31215.000	390.000	389.000	1.000	6310.221	0.000	6060.606	6349.206	1.000	0.000	0.000
31216.000	308.000	307.000	1.000	10042.628	0.000	9523.810	10256.410	1.000	0.000	0.000
31217.000	1.000	0.000	1.000	296296.340	0.000	133333.333	10000000000.000	1.000	0.000	0.000
31218.000	2308.000	2307.000	3.000	4294.733	0.000	0.000	4301.075	1.000	0.000	0.000
31219.000	852.000	851.000	2.000	4522.050	0.000	4444.444	4597.701	1.000	0.000	0.000
31220.000	482.000	481.000	1.000	5022.820	0.000	4848.485	5031.447	1.000	0.000	0.000
31221.000	447.000	446.000	1.000	5526.778	0.000	5333.333	5555.556	1.000	0.000	0.000
31222.000	428.000	427.000	1.000	6324.877	0.000	6060.606	6349.206	1.000	0.000	0.000
31223.000	369.000	368.000	1.000	7210.330	0.000	7017.544	7407.407	1.000	0.000	0.000
31224.000	304.000	303.000	1.000	9909.959	0.000	9523.810	10256.410	1.000	0.000	0.000
31225.000	4.000	0.000	4.000	363338.546	0.000	133333.333	10000000000.000	1.000	0.000	0.000
31226.000	2352.000	2351.000	3.000	4298.751	0.000	0.000	4301.075	1.000	0.000	0.000
31227.000	545.000	544.000	1.000	4594.703	0.000	4444.444	4597.701	1.000	0.000	0.000
31228.000	475.000	474.000	1.000	5028.143	0.000	4848.485	5031.447	1.000	0.000	0.000
31229.000	429.000	428.000	1.000	5555.259	0.000	5333.333	5555.556	1.000	0.000	0.000
31230.000	393.000	392.000	1.000	6335.507	0.000	6060.606	6349.206	1.000	0.000	0.000
31231.000	354.000	353.000	1.000	7379.396	0.000	7017.544	7407.407	1.000	0.000	0.000
31232.000	324.000	323.000	1.000	9961.373	0.000	9523.810	10256.410	1.000	0.000	0.000
31233.000	1.000	0.000	1.000	343555.272	0.000	133333.333	10000000000.000	1.000	0.000	0.000
31234.000	560.000	559.000	1.000	4290.934	0.000	0.000	4301.075	1.000	0.000	0.000
31235.000	794.000	784.000	10.000	3844.798	0.000	4444.444	4597.701	0.000	0.000	0.000
31236.000	805.000	804.000	1.000	4962.350	0.000	4848.485	5031.447	1.000	0.000	0.000
31237.000	429.000	428.000	1.000	5535.562	0.000	5333.333	5555.556	1.000	0.000	0.000
31238.000	387.000	386.000	1.000	6257.560	0.000	6060.606	6349.206	1.000	0.000	0.000
31239.000	346.000	345.000	1.000	7398.363	0.000	7017.544	7407.407	1.000	0.000	0.000
31240.000	314.000	313.000	1.000	10080.238	0.000	9523.810	10256.410	1.000	0.000	0.000
31241.000	1.000	0.000	1.000	586456.090	0.000	133333.333	10000000000.000	1.000	0.000	0.000
31242.000	852.000	851.000	2.000	4109.266	0.000	0.000	4301.075	1.000	0.000	0.000
31243.000	757.000	756.000	1.000	4481.224	0.000	4444.444	4597.701	1.000	0.000	0.000
31244.000	481.000	480.000	1.000	5015.197	0.000	4848.485	5031.447	1.000	0.000	0.000
31245.000	421.000	420.000	1.000	5482.600	0.000	5333.333	5555.556	1.000	0.000	0.000
31246.000	390.000	389.000	1.000	6257.695	0.000	6060.606	6349.206	1.000	0.000	0.000
31247.000	350.000	349.000	1.000	7382.634	0.000	7017.544	7407.407	1.000	0.000	0.000
31248.000	1.000	0.000	1.000	137183.973	0.000	133333.333	10000000000.000	1.000	0.000	0.000
31249.000	2283.000	2282.000	3.000	4295.321	0.000	0.000	4301.075	1.000	0.000	0.000
31250.000	493.000	492.000	1.000	4591.935	0.000	4444.444	4597.701	1.000	0.000	0.000
31251.000	750.000	749.000	1.000	4994.399	0.000	4848.485	5031.447	1.000	0.000	0.000
31252.000	420.000	419.000	1.000	5512.240	0.000	5333.333	5555.556	1.000	0.000	0.000
31253.000	380.000	379.000	1.000	6308.609	0.000	6060.606	6349.206	1.000	0.000	0.000
31254.000	354.000	353.000	1.000	7293.112	0.000	7017.544	7407.407	1.000	0.000	0.000
31255.000	301.000	300.000	1.000	9952.464	0.000	9523.810	10256.410	1.000	0.000	0.000
31256.000	2.000	0.000	2.000	282364.290	0.000	133333.333	10000000000.000	1.000	0.000	0.000
31257.000	8260.000	8259.000	10.000	4281.566	0.000	0.000	4301.075	1.000	0.000	0.000
31258.000	1364.000	1363.000	2.000	4597.293	0.000	4444.444	4597.701	1.000	0.000	0.000
31259.000	842.000	841.000	1.000	4990.943	0.000	4848.485	5031.447	1.000	0.000	0.000
31260.000	416.000	415.000	1.000	5489.193	0.000	5333.333	5555.556	1.000	0.000	0.000
31261.000	394.000	393.000	1.000	6321.812	0.000	6060.606	6349.206	1.000	0.000	0.000
31262.000	350.000	349.000	1.000	7370.635	0.000	7017.544	7407.407	1.000	0.000	0.000
31263.000	311.000	310.000	1.000	9726.179	0.000	9523.810	10256.410	1.000	0.000	0.000
31264.000	2.000	0.000	2.000	258054.647	0.000	133333.333	10000000000.000	1.000	0.000	0.000
31265.000	672.000	671.000	1.000	4251.961	0.000	0.000	4301.075	1.000	0.000	0.000
31266.000	1352.000	1351.000	2.000	4565.708	0.000	4444.444	4597.701	1.000	0.000	0.000
31267.000	473.000	472.000	1.000	5014.461	0.000	4848.485	5031.447	1.000	0.000	0.000
31268.000	442.000	441.000	1.000	5488.596	0.000	5333.333	5555.556	1.000	0.000	0.000
31269.000	407.000	406.000	1.000	6292.561	0.000	6060.606	6349.206	1.000	0.000	0.000
31270.000	363.000	362.000	1.000	7264.772	0.000	7017.544	7407.407	1.000	0.000	0.000
31271.000	5.000	4.000	1.000	9982.844	0.000	9523.810	10256.410	1.000	0.000	0.000
31272.000	10.000	0.000	10.000	113986.253	0.000	133333.333	10000000000.000	0.000	0.000	0.000
31273.000	1442.000	1441.000	2.000	4284.774	0.000	0.000	4301.075	1.000	0.000	0.000
31274.000	1406.000	1405.000	2.000	4591.784	0.000	4444.444	4597.701	1.000	0.000	0.000
31275.000	814.000	813.000	1.000	4992.509	0.000	4848.485	5031.447	1.000	0.000	0.000
31276.000	555.000	554.000	1.000	5498.057	0.000	5333.333	5555.556	1.000	0.000	0.000
31277.000	384.000	383.000	1.000	6306.233	0.000	6060.606	6349.206	1.000	0.000	0.000
31278.000	361.000	360.000	1.000	7403.930	0.000	7017.544	7407.407	1.000	0.000	0.000
31279.000	286.000	285.000	1.000	9820.988	0.000	9523.810	10256.410	1.000	0.000	0.000
31280.000	1484.000	1483.000	2.000	4292.272	0.000	0.000	4301.075	1.000	0.000	0.000
31281.000	513.000	512.000	1.000	4595.861	0.000	4444.444	4597.701	1.000	0.000	0.000
31282.000	442.000	441.000	1.000	5008.649	0.000	4848.485	5031.447	1.000	0.000	0.000
31283.000	440.000	439.000	1.000	5551.195	0.000	5333.333	5555.556	1.000	0.000	0.000
31284.000	397.000	396.000	1.000	6320.481	0.000	6060.606	6349.206	1.000	0.000	0.000
31285.000	356.000	355.000	1.000	7220.614	0.000	7017.544	7407.407	1.000	0.000	0.000
31286.000	306.000	305.000	1.000	10043.381	0.000	9523.810	10256.410	1.000	0.000	0.000
31287.000	2.000	0.000	2.000	388680.196	0.000	133333.333	10000000000.000	1.000	0.000	0.000
31288.000	1380.000	1379.000	2.000	4297.515	0.000	0.000	4301.075	1.000	0.000	0.000
31289.000	883.000	882.000	2.000	4589.369	0.000	4444.444	4597.701	1.000	0.000	0.000
31290.000	450.000	449.000	1.000	4997.911	0.000	4848.485	5031.447	1.000	0.000	0.000
31291.000	430.000	429.000	1.000	5517.148	0.000	5333.333	5555.556	1.000	0.000	0.000
31292.000	388.000	387.000	1.000	6239.870	0.000	6060.606	6349.206	1.000	0.000	0.000
31293.000	388.000	387.000	1.000	7361.506	0.000	7017.544	7407.407	1.000	0.000	0.000
31294.000	311.000	310.000	1.000	10234.771	0.000	9523.810	10256.410	1.000	0.000	0.000
31295.000	1.000	0.000	1.000	237501.782	0.000	133333.333	10000000000.000	1.000	0.000	0.000
31296.000	861.000	860.000	2.000	4296.291	0.000	0.000	4301.075	1.000	0.000	0.000
31297.000	1397.000	1396.000	2.000	4593.019	0.000	4444.444	4597.701	1.000	0.000	0.000
31298.000	8510.000	8510.000	10.000	20067.550	0.000	4848.485	5031.447	0.000	0.000	0.000
31299.000	478.000	477.000	1.000	5435.940	0.000	5333.333	5555.556	1.000	0.000	0.000
31300.000	387.000	386.000	1.000	6285.317	0.000	6060.606	6349.206	1.000	0.000	0.000
31301.000	347.000	346.000	1.000	7388.303	0.000	7017.544	7407.407	1.000	0.000	0.000
31302.000	294.000	293.000	1.000	9915.630	0.000	9523.810	10256.410	1.000	0.000	0.000
31303.000	1.000	0.000	1.000	346701.507	0.000	133333.333	10000000000.000	1.000	0.000	0.000
31304.000	595.000	594.000	1.000	4299.032	0.000	0.000	4301.075	1.000	0.000	0.000
31305.000	1388.000	1387.000	2.000	4594.649	0.000	4444.444	4597.701	1.000	0.000	0.000
31306.000	845.000	844.000	1.000	5007.741	0.000	4848.485	5031.447	1.000	0.000	0.000
31307.000	444.000	443.000	1.000	5539.647	0.000	5333.333	5555.556	1.000	0.000	0.000
31308.000	388.000	387.000	1.000	6341.460	0.000	6060.606	6349.206	1.000	0.000	0.000
31309.000	333.000	332.000	1.000	7109.628	0.000	7017.544	7407.407	1.000	0.000	0.000
31310.000	305.000	304.000	1.000	10242.958	0.000	9523.810	10256.410	1.000	0.000	0.000
31311.000	2.000	0.000	2.000	283883.243	0.000	133333.333	10000000000.000	1.000	0.000	0.000
31312.000	1340.000	1339.000	2.000	4552.859	0.000	4444.444	4597.701	1.000	0.000	0.000
31313.000	817.000	816.000	1.000	5018.239	0.000	4848.485	5031.447	1.000	0.000	0.000
31314.000	438.000	437.000	1.000	5492.309	0.000	5333.333	5555.556	1.000	0.000	0.000
31315.000	382.000	381.000	1.000	6234.073	0.000	6060.606	6349.206	1.000	0.000	0.000
31316.000	357.000	356.000	1.000	7327.265	0.000	7017.544	7407.407	1.000	0.000	0.000
31317.000	672.000	670.000	2.000	10184.761	0.000	9523.810	10256.410	1.000	0.000	0.000
31318.000	1.000	0.000	1.000	351246.806	0.000	133333.333	10000000000.000	1.000	0.000	0.000
31319.000	841.000	840.000	1.000	4291.749	0.000	0.000	4301.075	1.000	0.000	0.000
31320.000	1317.000	1316.000	2.000	4597.208	0.000	4444.444	4597.701	1.000	0.000	0.000
31321.000	628.000	627.000	1.000	5030.067	0.000	4848.485	5031.447	1.000	0.000	0.000
31322.000	436.000	435.000	1.000	5518.205	0.000	5333.333	5555.556	1.000	0.000	0.000
31323.000	383.000	382.000	1.000	6324.877	0.000	6060.606	6349.206	1.000	0.000	0.000
31324.000	429.000	428.000	1.000	7348.661	0.000	7017.544	7407.407	1.000	0.000	0.000
31325.000	303.000	302.000	1.000	9836.909	0.000	9523.810	10256.410	1.000	0.000	0.000
31326.000	1.000	0.000	1.000	1014848.952	0.000	133333.333	10000000000.000	1.000	0.000	0.000
31327.000	2230.000	2229.000	3.000	4289.687	0.000	0.000	4301.075	1.000	0.000	0.000
31328.000	507.000	506.000	1.000	4596.783	0.000	4444.444	4597.701	1.000	0.000	0.000
31329.000	1352.000	1351.000	2.000	5003.669	0.000	4848.485	5031.447	1.000	0.000	0.000
31330.000	427.000	426.000	1.000	5518.922	0.000	5333.333	5555.556	1.000	0.000	0.000
31331.000	398.000	397.000	1.000	6324.670	0.000	6060.606	6349.206	1.000	0.000	0.000
31332.000	346.000	345.000	1.000	7259.049	0.000	7017.544	7407.407	1.000	0.000	0.000
31333.000	316.000	315.000	1.000	10078.517	0.000	9523.810	10256.410	1.000	0.000	0.000
31334.000	1.000	0.000	1.000	233803.023	0.000	133333.333	10000000000.000	1.000	0.000	0.000
31335.000	1445.000	1444.000	2.000	4290.908	0.000	0.000	4301.075	1.000	0.000	0.000
31336.000	1359.000	1358.000	2.000	4578.919	0.000	4444.444	4597.701	1.000	0.000	0.000
31337.000	1352.000	1351.000	2.000	5010.760	0.000	4848.485	5031.447	1.000	0.000	0.000
31338.000	451.000	450.000	1.000	5525.708	0.000	5333.333	5555.556	1.000	0.000	0.000
31339.000	381.000	380.000	1.000	6246.808	0.000	6060.606	6349.206	1.000	0.000	0.000
31340.000	358.000	357.000	1.000	7374.412	0.000	7017.544	7407.407	1.000	0.000	0.000
31341.000	308.000	307.000	1.000	10164.016	0.000	9523.810	10256.410	1.000	0.000	0.000
31342.000	1.000	0.000	1.000	499564.393	0.000	133333.333	10000000000.000	1.000	0.000	0.000
31343.000	1459.000	1458.000	2.000	4296.503	0.000	0.000	4301.075	1.000	0.000	0.000
31344.000	496.000	495.000	1.000	4953.866	0.000	4848.485	5031.447	1.000	0.000	0.000
31345.000	426.000	425.000	1.000	5506.915	0.000	5333.333	5555.556	1.000	0.000	0.000
31346.000	359.000	358.000	1.000	6276.946	0.000	6060.606	6349.206	1.000	0.000	0.000
31347.000	344.000	343.000	1.000	7319.981	0.000	7017.544	7407.407	1.000	0.000	0.000
31348.000	301.000	300.000	1.000	10074.873	0.000	9523.810	10256.410	1.000	0.000	0.000
31349.000	1.000	0.000	1.000	274551.752	0.000	133333.333	10000000000.000	1.000	0.000	0.000
31350.000	2306.000	2305.000	3.000	4296.916	0.000	0.000	4301.075	1.000	0.000	0.000
31351.000	769.000	768.000	1.000	4589.109	0.000	4444.444	4597.701	1.000	0.000	0.000
31352.000	1301.000	1300.000	2.000	5023.226	0.000	4848.485	5031.447	1.000	0.000	0.000
31353.000	416.000	415.000	1.000	5466.380	0.000	5333.333	5555.556	1.000	0.000	0.000
31354.000	409.000	408.000	1.000	6312.508	0.000	6060.606	6349.206	1.000	0.000	0.000
31355.000	370.000	369.000	1.000	7298.277	0.000	7017.544	7407.407	1.000	0.000	0.000
31356.000	311.000	310.000	1.000	9810.172	0.000	9523.810	10256.410	1.000	0.000	0.000
31357.000	1.000	0.000	1.000	323424.961	0.000	133333.333	10000000000.000	1.000	0.000	0.000
31358.000	3139.000	3138.000	4.000	4296.847	0.000	0.000	4301.075	1.000	0.000	0.000
31359.000	852.000	851.000	2.000	4500.250	0.000	4444.444	4597.701	1.000	0.000	0.000
31360.000	992.000	991.000	2.000	5029.609	0.000	4848.485	5031.447	1.000	0.000	0.000
31361.000	496.000	495.000	1.000	5545.600	0.000	5333.333	5555.556	1.000	0.000	0.000
31362.000	377.000	376.000	1.000	6344.671	0.000	6060.606	6349.206	1.000	0.000	0.000
31363.000	356.000	355.000	1.000	7377.661	0.000	7017.544	7407.407	1.000	0.000	0.000
31364.000	300.000	299.000	1.000	9833.660	0.000	9523.810	10256.410	1.000	0.000	0.000
31365.000	3.000	0.000	3.000	140612.187	0.000	133333.333	10000000000.000	1.000	0.000	0.000
31366.000	859.000	858.000	2.000	4291.712	0.000	0.000	4301.075	1.000	0.000	0.000
31367.000	781.000	780.000	1.000	4594.643	0.000	4444.444	4597.701	1.000	0.000	0.000
31368.000	470.000	469.000	1.000	5006.215	0.000	4848.485	5031.447	1.000	0.000	0.000
31369.000	436.000	435.000	1.000	5541.506	0.000	5333.333	5555.556	1.000	0.000	0.000
31370.000	470.000	469.000	1.000	6318.371	0.000	6060.606	6349.206	1.000	0.000	0.000
31371.000	327.000	326.000	1.000	7210.195	0.000	7017.544	7407.407	1.000	0.000	0.000
31372.000	320.000	319.000	1.000	10248.051	0.000	9523.810	10256.410	1.000	0.000	0.000
31373.000	1.000	0.000	1.000	358624.723	0.000	133333.333	10000000000.000	1.000	0.000	0.000
31374.000	1395.000	1394.000	2.000	4291.706	0.000	0.000	4301.075	1.000	0.000	0.000
31375.000	1404.000	1403.000	2.000	4596.207	0.000	4444.444	4597.701	1.000	0.000	0.000
31376.000	418.000	417.000	1.000	5527.216	0.000	5333.333	5555.556	1.000	0.000	0.000
31377.000	395.000	394.000	1.000	6343.284	0.000	6060.606	6349.206	1.000	0.000	0.000
31378.000	805.000	803.000	2.000	7258.792	0.000	7017.544	7407.407	1.000	0.000	0.000
31379.000	304.000	303.000	1.000	10145.807	0.000	9523.810	10256.410	1.000	0.000	0.000
31380.000	1.000	0.000	1.000	261857.271	0.000	133333.333	10000000000.000	1.000	0.000	0.000
31381.000	832.000	831.000	1.000	4278.973	0.000	0.000	4301.075	1.000	0.000	0.000
31382.000	697.000	696.000	1.000	4588.662	0.000	4444.444	4597.701	1.000	0.000	0.000
31383.000	469.000	468.000	1.000	4989.870	0.000	4848.485	5031.447	1.000	0.000	0.000
31384.000	440.000	439.000	1.000	5551.629	0.000	5333.333	5555.556	1.000	0.000	0.000
31385.000	392.000	391.000	1.000	6339.117	0.000	6060.606	6349.206	1.000	0.000	0.000
31386.000	368.000	367.000	1.000	7394.075	0.000	7017.544	7407.407	1.000	0.000	0.000
31387.000	320.000	319.000	1.000	9948.001	0.000	9523.810	10256.410	1.000	0.000	0.000
31388.000	2.000	0.000	2.000	139659.324	0.000	133333.333	10000000000.000	1.000	0.000	0.000
31389.000	3119.000	3118.000	4.000	4296.238	0.000	0.000	4301.075	1.000	0.000	0.000
31390.000	667.000	666.000	1.000	4581.407	0.000	4444.444	4597.701	1.000	0.000	0.000
31391.000	1311.000	1310.000	2.000	4995.560	0.000	4848.485	5031.447	1.000	0.000	0.000
31392.000	380.000	379.000	1.000	5509.171	0.000	5333.333	5555.556	1.000	0.000	0.000
31393.000	390.000	389.000	1.000	6344.602	0.000	6060.606	6349.206	1.000	0.000	0.000
31394.000	348.000	347.000	1.000	7113.287	0.000	7017.544	7407.407	1.000	0.000	0.000
31395.000	314.000	313.000	1.000	10246.634	0.000	9523.810	10256.410	1.000	0.000	0.000
31396.000	1.000	0.000	1.000	266750.674	0.000	133333.333	10000000000.000	1.000	0.000	0.000
31397.000	631.000	630.000	1.000	4298.374	0.000	0.000	4301.075	1.000	0.000	0.000
31398.000	687.000	686.000	1.000	4576.158	0.000	4444.444	4597.701	1.000	0.000	0.000
31399.000	500.000	499.000	1.000	5022.668	0.000	4848.485	5031.447	1.000	0.000	0.000
31400.000	446.000	445.000	1.000	5492.084	0.000	5333.333	5555.556	1.000	0.000	0.000
31401.000	388.000	387.000	1.000	6284.251	0.000	6060.606	6349.206	1.000	0.000	0.000
31402.000	338.000	337.000	1.000	7405.725	0.000	7017.544	7407.407	1.000	0.000	0.000
31403.000	312.000	311.000	1.000	10164.431	0.000	9523.810	10256.410	1.000	0.000	0.000
31404.000	1.000	0.000	1.000	1021396.360	0.000	133333.333	10000000000.000	1.000	0.000	0.000
31405.000	973.000	972.000	2.000	4293.129	0.000	0.000	4301.075	1.000	0.000	0.000
31406.000	609.000	608.000	1.000	4588.553	0.000	4444.444	4597.701	1.000	0.000	0.000
31407.000	500.000	499.000	1.000	5014.497	0.000	4848.485	5031.447	1.000	0.000	0.000
31408.000	1372.000	1369.000	3.000	6117.740	0.000	6060.606	6349.206	1.000	0.000	0.000
31409.000	339.000	338.000	1.000	7214.422	0.000	7017.544	7407.407	1.000	0.000	0.000
31410.000	311.000	310.000	1.000	9875.903	0.000	9523.810	10256.410	1.000	0.000	0.000
31411.000	3.000	0.000	3.000	685083.096	0.000	133333.333	10000000000.000	1.000	0.000	0.000
31412.000	852.000	851.000	2.000	4157.984	0.000	0.000	4301.075	1.000	0.000	0.000
31413.000	677.000	676.000	1.000	4548.227	0.000	4444.444	4597.701	1.000	0.000	0.000
31414.000	842.000	841.000	1.000	5008.339	0.000	4848.485	5031.447	1.000	0.000	0.000
31415.000	435.000	434.000	1.000	5540.096	0.000	5333.333	5555.556	1.000	0.000	0.000
31416.000	388.000	387.000	1.000	6286.474	0.000	6060.606	6349.206	1.000	0.000	0.000
31417.000	351.000	350.000	1.000	7328.021	0.000	7017.544	7407.407	1.000	0.000	0.000
31418.000	300.000	299.000	1.000	9731.261	0.000	9523.810	10256.410	1.000	0.000	0.000
31419.000	7.000	0.000	7.000	162360.797	0.000	133333.333	10000000000.000	1.000	0.000	0.000
31420.000	2268.000	2267.000	3.000	4297.600	0.000	0.000	4301.075	1.000	0.000	0.000
31421.000	500.000	499.000	1.000	4583.179	0.000	4444.444	4597.701	1.000	0.000	0.000
31422.000	519.000	518.000	1.000	5017.553	0.000	4848.485	5031.447	1.000	0.000	0.000
31423.000	417.000	416.000	1.000	5501.653	0.000	5333.333	5555.556	1.000	0.000	0.000
31424.000	392.000	391.000	1.000	6243.863	0.000	6060.606	6349.206	1.000	0.000	0.000
31425.000	336.000	335.000	1.000	7348.196	0.000	7017.544	7407.407	1.000	0.000	0.000
31426.000	303.000	302.000	1.000	10189.201	0.000	9523.810	10256.410	1.000	0.000	0.000
31427.000	1.000	0.000	1.000	272831.234	0.000	133333.333	10000000000.000	1.000	0.000	0.000
31428.000	782.000	781.000	1.000	4298.491	0.000	0.000	4301.075	1.000	0.000	0.000
31429.000	1387.000	1386.000	2.000	4583.035	0.000	4444.444	4597.701	1.000	0.000	0.000
31430.000	477.000	476.000	1.000	5014.049	0.000	4848.485	5031.447	1.000	0.000	0.000
31431.000	433.000	432.000	1.000	5488.907	0.000	5333.333	5555.556	1.000	0.000	0.000
31432.000	392.000	391.000	1.000	6253.414	0.000	6060.606	6349.206	1.000	0.000	0.000
31433.000	347.000	346.000	1.000	7383.088	0.000	7017.544	7407.407	1.000	0.000	0.000
31434.000	312.000	311.000	1.000	10023.178	0.000	9523.810	10256.410	1.000	0.000	0.000
31435.000	3.000	0.000	3.000	201025.264	0.000	133333.333	10000000000.000	1.000	0.000	0.000
31436.000	1477.000	1476.000	2.000	4296.190	0.000	0.000	4301.075	1.000	0.000	0.000
31437.000	1398.000	1397.000	2.000	4589.841	0.000	4444.444	4597.701	1.000	0.000	0.000
31438.000	820.000	819.000	1.000	4952.669	0.000	4848.485	5031.447	1.000	0.000	0.000
31439.000	435.000	434.000	1.000	5545.000	0.000	5333.333	5555.556	1.000	0.000	0.000
31440.000	355.000	354.000	1.000	7247.448	0.000	7017.544	7407.407	1.000	0.000	0.000
31441.000	297.000	296.000	1.000	9942.577	0.000	9523.810	10256.410	1.000	0.000	0.000
31442.000	1.000	0.000	1.000	171094.159	0.000	133333.333	10000000000.000	1.000	0.000	0.000
31443.000	797.000	796.000	1.000	4292.685	0.000	0.000	4301.075	1.000	0.000	0.000
31444.000	839.000	838.000	1.000	4565.253	0.000	4444.444	4597.701	1.000	0.000	0.000
31445.000	472.000	471.000	1.000	5030.685	0.000	4848.485	5031.447	1.000	0.000	0.000
31446.000	435.000	434.000	1.000	5535.183	0.000	5333.333	5555.556	1.000	0.000	0.000
31447.000	414.000	413.000	1.000	6181.222	0.000	6060.606	6349.206	1.000	0.000	0.000
31448.000	370.000	369.000	1.000	7259.306	0.000	7017.544	7407.407	1.000	0.000	0.000
31449.000	315.000	314.000	1.000	9649.276	0.000	9523.810	10256.410	1.000	0.000	0.000
31450.000	1.000	0.000	1.000	205909.767	0.000	133333.333	10000000000.000	1.000	0.000	0.000
31451.000	668.000	667.000	1.000	4253.057	0.000	0.000	4301.075	1.000	0.000	0.000
31452.000	1365.000	1364.000	2.000	4596.346	0.000	4444.444	4597.701	1.000	0.000	0.000
31453.000	1311.000	1310.000	2.000	4987.219	0.000	4848.485	5031.447	1.000	0.000	0.000
31454.000	443.000	442.000	1.000	5487.420	0.000	5333.333	5555.556	1.000	0.000	0.000
31455.000	387.000	386.000	1.000	6345.318	0.000	6060.606	6349.206	1.000	0.000	0.000
31456.000	352.000	351.000	1.000	7405.977	0.000	7017.544	7407.407	1.000	0.000	0.000
31457.000	305.000	304.000	1.000	9874.503	0.000	9523.810	10256.410	1.000	0.000	0.000
31458.000	1.000	0.000	1.000	493267.662	0.000	133333.333	10000000000.000	1.000	0.000	0.000
31459.000	752.000	751.000	1.000	4294.034	0.000	0.000	4301.075	1.000	0.000	0.000
31460.000	667.000	666.000	1.000	4581.112	0.000	4444.444	4597.701	1.000	0.000	0.000
31461.000	821.000	820.000	1.000	4977.555	0.000	4848.485	5031.447	1.000	0.000	0.000
31462.000	407.000	406.000	1.000	5540.995	0.000	5333.333	5555.556	1.000	0.000	0.000
31463.000	387.000	386.000	1.000	6316.641	0.000	6060.606	6349.206	1.000	0.000	0.000
31464.000	357.000	356.000	1.000	7260.502	0.000	7017.544	7407.407	1.000	0.000	0.000
31465.000	297.000	296.000	1.000	9869.914	0.000	9523.810	10256.410	1.000	0.000	0.000
31466.000	1.000	0.000	1.000	590032.646	0.000	133333.333	10000000000.000	1.000	0.000	0.000
31467.000	824.000	823.000	1.000	4265.270	0.000	0.000	4301.075	1.000	0.000	0.000
31468.000	721.000	720.000	1.000	4562.616	0.000	4444.444	4597.701	1.000	0.000	0.000
31469.000	498.000	497.000	1.000	5018.594	0.000	4848.485	5031.447	1.000	0.000	0.000
31470.000	437.000	436.000	1.000	5543.720	0.000	5333.333	5555.556	1.000	0.000	0.000
31471.000	403.000	402.000	1.000	6347.400	0.000	6060.606	6349.206	1.000	0.000	0.000
31472.000	903.000	900.000	3.000	9886.443	0.000	9523.810	10256.410	1.000	0.000	0.000
31473.000	2.000	0.000	2.000	148413.323	0.000	133333.333	10000000000.000	1.000	0.000	0.000
31474.000	1515.000	1514.000	2.000	4298.990	0.000	0.000	4301.075	1.000	0.000	0.000
31475.000	1366.000	1365.000	2.000	4586.136	0.000	4444.444	4597.701	1.000	0.000	0.000
31476.000	484.000	483.000	1.000	5029.675	0.000	4848.485	5031.447	1.000	0.000	0.000
31477.000	423.000	422.000	1.000	5549.488	0.000	5333.333	5555.556	1.000	0.000	0.000
31478.000	397.000	396.000	1.000	6318.050	0.000	6060.606	6349.206	1.000	0.000	0.000
31479.000	319.000	318.000	1.000	7329.779	0.000	7017.544	7407.407	1.000	0.000	0.000
31480.000	308.000	307.000	1.000	10106.592	0.000	9523.810	10256.410	1.000	0.000	0.000
31481.000	1.000	0.000	1.000	518066.770	0.000	133333.333	10000000000.000	1.000	0.000	0.000
31482.000	1410.000	1409.000	2.000	4291.103	0.000	0.000	4301.075	1.000	0.000	0.000
31483.000	1430.000	1429.000	2.000	4594.849	0.000	4444.444	4597.701	1.000	0.000	0.000
31484.000	472.000	471.000	1.000	5026.742	0.000	4848.485	5031.447	1.000	0.000	0.000
31485.000	426.000	425.000	1.000	5485.605	0.000	5333.333	5555.556	1.000	0.000	0.000
31486.000	387.000	386.000	1.000	6331.465	0.000	6060.606	6349.206	1.000	0.000	0.000
31487.000	364.000	363.000	1.000	7274.817	0.000	7017.544	7407.407	1.000	0.000	0.000
31488.000	313.000	312.000	1.000	10228.279	0.000	9523.810	10256.410	1.000	0.000	0.000
31489.000	2.000	0.000	2.000	196955.651	0.000	133333.333	10000000000.000	1.000	0.000	0.000
31490.000	852.000	851.000	2.000	4023.832	0.000	0.000	4301.075	1.000	0.000	0.000
31491.000	654.000	653.000	1.000	4586.765	0.000	4444.444	4597.701	1.000	0.000	0.000
31492.000	439.000	438.000	1.000	5026.481	0.000	4848.485	5031.447	1.000	0.000	0.000
31493.000	446.000	445.000	1.000	5534.955	0.000	5333.333	5555.556	1.000	0.000	0.000
31494.000	390.000	389.000	1.000	6251.596	0.000	6060.606	6349.206	1.000	0.000	0.000
31495.000	351.000	350.000	1.000	7374.084	0.000	7017.544	7407.407	1.000	0.000	0.000
31496.000	304.000	303.000	1.000	10137.568	0.000	9523.810	10256.410	1.000	0.000	0.000
31497.000	1.000	0.000	1.000	428198.074	0.000	133333.333	10000000000.000	1.000	0.000	0.000
31498.000	914.000	913.000	2.000	4300.954	0.000	0.000	4301.075	1.000	0.000	0.000
31499.000	664.000	663.000	1.000	4518.454	0.000	4444.444	4597.701	1.000	0.000	0.000
31500.000	655.000	654.000	1.000	4924.700	0.000	4848.485	5031.447	1.000	0.000	0.000
31501.000	420.000	419.000	1.000	5539.109	0.000	5333.333	5555.556	1.000	0.000	0.000
31502.000	408.000	407.000	1.000	6319.093	0.000	6060.606	6349.206	1.000	0.000	0.000
31503.000	338.000	337.000	1.000	7384.105	0.000	7017.544	7407.407	1.000	0.000	0.000
31504.000	1.000	0.000	1.000	1463428.754	0.000	133333.333	10000000000.000	1.000	0.000	0.000
31505.000	1414.000	1413.000	2.000	4293.410	0.000	0.000	4301.075	1.000	0.000	0.000
31506.000	1371.000	1370.000	2.000	4596.158	0.000	4444.444	4597.701	1.000	0.000	0.000
31507.000	440.000	439.000	1.000	5000.681	0.000	4848.485	5031.447	1.000	0.000	0.000
31508.000	438.000	437.000	1.000	5546.475	0.000	5333.333	5555.556	1.000	0.000	0.000
31509.000	783.000	781.000	2.000	6323.005	0.000	6060.606	6349.206	1.000	0.000	0.000
31510.000	360.000	359.000	1.000	7191.289	0.000	7017.544	7407.407	1.000	0.000	0.000
31511.000	594.000	592.000	2.000	9657.972	0.000	9523.810	10256.410	1.000	0.000	0.000
31512.000	1.000	0.000	1.000	856185.353	0.000	133333.333	10000000000.000	1.000	0.000	0.000
31513.000	1448.000	1447.000	2.000	4286.667	0.000	0.000	4301.075	1.000	0.000	0.000
31514.000	853.000	851.000	3.000	4588.299	0.000	4444.444	4597.701	1.000	0.000	0.000
31515.000	514.000	513.000	1.000	5026.561	0.000	4848.485	5031.447	1.000	0.000	0.000
31516.000	420.000	419.000	1.000	5555.180	0.000	5333.333	5555.556	1.000	0.000	0.000
31517.000	381.000	380.000	1.000	6262.612	0.000	6060.606	6349.206	1.000	0.000	0.000
31518.000	389.000	388.000	1.000	7319.551	0.000	7017.544	7407.407	1.000	0.000	0.000
31519.000	289.000	288.000	1.000	10164.698	0.000	9523.810	10256.410	1.000	0.000	0.000
31520.000	1.000	0.000	1.000	557630.931	0.000	133333.333	10000000000.000	1.000	0.000	0.000
31521.000	788.000	787.000	1.000	4292.870	0.000	0.000	4301.075	1.000	0.000	0.000
31522.000	852.000	851.000	2.000	4488.154	0.000	4444.444	4597.701	1.000	0.000	0.000
31523.000	501.000	500.000	1.000	5027.678	0.000	4848.485	5031.447	1.000	0.000	0.000
31524.000	423.000	422.000	1.000	5527.374	0.000	5333.333	5555.556	1.000	0.000	0.000
31525.000	382.000	381.000	1.000	6343.712	0.000	6060.606	6349.206	1.000	0.000	0.000
31526.000	337.000	336.000	1.000	7328.853	0.000	7017.544	7407.407	1.000	0.000	0.000
31527.000	297.000	296.000	1.000	9963.311	0.000	9523.810	10256.410	1.000	0.000	0.000
31528.000	1.000	0.000	1.000	644873.647	0.000	133333.333	10000000000.000	1.000	0.000	0.000
31529.000	852.000	851.000	2.000	4211.468	0.000	0.000	4301.075	1.000	0.000	0.000
31530.000	1318.000	1317.000	2.000	4596.389	0.000	4444.444	4597.701	1.000	0.000	0.000
31531.000	455.000	454.000	1.000	4977.085	0.000	4848.485	5031.447	1.000	0.000	0.000
31532.000	433.000	432.000	1.000	5548.233	0.000	5333.333	5555.556	1.000	0.000	0.000
31533.000	378.000	377.000	1.000	6296.634	0.000	6060.606	6349.206	1.000	0.000	0.000
31534.000	362.000	361.000	1.000	7305.763	0.000	7017.544	7407.407	1.000	0.000	0.000
31535.000	314.000	313.000	1.000	10014.043	0.000	9523.810	10256.410	1.000	0.000	0.000
31536.000	1405.000	1404.000	2.000	4300.566	0.000	0.000	4301.075	1.000	0.000	0.000
31537.000	1401.000	1400.000	2.000	4577.788	0.000	4444.444	4597.701	1.000	0.000	0.000
31538.000	463.000	462.000	1.000	5024.704	0.000	4848.485	5031.447	1.000	0.000	0.000
31539.000	469.000	468.000	1.000	5434.956	0.000	5333.333	5555.556	1.000	0.000	0.000
31540.000	389.000	388.000	1.000	6345.457	0.000	6060.606	6349.206	1.000	0.000	0.000
31541.000	481.000	480.000	1.000	7283.808	0.000	7017.544	7407.407	1.000	0.000	0.000
31542.000	297.000	296.000	1.000	9854.164	0.000	9523.810	10256.410	1.000	0.000	0.000
31543.000	1.000	0.000	1.000	679469.855	0.000	133333.333	10000000000.000	1.000	0.000	0.000
31544.000	2352.000	2351.000	3.000	4300.232	0.000	0.000	4301.075	1.000	0.000	0.000
31545.000	534.000	533.000	1.000	4587.230	0.000	4444.444	4597.701	1.000	0.000	0.000
31546.000	476.000	475.000	1.000	5029.275	0.000	4848.485	5031.447	1.000	0.000	0.000
31547.000	420.000	419.000	1.000	5535.781	0.000	5333.333	5555.556	1.000	0.000	0.000
31548.000	390.000	389.000	1.000	6211.138	0.000	6060.606	6349.206	1.000	0.000	0.000
31549.000	343.000	342.000	1.000	7366.411	0.000	7017.544	7407.407	1.000	0.000	0.000
31550.000	307.000	306.000	1.000	10190.363	0.000	9523.810	10256.410	1.000	0.000	0.000
31551.000	1.000	0.000	1.000	162239.791	0.000	133333.333	10000000000.000	1.000	0.000	0.000
31552.000	823.000	822.000	1.000	4289.412	0.000	0.000	4301.075	1.000	0.000	0.000
31553.000	614.000	613.000	1.000	4587.828	0.000	4444.444	4597.701	1.000	0.000	0.000
31554.000	458.000	457.000	1.000	5003.483	0.000	4848.485	5031.447	1.000	0.000	0.000
31555.000	421.000	420.000	1.000	5506.628	0.000	5333.333	5555.556	1.000	0.000	0.000
31556.000	386.000	385.000	1.000	6340.363	0.000	6060.606	6349.206	1.000	0.000	0.000
31557.000	365.000	364.000	1.000	7402.829	0.000	7017.544	7407.407	1.000	0.000	0.000
31558.000	319.000	318.000	1.000	10122.336	0.000	9523.810	10256.410	1.000	0.000	0.000
31559.000	2.000	0.000	2.000	1499982.920	0.000	133333.333	10000000000.000	1.000	0.000	0.000
31560.000	852.000	851.000	2.000	4107.947	0.000	0.000	4301.075	1.000	0.000	0.000
31561.000	1368.000	1367.000	2.000	4562.760	0.000	4444.444	4597.701	1.000	0.000	0.000
31562.000	1291.000	1289.000	3.000	5012.563	0.000	4848.485	5031.447	1.000	0.000	0.000
31563.000	414.000	413.000	1.000	5448.022	0.000	5333.333	5555.556	1.000	0.000	0.000
31564.000	391.000	390.000	1.000	6233.036	0.000	6060.606	6349.206	1.000	0.000	0.000
31565.000	359.000	358.000	1.000	7400.170	0.000	7017.544	7407.407	1.000	0.000	0.000
31566.000	300.000	299.000	1.000	9800.180	0.000	9523.810	10256.410	1.000	0.000	0.000
31567.000	1.000	0.000	1.000	699811.618	0.000	133333.333	10000000000.000	1.000	0.000	0.000
31568.000	745.000	744.000	1.000	4575.996	0.000	4444.444	4597.701	1.000	0.000	0.000
31569.000	493.000	492.000	1.000	5008.973	0.000	4848.485	5031.447	1.000	0.000	0.000
31570.000	420.000	419.000	1.000	5510.060	0.000	5333.333	5555.556	1.000	0.000	0.000
31571.000	411.000	410.000	1.000	6263.344	0.000	6060.606	6349.206	1.000	0.000	0.000
31572.000	342.000	341.000	1.000	7143.707	0.000	7017.544	7407.407	1.000	0.000	0.000
31573.000	303.000	302.000	1.000	10231.013	0.000	9523.810	10256.410	1.000	0.000	0.000
31574.000	2.000	0.000	2.000	667106.399	0.000	133333.333	10000000000.000	1.000	0.000	0.000
31575.000	852.000	851.000	2.000	4149.884	0.000	0.000	4301.075	1.000	0.000	0.000
31576.000	1342.000	1341.000	2.000	4591.535	0.000	4444.444	4597.701	1.000	0.000	0.000
31577.000	479.000	478.000	1.000	5009.888	0.000	4848.485	5031.447	1.000	0.000	0.000
31578.000	449.000	448.000	1.000	5540.219	0.000	5333.333	5555.556	1.000	0.000	0.000
31579.000	421.000	420.000	1.000	6107.581	0.000	6060.606	6349.206	1.000	0.000	0.000
31580.000	371.000	370.000	1.000	7212.271	0.000	7017.544	7407.407	1.000	0.000	0.000
31581.000	293.000	292.000	1.000	10134.294	0.000	9523.810	10256.410	1.000	0.000	0.000
31582.000	1.000	0.000	1.000	1184680.667	0.000	133333.333	10000000000.000	1.000	0.000	0.000
31583.000	3956.000	3955.000	5.000	4297.155	0.000	0.000	4301.075	1.000	0.000	0.000
31584.000	1376.000	1375.000	2.000	4586.873	0.000	4444.444	4597.701	1.000	0.000	0.000
31585.000	550.000	549.000	1.000	4965.880	0.000	4848.485	5031.447	1.000	0.000	0.000
31586.000	663.000	662.000	1.000	5521.687	0.000	5333.333	5555.556	1.000	0.000	0.000
31587.000	641.000	640.000	1.000	6313.023	0.000	6060.606	6349.206	1.000	0.000	0.000
31588.000	345.000	344.000	1.000	7359.018	0.000	7017.544	7407.407	1.000	0.000	0.000
31589.000	319.000	318.000	1.000	9968.329	0.000	9523.810	10256.410	1.000	0.000	0.000
31590.000	1.000	0.000	1.000	228331.169	0.000	133333.333	10000000000.000	1.000	0.000	0.000
31591.000	2303.000	2302.000	3.000	4300.237	0.000	0.000	4301.075	1.000	0.000	0.000
31592.000	717.000	716.000	1.000	4588.124	0.000	4444.444	4597.701	1.000	0.000	0.000
31593.000	438.000	437.000	1.000	5031.440	0.000	4848.485	5031.447	1.000	0.000	0.000
31594.000	590.000	589.000	1.000	5530.068	0.000	5333.333	5555.556	1.000	0.000	0.000
31595.000	410.000	409.000	1.000	6263.705	0.000	6060.606	6349.206	1.000	0.000	0.000
31596.000	336.000	335.000	1.000	7354.418	0.000	7017.544	7407.407	1.000	0.000	0.000
31597.000	309.000	308.000	1.000	10251.007	0.000	9523.810	10256.410	1.000	0.000	0.000
31598.000	1.000	0.000	1.000	1689117.287	0.000	133333.333	10000000000.000	1.000	0.000	0.000
31599.000	926.000	925.000	2.000	4299.940	0.000	0.000	4301.075	1.000	0.000	0.000
31600.000	497.000	496.000	1.000	5020.916	0.000	4848.485	5031.447	1.000	0.000	0.000
31601.000	419.000	418.000	1.000	5555.259	0.000	5333.333	5555.556	1.000	0.000	0.000
31602.000	418.000	417.000	1.000	6334.540	0.000	6060.606	6349.206	1.000	0.000	0.000
31603.000	357.000	356.000	1.000	7279.698	0.000	7017.544	7407.407	1.000	0.000	0.000
31604.000	314.000	313.000	1.000	9843.164	0.000	9523.810	10256.410	1.000	0.000	0.000
31605.000	1.000	0.000	1.000	741055.812	0.000	133333.333	10000000000.000	1.000	0.000	0.000
31606.000	805.000	804.000	1.000	4250.991	0.000	0.000	4301.075	1.000	0.000	0.000
31607.000	931.000	930.000	2.000	4595.267	0.000	4444.444	4597.701	1.000	0.000	0.000
31608.000	774.000	773.000	1.000	5024.857	0.000	4848.485	5031.447	1.000	0.000	0.000
31609.000	432.000	431.000	1.000	5545.371	0.000	5333.333	5555.556	1.000	0.000	0.000
31610.000	399.000	398.000	1.000	6210.053	0.000	6060.606	6349.206	1.000	0.000	0.000
31611.000	352.000	351.000	1.000	7370.401	0.000	7017.544	7407.407	1.000	0.000	0.000
31612.000	308.000	307.000	1.000	10248.021	0.000	9523.810	10256.410	1.000	0.000	0.000
31613.000	1.000	0.000	1.000	404337.496	0.000	133333.333	10000000000.000	1.000	0.000	0.000
31614.000	852.000	851.000	2.000	4260.204	0.000	0.000	4301.075	1.000	0.000	0.000
31615.000	762.000	761.000	1.000	4582.263	0.000	4444.444	4597.701	1.000	0.000	0.000
31616.000	455.000	454.000	1.000	5003.892	0.000	4848.485	5031.447	1.000	0.000	0.000
31617.000	436.000	435.000	1.000	5537.753	0.000	5333.333	5555.556	1.000	0.000	0.000
31618.000	404.000	403.000	1.000	6312.302	0.000	6060.606	6349.206	1.000	0.000	0.000
31619.000	339.000	338.000	1.000	7377.411	0.000	7017.544	7407.407	1.000	0.000	0.000
31620.000	320.000	319.000	1.000	10224.166	0.000	9523.810	10256.410	1.000	0.000	0.000
31621.000	1.000	0.000	1.000	1594032.080	0.000	133333.333	10000000000.000	1.000	0.000	0.000
31622.000	815.000	814.000	1.000	4285.349	0.000	0.000	4301.075	1.000	0.000	0.000
31623.000	1382.000	1380.000	3.000	4534.809	0.000	4444.444	4597.701	1.000	0.000	0.000
31624.000	449.000	448.000	1.000	4980.993	0.000	4848.485	5031.447	1.000	0.000	0.000
31625.000	411.000	410.000	1.000	5550.779	0.000	5333.333	5555.556	1.000	0.000	0.000
31626.000	385.000	384.000	1.000	6271.509	0.000	6060.606	6349.206	1.000	0.000	0.000
31627.000	344.000	343.000	1.000	7406.355	0.000	7017.544	7407.407	1.000	0.000	0.000
31628.000	635.000	633.000	2.000	9812.659	0.000	9523.810	10256.410	1.000	0.000	0.000
31629.000	1.000	0.000	1.000	649200.849	0.000	133333.333	10000000000.000	1.000	0.000	0.000
31630.000	1443.000	1442.000	2.000	4298.311	0.000	0.000	4301.075	1.000	0.000	0.000
31631.000	894.000	889.000	6.000	4596.134	0.000	4444.444	4597.701	1.000	0.000	0.000
31632.000	439.000	438.000	1.000	5488.086	0.000	5333.333	5555.556	1.000	0.000	0.000
31633.000	386.000	385.000	1.000	6097.125	0.000	6060.606	6349.206	1.000	0.000	0.000
31634.000	736.000	734.000	2.000	7355.645	0.000	7017.544	7407.407	1.000	0.000	0.000
31635.000	289.000	288.000	1.000	10113.988	0.000	9523.810	10256.410	1.000	0.000	0.000
31636.000	1.000	0.000	1.000	287943.411	0.000	133333.333	10000000000.000	1.000	0.000	0.000
31637.000	1446.000	1445.000	2.000	4237.868	0.000	0.000	4301.075	1.000	0.000	0.000
31638.000	677.000	676.000	1.000	4576.988	0.000	4444.444	4597.701	1.000	0.000	0.000
31639.000	442.000	441.000	1.000	5007.720	0.000	4848.485	5031.447	1.000	0.000	0.000
31640.000	417.000	416.000	1.000	5543.403	0.000	5333.333	5555.556	1.000	0.000	0.000
31641.000	385.000	384.000	1.000	6320.630	0.000	6060.606	6349.206	1.000	0.000	0.000
31642.000	353.000	352.000	1.000	7352.741	0.000	7017.544	7407.407	1.000	0.000	0.000
31643.000	616.000	614.000	2.000	9996.482	0.000	9523.810	10256.410	1.000	0.000	0.000
31644.000	2.000	0.000	2.000	141422.928	0.000	133333.333	10000000000.000	1.000	0.000	0.000
31645.000	1432.000	1431.000	2.000	4269.034	0.000	0.000	4301.075	1.000	0.000	0.000
31646.000	822.000	821.000	1.000	4593.376	0.000	4444.444	4597.701	1.000	0.000	0.000
31647.000	478.000	477.000	1.000	5015.154	0.000	4848.485	5031.447	1.000	0.000	0.000
31648.000	651.000	650.000	1.000	5548.401	0.000	5333.333	5555.556	1.000	0.000	0.000
31649.000	387.000	386.000	1.000	6268.924	0.000	6060.606	6349.206	1.000	0.000	0.000
31650.000	361.000	360.000	1.000	7280.763	0.000	7017.544	7407.407	1.000	0.000	0.000
31651.000	306.000	305.000	1.000	10236.305	0.000	9523.810	10256.410	1.000	0.000	0.000
31652.000	2.000	0.000	2.000	186594.008	0.000	133333.333	10000000000.000	1.000	0.000	0.000
31653.000	1386.000	1385.000	2.000	4288.229	0.000	0.000	4301.075	1.000	0.000	0.000
31654.000	670.000	669.000	1.000	4575.485	0.000	4444.444	4597.701	1.000	0.000	0.000
31655.000	524.000	523.000	1.000	4893.687	0.000	4848.485	5031.447	1.000	0.000	0.000
31656.000	421.000	420.000	1.000	5477.048	0.000	5333.333	5555.556	1.000	0.000	0.000
31657.000	382.000	381.000	1.000	6340.524	0.000	6060.606	6349.206	1.000	0.000	0.000
31658.000	346.000	345.000	1.000	7101.800	0.000	7017.544	7407.407	1.000	0.000	0.000
31659.000	311.000	310.000	1.000	9615.870	0.000	9523.810	10256.410	1.000	0.000	0.000
31660.000	2.000	0.000	2.000	404009.186	0.000	133333.333	10000000000.000	1.000	0.000	0.000
31661.000	852.000	851.000	2.000	3944.346	0.000	0.000	4301.075	1.000	0.000	0.000
31662.000	676.000	675.000	1.000	4566.409	0.000	4444.444	4597.701	1.000	0.000	0.000
31663.000	451.000	450.000	1.000	4944.358	0.000	4848.485	5031.447	1.000	0.000	0.000
31664.000	381.000	380.000	1.000	6295.211	0.000	6060.606	6349.206	1.000	0.000	0.000
31665.000	350.000	349.000	1.000	7298.950	0.000	7017.544	7407.407	1.000	0.000	0.000
31666.000	314.000	313.000	1.000	10054.979	0.000	9523.810	10256.410	1.000	0.000	0.000
31667.000	1.000	0.000	1.000	265672.277	0.000	133333.333	10000000000.000	1.000	0.000	0.000
31668.000	852.000	851.000	2.000	4099.114	0.000	0.000	4301.075	1.000	0.000	0.000
31669.000	717.000	716.000	1.000	4566.002	0.000	4444.444	4597.701	1.000	0.000	0.000
31670.000	454.000	453.000	1.000	5005.172	0.000	4848.485	5031.447	1.000	0.000	0.000
31671.000	453.000	452.000	1.000	5487.550	0.000	5333.333	5555.556	1.000	0.000	0.000
31672.000	401.000	400.000	1.000	6325.968	0.000	6060.606	6349.206	1.000	0.000	0.000
31673.000	368.000	367.000	1.000	7253.712	0.000	7017.544	7407.407	1.000	0.000	0.000
31674.000	304.000	303.000	1.000	10085.843	0.000	9523.810	10256.410	1.000	0.000	0.000
31675.000	9.000	0.000	9.000	184108.456	0.000	133333.333	10000000000.000	1.000	0.000	0.000
31676.000	1442.000	1441.000	2.000	4286.878	0.000	0.000	4301.075	1.000	0.000	0.000
31677.000	846.000	845.000	1.000	4547.218	0.000	4444.444	4597.701	1.000	0.000	0.000
31678.000	472.000	471.000	1.000	5029.885	0.000	4848.485	5031.447	1.000	0.000	0.000
31679.000	528.000	527.000	1.000	5455.455	0.000	5333.333	5555.556	1.000	0.000	0.000
31680.000	388.000	387.000	1.000	6274.311	0.000	6060.606	6349.206	1.000	0.000	0.000
31681.000	353.000	352.000	1.000	7395.237	0.000	7017.544	7407.407	1.000	0.000	0.000
31682.000	621.000	619.000	2.000	9971.811	0.000	9523.810	10256.410	1.000	0.000	0.000
31683.000	1.000	0.000	1.000	917776.510	0.000	133333.333	10000000000.000	1.000	0.000	0.000
31684.000	852.000	851.000	2.000	3959.750	0.000	0.000	4301.075	1.000	0.000	0.000
31685.000	490.000	489.000	1.000	4595.243	0.000	4444.444	4597.701	1.000	0.000	0.000
31686.000	469.000	468.000	1.000	5007.367	0.000	4848.485	5031.447	1.000	0.000	0.000
31687.000	436.000	435.000	1.000	5468.594	0.000	5333.333	5555.556	1.000	0.000	0.000
31688.000	398.000	397.000	1.000	6287.223	0.000	6060.606	6349.206	1.000	0.000	0.000
31689.000	362.000	361.000	1.000	7373.413	0.000	7017.544	7407.407	1.000	0.000	0.000
31690.000	307.000	306.000	1.000	10175.567	0.000	9523.810	10256.410	1.000	0.000	0.000
31691.000	1.000	0.000	1.000	724862.093	0.000	133333.333	10000000000.000	1.000	0.000	0.000
31692.000	906.000	905.000	2.000	4299.043	0.000	0.000	4301.075	1.000	0.000	0.000
31693.000	522.000	521.000	1.000	4589.744	0.000	4444.444	4597.701	1.000	0.000	0.000
31694.000	853.000	851.000	3.000	4991.780	0.000	4848.485	5031.447	1.000	0.000	0.000
31695.000	431.000	430.000	1.000	5513.706	0.000	5333.333	5555.556	1.000	0.000	0.000
31696.000	380.000	379.000	1.000	7216.829	0.000	7017.544	7407.407	1.000	0.000	0.000
31697.000	301.000	300.000	1.000	10092.389	0.000	9523.810	10256.410	1.000	0.000	0.000
31698.000	2.000	0.000	2.000	403120.740	0.000	133333.333	10000000000.000	1.000	0.000	0.000
31699.000	1401.000	1400.000	2.000	4300.758	0.000	0.000	4301.075	1.000	0.000	0.000
31700.000	707.000	706.000	1.000	4497.804	0.000	4444.444	4597.701	1.000	0.000	0.000
31701.000	1318.000	1317.000	2.000	5007.741	0.000	4848.485	5031.447	1.000	0.000	0.000
31702.000	432.000	431.000	1.000	5542.247	0.000	5333.333	5555.556	1.000	0.000	0.000
31703.000	370.000	369.000	1.000	6341.182	0.000	6060.606	6349.206	1.000	0.000	0.000
31704.000	341.000	340.000	1.000	7373.506	0.000	7017.544	7407.407	1.000	0.000	0.000
31705.000	298.000	297.000	1.000	10027.189	0.000	9523.810	10256.410	1.000	0.000	0.000
31706.000	10.000	0.000	10.000	83777.458	0.000	133333.333	10000000000.000	0.000	0.000	0.000
31707.000	1504.000	1503.000	2.000	4296.572	0.000	0.000	4301.075	1.000	0.000	0.000
31708.000	860.000	851.000	10.000	4118.556	0.000	4444.444	4597.701	0.000	0.000	0.000
31709.000	604.000	603.000	1.000	5016.974	0.000	4848.485	5031.447	1.000	0.000	0.000
31710.000	428.000	427.000	1.000	5550.151	0.000	5333.333	5555.556	1.000	0.000	0.000
31711.000	384.000	383.000	1.000	6346.394	0.000	6060.606	6349.206	1.000	0.000	0.000
31712.000	319.000	318.000	1.000	7297.391	0.000	7017.544	7407.407	1.000	0.000	0.000
31713.000	292.000	291.000	1.000	9886.724	0.000	9523.810	10256.410	1.000	0.000	0.000
31714.000	2.000	0.000	2.000	215090.699	0.000	133333.333	10000000000.000	1.000	0.000	0.000
31715.000	793.000	792.000	1.000	4284.705	0.000	0.000	4301.075	1.000	0.000	0.000
31716.000	1370.000	1369.000	2.000	4595.146	0.000	4444.444	4597.701	1.000	0.000	0.000
31717.000	1334.000	1333.000	2.000	4986.719	0.000	4848.485	5031.447	1.000	0.000	0.000
31718.000	547.000	546.000	1.000	5484.905	0.000	5333.333	5555.556	1.000	0.000	0.000
31719.000	389.000	388.000	1.000	6317.156	0.000	6060.606	6349.206	1.000	0.000	0.000
31720.000	352.000	351.000	1.000	7362.580	0.000	7017.544	7407.407	1.000	0.000	0.000
31721.000	302.000	301.000	1.000	10137.096	0.000	9523.810	10256.410	1.000	0.000	0.000
31722.000	2.000	0.000	2.000	211640.256	0.000	133333.333	10000000000.000	1.000	0.000	0.000
31723.000	852.000	851.000	2.000	4091.982	0.000	0.000	4301.075	1.000	0.000	0.000
31724.000	491.000	490.000	1.000	4594.170	0.000	4444.444	4597.701	1.000	0.000	0.000
31725.000	514.000	513.000	1.000	5022.516	0.000	4848.485	5031.447	1.000	0.000	0.000
31726.000	395.000	394.000	1.000	5426.691	0.000	5333.333	5555.556	1.000	0.000	0.000
31727.000	390.000	389.000	1.000	6225.727	0.000	6060.606	6349.206	1.000	0.000	0.000
31728.000	310.000	309.000	1.000	9923.738	0.000	9523.810	10256.410	1.000	0.000	0.000
31729.000	7.000	0.000	7.000	138010.219	0.000	133333.333	10000000000.000	1.000	0.000	0.000
31730.000	852.000	851.000	2.000	4277.601	0.000	0.000	4301.075	1.000	0.000	0.000
31731.000	790.000	789.000	1.000	4521.070	0.000	4444.444	4597.701	1.000	0.000	0.000
31732.000	1365.000	1364.000	2.000	5011.452	0.000	4848.485	5031.447	1.000	0.000	0.000
31733.000	724.000	723.000	1.000	5484.448	0.000	5333.333	5555.556	1.000	0.000	0.000
31734.000	425.000	424.000	1.000	6316.698	0.000	6060.606	6349.206	1.000	0.000	0.000
31735.000	351.000	350.000	1.000	7362.471	0.000	7017.544	7407.407	1.000	0.000	0.000
31736.000	297.000	296.000	1.000	10076.272	0.000	9523.810	10256.410	1.000	0.000	0.000
31737.000	1.000	0.000	1.000	318049.805	0.000	133333.333	10000000000.000	1.000	0.000	0.000
31738.000	8510.000	8510.000	10.000	4478.821	0.000	0.000	4301.075	0.000	0.000	0.000
31739.000	799.000	798.000	1.000	4588.934	0.000	4444.444	4597.701	1.000	0.000	0.000
31740.000	490.000	489.000	1.000	5008.771	0.000	4848.485	5031.447	1.000	0.000	0.000
31741.000	450.000	449.000	1.000	5501.218	0.000	5333.333	5555.556	1.000	0.000	0.000
31742.000	390.000	389.000	1.000	6221.723	0.000	6060.606	6349.206	1.000	0.000	0.000
31743.000	342.000	341.000	1.000	7299.348	0.000	7017.544	7407.407	1.000	0.000	0.000
31744.000	301.000	300.000	1.000	10251.007	0.000	9523.810	10256.410	1.000	0.000	0.000
31745.000	2.000	0.000	2.000	138813.275	0.000	133333.333	10000000000.000	1.000	0.000	0.000
31746.000	852.000	851.000	2.000	4202.905	0.000	0.000	4301.075	1.000	0.000	0.000
31747.000	601.000	600.000	1.000	4580.949	0.000	4444.444	4597.701	1.000	0.000	0.000
31748.000	492.000	491.000	1.000	5030.779	0.000	4848.485	5031.447	1.000	0.000	0.000
31749.000	420.000	419.000	1.000	5526.409	0.000	5333.333	5555.556	1.000	0.000	0.000
31750.000	368.000	367.000	1.000	6256.211	0.000	6060.606	6349.206	1.000	0.000	0.000
31751.000	362.000	361.000	1.000	7196.534	0.000	7017.544	7407.407	1.000	0.000	0.000
31752.000	922.000	919.000	3.000	9958.582	0.000	9523.810	10256.410	1.000	0.000	0.000
31753.000	1.000	0.000	1.000	256666.439	0.000	133333.333	10000000000.000	1.000	0.000	0.000
31754.000	3139.000	3138.000	4.000	4296.704	0.000	0.000	4301.075	1.000	0.000	0.000
31755.000	1351.000	1350.000	2.000	4587.919	0.000	4444.444	4597.701	1.000	0.000	0.000
31756.000	468.000	467.000	1.000	5005.928	0.000	4848.485	5031.447	1.000	0.000	0.000
31757.000	422.000	421.000	1.000	5502.522	0.000	5333.333	5555.556	1.000	0.000	0.000
31758.000	393.000	392.000	1.000	6345.792	0.000	6060.606	6349.206	1.000	0.000	0.000
31759.000	367.000	366.000	1.000	7192.239	0.000	7017.544	7407.407	1.000	0.000	0.000
31760.000	1.000	0.000	1.000	944916.382	0.000	133333.333	10000000000.000	1.000	0.000	0.000
31761.000	6550.000	6549.000	8.000	4296.847	0.000	0.000	4301.075	1.000	0.000	0.000
31762.000	1329.000	1328.000	2.000	4590.210	0.000	4444.444	4597.701	1.000	0.000	0.000
31763.000	451.000	450.000	1.000	5020.952	0.000	4848.485	5031.447	1.000	0.000	0.000
31764.000	418.000	417.000	1.000	5502.044	0.000	5333.333	5555.556	1.000	0.000	0.000
31765.000	394.000	393.000	1.000	6263.299	0.000	6060.606	6349.206	1.000	0.000	0.000
31766.000	353.000	352.000	1.000	7327.419	0.000	7017.544	7407.407	1.000	0.000	0.000
31767.000	302.000	301.000	1.000	10048.510	0.000	9523.810	10256.410	1.000	0.000	0.000
31768.000	1.000	0.000	1.000	426729.127	0.000	133333.333	10000000000.000	1.000	0.000	0.000
31769.000	2327.000	2326.000	3.000	4286.757	0.000	0.000	4301.075	1.000	0.000	0.000
31770.000	781.000	780.000	1.000	4589.617	0.000	4444.444	4597.701	1.000	0.000	0.000
31771.000	455.000	454.000	1.000	5016.693	0.000	4848.485	5031.447	1.000	0.000	0.000
31772.000	395.000	394.000	1.000	5521.214	0.000	5333.333	5555.556	1.000	0.000	0.000
31773.000	363.000	362.000	1.000	6302.057	0.000	6060.606	6349.206	1.000	0.000	0.000
31774.000	345.000	344.000	1.000	7356.888	0.000	7017.544	7407.407	1.000	0.000	0.000
31775.000	617.000	615.000	2.000	10222.185	0.000	9523.810	10256.410	1.000	0.000	0.000
31776.000	2.000	0.000	2.000	142592.478	0.000	133333.333	10000000000.000	1.000	0.000	0.000
31777.000	852.000	851.000	2.000	4260.845	0.000	0.000	4301.075	1.000	0.000	0.000
31778.000	1348.000	1345.000	4.000	4582.830	0.000	4444.444	4597.701	1.000	0.000	0.000
31779.000	781.000	780.000	1.000	5011.928	0.000	4848.485	5031.447	1.000	0.000	0.000
31780.000	432.000	431.000	1.000	5550.399	0.000	5333.333	5555.556	1.000	0.000	0.000
31781.000	409.000	408.000	1.000	6283.083	0.000	6060.606	6349.206	1.000	0.000	0.000
31782.000	351.000	350.000	1.000	7397.860	0.000	7017.544	7407.407	1.000	0.000	0.000
31783.000	312.000	311.000	1.000	10189.588	0.000	9523.810	10256.410	1.000	0.000	0.000
31784.000	1.000	0.000	1.000	366473.410	0.000	133333.333	10000000000.000	1.000	0.000	0.000
31785.000	8510.000	8510.000	10.000	5010.688	0.000	0.000	4301.075	0.000	0.000	0.000
31786.000	1389.000	1388.000	2.000	4590.755	0.000	4444.444	4597.701	1.000	0.000	0.000
31787.000	469.000	468.000	1.000	4957.956	0.000	4848.485	5031.447	1.000	0.000	0.000
31788.000	420.000	419.000	1.000	5550.284	0.000	5333.333	5555.556	1.000	0.000	0.000
31789.000	368.000	367.000	1.000	6297.716	0.000	6060.606	6349.206	1.000	0.000	0.000
31790.000	358.000	357.000	1.000	7276.884	0.000	7017.544	7407.407	1.000	0.000	0.000
31791.000	316.000	315.000	1.000	9799.959	0.000	9523.810	10256.410	1.000	0.000	0.000
31792.000	857.000	856.000	2.000	4286.926	0.000	0.000	4301.075	1.000	0.000	0.000
31793.000	852.000	851.000	2.000	4495.516	0.000	4444.444	4597.701	1.000	0.000	0.000
31794.000	586.000	585.000	1.000	4960.378	0.000	4848.485	5031.447	1.000	0.000	0.000
31795.000	694.000	693.000	1.000	5384.451	0.000	5333.333	5555.556	1.000	0.000	0.000
31796.000	373.000	372.000	1.000	6303.175	0.000	6060.606	6349.206	1.000	0.000	0.000
31797.000	366.000	365.000	1.000	7402.246	0.000	7017.544	7407.407	1.000	0.000	0.000
31798.000	615.000	613.000	2.000	10254.206	0.000	9523.810	10256.410	1.000	0.000	0.000
31799.000	1.000	0.000	1.000	219592.943	0.000	133333.333	10000000000.000	1.000	0.000	0.000
31800.000	5708.000	5707.000	7.000	4299.653	0.000	0.000	4301.075	1.000	0.000	0.000
31801.000	1368.000	1367.000	2.000	4590.706	0.000	4444.444	4597.701	1.000	0.000	0.000
31802.000	1351.000	1350.000	2.000	5019.454	0.000	4848.485	5031.447	1.000	0.000	0.000
31803.000	448.000	447.000	1.000	5474.611	0.000	5333.333	5555.556	1.000	0.000	0.000
31804.000	401.000	400.000	1.000	6334.367	0.000	6060.606	6349.206	1.000	0.000	0.000
31805.000	352.000	351.000	1.000	7321.305	0.000	7017.544	7407.407	1.000	0.000	0.000
31806.000	321.000	320.000	1.000	9890.542	0.000	9523.810	10256.410	1.000	0.000	0.000
31807.000	1.000	0.000	1.000	250897.824	0.000	133333.333	10000000000.000	1.000	0.000	0.000
31808.000	852.000	851.000	2.000	4112.550	0.000	0.000	4301.075	1.000	0.000	0.000
31809.000	1358.000	1354.000	5.000	4588.553	0.000	4444.444	4597.701	1.000	0.000	0.000
31810.000	466.000	465.000	1.000	5018.001	0.000	4848.485	5031.447	1.000	0.000	0.000
31811.000	422.000	421.000	1.000	5524.271	0.000	5333.333	5555.556	1.000	0.000	0.000
31812.000	414.000	413.000	1.000	6347.388	0.000	6060.606	6349.206	1.000	0.000	0.000
31813.000	370.000	369.000	1.000	7333.930	0.000	7017.544	7407.407	1.000	0.000	0.000
31814.000	617.000	615.000	2.000	10039.733	0.000	9523.810	10256.410	1.000	0.000	0.000
31815.000	3.000	0.000	3.000	220203.811	0.000	133333.333	10000000000.000	1.000	0.000	0.000
31816.000	8510.000	8510.000	10.000	4935.999	0.000	0.000	4301.075	0.000	0.000	0.000
31817.000	491.000	490.000	1.000	4589.599	0.000	4444.444	4597.701	1.000	0.000	0.000
31818.000	484.000	483.000	1.000	4988.048	0.000	4848.485	5031.447	1.000	0.000	0.000
31819.000	440.000	439.000	1.000	5542.423	0.000	5333.333	5555.556	1.000	0.000	0.000
31820.000	384.000	383.000	1.000	6336.821	0.000	6060.606	6349.206	1.000	0.000	0.000
31821.000	334.000	333.000	1.000	7307.526	0.000	7017.544	7407.407	1.000	0.000	0.000
31822.000	301.000	300.000	1.000	10028.488	0.000	9523.810	10256.410	1.000	0.000	0.000
31823.000	1.000	0.000	1.000	936280.056	0.000	133333.333	10000000000.000	1.000	0.000	0.000
31824.000	782.000	781.000	1.000	4565.224	0.000	4444.444	4597.701	1.000	0.000	0.000
31825.000	836.000	835.000	1.000	4887.877	0.000	4848.485	5031.447	1.000	0.000	0.000
31826.000	403.000	402.000	1.000	5521.845	0.000	5333.333	5555.556	1.000	0.000	0.000
31827.000	396.000	395.000	1.000	6309.661	0.000	6060.606	6349.206	1.000	0.000	0.000
31828.000	342.000	341.000	1.000	7400.092	0.000	7017.544	7407.407	1.000	0.000	0.000
31829.000	304.000	303.000	1.000	10042.136	0.000	9523.810	10256.410	1.000	0.000	0.000
31830.000	1.000	0.000	1.000	153400.742	0.000	133333.333	10000000000.000	1.000	0.000	0.000
31831.000	1433.000	1432.000	2.000	4292.579	0.000	0.000	4301.075	1.000	0.000	0.000
31832.000	737.000	736.000	1.000	4526.811	0.000	4444.444	4597.701	1.000	0.000	0.000
31833.000	746.000	745.000	1.000	5031.411	0.000	4848.485	5031.447	1.000	0.000	0.000
31834.000	430.000	429.000	1.000	5548.613	0.000	5333.333	5555.556	1.000	0.000	0.000
31835.000	389.000	388.000	1.000	6196.277	0.000	6060.606	6349.206	1.000	0.000	0.000
31836.000	344.000	343.000	1.000	7291.692	0.000	7017.544	7407.407	1.000	0.000	0.000
31837.000	310.000	309.000	1.000	10095.139	0.000	9523.810	10256.410	1.000	0.000	0.000
31838.000	1.000	0.000	1.000	202121.850	0.000	133333.333	10000000000.000	1.000	0.000	0.000
31839.000	554.000	553.000	1.000	4299.765	0.000	0.000	4301.075	1.000	0.000	0.000
31840.000	1465.000	1464.000	2.000	4589.871	0.000	4444.444	4597.701	1.000	0.000	0.000
31841.000	468.000	467.000	1.000	5020.308	0.000	4848.485	5031.447	1.000	0.000	0.000
31842.000	772.000	771.000	1.000	5530.341	0.000	5333.333	5555.556	1.000	0.000	0.000
31843.000	406.000	405.000	1.000	6327.957	0.000	6060.606	6349.206	1.000	0.000	0.000
31844.000	346.000	345.000	1.000	7220.659	0.000	7017.544	7407.407	1.000	0.000	0.000
31845.000	312.000	311.000	1.000	10105.449	0.000	9523.810	10256.410	1.000	0.000	0.000
31846.000	1.000	0.000	1.000	1253314.495	0.000	133333.333	10000000000.000	1.000	0.000	0.000
31847.000	3118.000	3117.000	4.000	4300.306	0.000	0.000	4301.075	1.000	0.000	0.000
31848.000	1334.000	1333.000	2.000	4542.610	0.000	4444.444	4597.701	1.000	0.000	0.000
31849.000	487.000	486.000	1.000	5017.003	0.000	4848.485	5031.447	1.000	0.000	0.000
31850.000	386.000	385.000	1.000	5531.140	0.000	5333.333	5555.556	1.000	0.000	0.000
31851.000	376.000	375.000	1.000	6313.733	0.000	6060.606	6349.206	1.000	0.000	0.000
31852.000	376.000	375.000	1.000	7024.995	0.000	7017.544	7407.407	1.000	0.000	0.000
31853.000	599.000	597.000	2.000	9609.078	0.000	9523.810	10256.410	1.000	0.000	0.000
31854.000	2.000	0.000	2.000	213639.434	0.000	133333.333	10000000000.000	1.000	0.000	0.000
31855.000	1378.000	1377.000	2.000	4296.577	0.000	0.000	4301.075	1.000	0.000	0.000
31856.000	765.000	764.000	1.000	5029.907	0.000	4848.485	5031.447	1.000	0.000	0.000
31857.000	413.000	412.000	1.000	5484.361	0.000	5333.333	5555.556	1.000	0.000	0.000
31858.000	382.000	381.000	1.000	6309.329	0.000	6060.606	6349.206	1.000	0.000	0.000
31859.000	357.000	356.000	1.000	7382.978	0.000	7017.544	7407.407	1.000	0.000	0.000
31860.000	291.000	290.000	1.000	10103.895	0.000	9523.810	10256.410	1.000	0.000	0.000
31861.000	1.000	0.000	1.000	161772.588	0.000	133333.333	10000000000.000	1.000	0.000	0.000
31862.000	817.000	816.000	1.000	4293.029	0.000	0.000	4301.075	1.000	0.000	0.000
31863.000	1375.000	1374.000	2.000	4594.673	0.000	4444.444	4597.701	1.000	0.000	0.000
31864.000	718.000	717.000	1.000	5009.528	0.000	4848.485	5031.447	1.000	0.000	0.000
31865.000	404.000	403.000	1.000	5542.141	0.000	5333.333	5555.556	1.000	0.000	0.000
31866.000	377.000	376.000	1.000	6313.813	0.000	6060.606	6349.206	1.000	0.000	0.000
31867.000	342.000	341.000	1.000	7235.810	0.000	7017.544	7407.407	1.000	0.000	0.000
31868.000	296.000	295.000	1.000	10196.777	0.000	9523.810	10256.410	1.000	0.000	0.000
31869.000	1.000	0.000	1.000	413997.762	0.000	133333.333	10000000000.000	1.000	0.000	0.000
31870.000	699.000	698.000	1.000	4263.735	0.000	0.000	4301.075	1.000	0.000	0.000
31871.000	513.000	512.000	1.000	4593.734	0.000	4444.444	4597.701	1.000	0.000	0.000
31872.000	482.000	481.000	1.000	5003.986	0.000	4848.485	5031.447	1.000	0.000	0.000
31873.000	424.000	423.000	1.000	5447.605	0.000	5333.333	5555.556	1.000	0.000	0.000
31874.000	385.000	384.000	1.000	6341.448	0.000	6060.606	6349.206	1.000	0.000	0.000
31875.000	328.000	327.000	1.000	7291.585	0.000	7017.544	7407.407	1.000	0.000	0.000
31876.000	346.000	345.000	1.000	10001.132	0.000	9523.810	10256.410	1.000	0.000	0.000
31877.000	1.000	0.000	1.000	294741.769	0.000	133333.333	10000000000.000	1.000	0.000	0.000
31878.000	852.000	851.000	2.000	3859.202	0.000	0.000	4301.075	1.000	0.000	0.000
31879.000	692.000	691.000	1.000	4581.329	0.000	4444.444	4597.701	1.000	0.000	0.000
31880.000	426.000	425.000	1.000	4959.100	0.000	4848.485	5031.447	1.000	0.000	0.000
31881.000	430.000	429.000	1.000	5539.145	0.000	5333.333	5555.556	1.000	0.000	0.000
31882.000	397.000	396.000	1.000	6309.375	0.000	6060.606	6349.206	1.000	0.000	0.000
31883.000	356.000	355.000	1.000	7211.942	0.000	7017.544	7407.407	1.000	0.000	0.000
31884.000	297.000	296.000	1.000	10047.292	0.000	9523.810	10256.410	1.000	0.000	0.000
31885.000	1.000	0.000	1.000	184919.765	0.000	133333.333	10000000000.000	1.000	0.000	0.000
31886.000	1392.000	1391.000	2.000	4293.045	0.000	0.000	4301.075	1.000	0.000	0.000
31887.000	700.000	699.000	1.000	4545.823	0.000	4444.444	4597.701	1.000	0.000	0.000
31888.000	427.000	426.000	1.000	5540.272	0.000	5333.333	5555.556	1.000	0.000	0.000
31889.000	381.000	380.000	1.000	6336.614	0.000	6060.606	6349.206	1.000	0.000	0.000
31890.000	706.000	704.000	2.000	7214.736	0.000	7017.544	7407.407	1.000	0.000	0.000
31891.000	307.000	306.000	1.000	10209.091	0.000	9523.810	10256.410	1.000	0.000	0.000
31892.000	2.000	0.000	2.000	276294.108	0.000	133333.333	10000000000.000	1.000	0.000	0.000
31893.000	766.000	765.000	1.000	4214.271	0.000	0.000	4301.075	1.000	0.000	0.000
31894.000	500.000	499.000	1.000	4595.297	0.000	4444.444	4597.701	1.000	0.000	0.000
31895.000	475.000	474.000	1.000	5024.110	0.000	4848.485	5031.447	1.000	0.000	0.000
31896.000	429.000	428.000	1.000	5552.434	0.000	5333.333	5555.556	1.000	0.000	0.000
31897.000	393.000	392.000	1.000	6343.850	0.000	6060.606	6349.206	1.000	0.000	0.000
31898.000	346.000	345.000	1.000	7337.809	0.000	7017.544	7407.407	1.000	0.000	0.000
31899.000	312.000	311.000	1.000	10069.717	0.000	9523.810	10256.410	1.000	0.000	0.000
31900.000	2.000	0.000	2.000	165989.792	0.000	133333.333	10000000000.000	1.000	0.000	0.000
31901.000	831.000	830.000	1.000	4290.031	0.000	0.000	4301.075	1.000	0.000	0.000
31902.000	694.000	693.000	1.000	4564.757	0.000	4444.444	4597.701	1.000	0.000	0.000
31903.000	447.000	446.000	1.000	5029.900	0.000	4848.485	5031.447	1.000	0.000	0.000
31904.000	435.000	434.000	1.000	5534.189	0.000	5333.333	5555.556	1.000	0.000	0.000
31905.000	372.000	371.000	1.000	6294.574	0.000	6060.606	6349.206	1.000	0.000	0.000
31906.000	329.000	328.000	1.000	7329.486	0.000	7017.544	7407.407	1.000	0.000	0.000
31907.000	305.000	304.000	1.000	10002.367	0.000	9523.810	10256.410	1.000	0.000	0.000
31908.000	1.000	0.000	1.000	164702.502	0.000	133333.333	10000000000.000	1.000	0.000	0.000
31909.000	1472.000	1471.000	2.000	4288.895	0.000	0.000	4301.075	1.000	0.000	0.000
31910.000	1377.000	1376.000	2.000	4569.518	0.000	4444.444	4597.701	1.000	0.000	0.000
31911.000	460.000	459.000	1.000	5013.450	0.000	4848.485	5031.447	1.000	0.000	0.000
31912.000	414.000	413.000	1.000	5494.995	0.000	5333.333	5555.556	1.000	0.000	0.000
31913.000	401.000	400.000	1.000	6316.767	0.000	6060.606	6349.206	1.000	0.000	0.000
31914.000	346.000	345.000	1.000	7406.638	0.000	7017.544	7407.407	1.000	0.000	0.000
31915.000	295.000	294.000	1.000	10239.886	0.000	9523.810	10256.410	1.000	0.000	0.000
31916.000	1.000	0.000	1.000	172219.333	0.000	133333.333	10000000000.000	1.000	0.000	0.000
31917.000	852.000	851.000	2.000	4005.677	0.000	0.000	4301.075	1.000	0.000	0.000
31918.000	1421.000	1420.000	2.000	4590.525	0.000	4444.444	4597.701	1.000	0.000	0.000
31919.000	482.000	481.000	1.000	5016.996	0.000	4848.485	5031.447	1.000	0.000	0.000
31920.000	389.000	388.000	1.000	6340.651	0.000	6060.606	6349.206	1.000	0.000	0.000
31921.000	347.000	346.000	1.000	7332.109	0.000	7017.544	7407.407	1.000	0.000	0.000
31922.000	306.000	305.000	1.000	9574.528	0.000	9523.810	10256.410	1.000	0.000	0.000
31923.000	2.000	0.000	2.000	151677.213	0.000	133333.333	10000000000.000	1.000	0.000	0.000
31924.000	852.000	851.000	2.000	4259.897	0.000	0.000	4301.075	1.000	0.000	0.000
31925.000	1388.000	1387.000	2.000	4571.311	0.000	4444.444	4597.701	1.000	0.000	0.000
31926.000	457.000	456.000	1.000	5018.304	0.000	4848.485	5031.447	1.000	0.000	0.000
31927.000	419.000	418.000	1.000	5507.568	0.000	5333.333	5555.556	1.000	0.000	0.000
31928.000	382.000	381.000	1.000	6335.381	0.000	6060.606	6349.206	1.000	0.000	0.000
31929.000	347.000	346.000	1.000	7367.548	0.000	7017.544	7407.407	1.000	0.000	0.000
31930.000	346.000	345.000	1.000	9856.451	0.000	9523.810	10256.410	1.000	0.000	0.000
31931.000	1.000	0.000	1.000	299635.536	0.000	133333.333	10000000000.000	1.000	0.000	0.000
31932.000	848.000	847.000	1.000	4250.757	0.000	0.000	4301.075	1.000	0.000	0.000
31933.000	1342.000	1337.000	6.000	4580.100	0.000	4444.444	4597.701	1.000	0.000	0.000
31934.000	487.000	486.000	1.000	5023.342	0.000	4848.485	5031.447	1.000	0.000	0.000
31935.000	423.000	422.000	1.000	5506.080	0.000	5333.333	5555.556	1.000	0.000	0.000
31936.000	373.000	372.000	1.000	6156.780	0.000	6060.606	6349.206	1.000	0.000	0.000
31937.000	373.000	372.000	1.000	7287.527	0.000	7017.544	7407.407	1.000	0.000	0.000
31938.000	314.000	313.000	1.000	10105.742	0.000	9523.810	10256.410	1.000	0.000	0.000
31939.000	1.000	0.000	1.000	206202.339	0.000	133333.333	10000000000.000	1.000	0.000	0.000
31940.000	1426.000	1425.000	2.000	4296.667	0.000	0.000	4301.075	1.000	0.000	0.000
31941.000	1407.000	1406.000	2.000	4596.359	0.000	4444.444	4597.701	1.000	0.000	0.000
31942.000	478.000	477.000	1.000	5018.102	0.000	4848.485	5031.447	1.000	0.000	0.000
31943.000	432.000	431.000	1.000	5539.946	0.000	5333.333	5555.556	1.000	0.000	0.000
31944.000	381.000	380.000	1.000	6209.976	0.000	6060.606	6349.206	1.000	0.000	0.000
31945.000	337.000	336.000	1.000	7190.606	0.000	7017.544	7407.407	1.000	0.000	0.000
31946.000	317.000	316.000	1.000	10222.395	0.000	9523.810	10256.410	1.000	0.000	0.000
31947.000	1.000	0.000	1.000	839470.248	0.000	133333.333	10000000000.000	1.000	0.000	0.000
31948.000	852.000	851.000	2.000	4192.393	0.000	0.000	4301.075	1.000	0.000	0.000
31949.000	492.000	491.000	1.000	4592.867	0.000	4444.444	4597.701	1.000	0.000	0.000
31950.000	1306.000	1305.000	2.000	5008.879	0.000	4848.485	5031.447	1.000	0.000	0.000
31951.000	396.000	395.000	1.000	5498.378	0.000	5333.333	5555.556	1.000	0.000	0.000
31952.000	362.000	361.000	1.000	7400.910	0.000	7017.544	7407.407	1.000	0.000	0.000
31953.000	300.000	299.000	1.000	10248.353	0.000	9523.810	10256.410	1.000	0.000	0.000
31954.000	1.000	0.000	1.000	696035.658	0.000	133333.333	10000000000.000	1.000	0.000	0.000
31955.000	1419.000	1418.000	2.000	4291.357	0.000	0.000	4301.075	1.000	0.000	0.000
31956.000	710.000	709.000	1.000	4562.550	0.000	4444.444	4597.701	1.000	0.000	0.000
31957.000	473.000	472.000	1.000	5027.511	0.000	4848.485	5031.447	1.000	0.000	0.000
31958.000	414.000	413.000	1.000	5547.340	0.000	5333.333	5555.556	1.000	0.000	0.000
31959.000	387.000	386.000	1.000	6306.553	0.000	6060.606	6349.206	1.000	0.000	0.000
31960.000	335.000	334.000	1.000	7333.513	0.000	7017.544	7407.407	1.000	0.000	0.000
31961.000	301.000	300.000	1.000	10164.876	0.000	9523.810	10256.410	1.000	0.000	0.000
31962.000	1.000	0.000	1.000	185728.351	0.000	133333.333	10000000000.000	1.000	0.000	0.000
31963.000	811.000	810.000	1.000	4264.863	0.000	0.000	4301.075	1.000	0.000	0.000
31964.000	1345.000	1344.000	2.000	4589.055	0.000	4444.444	4597.701	1.000	0.000	0.000
31965.000	1321.000	1320.000	2.000	5011.921	0.000	4848.485	5031.447	1.000	0.000	0.000
31966.000	425.000	424.000	1.000	5536.934	0.000	5333.333	5555.556	1.000	0.000	0.000
31967.000	367.000	366.000	1.000	6322.535	0.000	6060.606	6349.206	1.000	0.000	0.000
31968.000	337.000	336.000	1.000	7170.961	0.000	7017.544	7407.407	1.000	0.000	0.000
31969.000	301.000	300.000	1.000	9763.504	0.000	9523.810	10256.410	1.000	0.000	0.000
31970.000	1.000	0.000	1.000	670445.140	0.000	133333.333	10000000000.000	1.000	0.000	0.000
31971.000	559.000	558.000	1.000	4293.796	0.000	0.000	4301.075	1.000	0.000	0.000
31972.000	854.000	853.000	2.000	4569.362	0.000	4444.444	4597.701	1.000	0.000	0.000
31973.000	426.000	425.000	1.000	5025.110	0.000	4848.485	5031.447	1.000	0.000	0.000
31974.000	469.000	468.000	1.000	5547.473	0.000	5333.333	5555.556	1.000	0.000	0.000
31975.000	775.000	773.000	2.000	6340.709	0.000	6060.606	6349.206	1.000	0.000	0.000
31976.000	351.000	350.000	1.000	7077.714	0.000	7017.544	7407.407	1.000	0.000	0.000
31977.000	302.000	301.000	1.000	9768.406	0.000	9523.810	10256.410	1.000	0.000	0.000
31978.000	1.000	0.000	1.000	297003.792	0.000	133333.333	10000000000.000	1.000	0.000	0.000
31979.000	1424.000	1423.000	2.000	4264.184	0.000	0.000	4301.075	1.000	0.000	0.000
31980.000	628.000	627.000	1.000	4592.310	0.000	4444.444	4597.701	1.000	0.000	0.000
31981.000	727.000	726.000	1.000	4976.957	0.000	4848.485	5031.447	1.000	0.000	0.000
31982.000	435.000	434.000	1.000	5512.467	0.000	5333.333	5555.556	1.000	0.000	0.000
31983.000	374.000	373.000	1.000	6342.614	0.000	6060.606	6349.206	1.000	0.000	0.000
31984.000	301.000	300.000	1.000	10216.728	0.000	9523.810	10256.410	1.000	0.000	0.000
31985.000	1.000	0.000	1.000	193497.986	0.000	133333.333	10000000000.000	1.000	0.000	0.000
31986.000	1434.000	1433.000	2.000	4299.271	0.000	0.000	4301.075	1.000	0.000	0.000
31987.000	760.000	759.000	1.000	4561.415	0.000	4444.444	4597.701	1.000	0.000	0.000
31988.000	479.000	478.000	1.000	5008.202	0.000	4848.485	5031.447	1.000	0.000	0.000
31989.000	438.000	437.000	1.000	5555.242	0.000	5333.333	5555.556	1.000	0.000	0.000
31990.000	393.000	392.000	1.000	6296.509	0.000	6060.606	6349.206	1.000	0.000	0.000
31991.000	343.000	342.000	1.000	7221.827	0.000	7017.544	7407.407	1.000	0.000	0.000
31992.000	303.000	302.000	1.000	10173.516	0.000	9523.810	10256.410	1.000	0.000	0.000
31993.000	1.000	0.000	1.000	351885.566	0.000	133333.333	10000000000.000	1.000	0.000	0.000
31994.000	2298.000	2297.000	3.000	4293.838	0.000	0.000	4301.075	1.000	0.000	0.000
31995.000	1361.000	1359.000	3.000	4592.928	0.000	4444.444	4597.701	1.000	0.000	0.000
31996.000	757.000	756.000	1.000	5007.173	0.000	4848.485	5031.447	1.000	0.000	0.000
31997.000	441.000	440.000	1.000	5534.321	0.000	5333.333	5555.556	1.000	0.000	0.000
31998.000	393.000	392.000	1.000	6310.324	0.000	6060.606	6349.206	1.000	0.000	0.000
31999.000	337.000	336.000	1.000	7340.376	0.000	7017.544	7407.407	1.000	0.000	0.000
32000.000	322.000	321.000	1.000	9804.566	0.000	9523.810	10256.410	1.000	0.000	0.000
32001.000	2.000	0.000	2.000	741845.008	0.000	133333.333	10000000000.000	1.000	0.000	0.000
32002.000	1380.000	1379.000	2.000	4298.894	0.000	0.000	4301.075	1.000	0.000	0.000
32003.000	1355.000	1353.000	3.000	4594.315	0.000	4444.444	4597.701	1.000	0.000	0.000
32004.000	458.000	457.000	1.000	4995.402	0.000	4848.485	5031.447	1.000	0.000	0.000
32005.000	455.000	454.000	1.000	5527.418	0.000	5333.333	5555.556	1.000	0.000	0.000
32006.000	369.000	368.000	1.000	6300.757	0.000	6060.606	6349.206	1.000	0.000	0.000
32007.000	339.000	338.000	1.000	7196.906	0.000	7017.544	7407.407	1.000	0.000	0.000
32008.000	315.000	314.000	1.000	10132.584	0.000	9523.810	10256.410	1.000	0.000	0.000
32009.000	1.000	0.000	1.000	445163.994	0.000	133333.333	10000000000.000	1.000	0.000	0.000
32010.000	852.000	851.000	2.000	4109.469	0.000	0.000	4301.075	1.000	0.000	0.000
32011.000	523.000	522.000	1.000	4582.100	0.000	4444.444	4597.701	1.000	0.000	0.000
32012.000	650.000	649.000	1.000	5027.722	0.000	4848.485	5031.447	1.000	0.000	0.000
32013.000	452.000	451.000	1.000	5554.329	0.000	5333.333	5555.556	1.000	0.000	0.000
32014.000	400.000	399.000	1.000	6335.992	0.000	6060.606	6349.206	1.000	0.000	0.000
32015.000	355.000	354.000	1.000	7230.432	0.000	7017.544	7407.407	1.000	0.000	0.000
32016.000	1.000	0.000	1.000	137944.627	0.000	133333.333	10000000000.000	1.000	0.000	0.000
32017.000	1404.000	1403.000	2.000	4287.533	0.000	0.000	4301.075	1.000	0.000	0.000
32018.000	876.000	875.000	2.000	4581.781	0.000	4444.444	4597.701	1.000	0.000	0.000
32019.000	1326.000	1325.000	2.000	4991.937	0.000	4848.485	5031.447	1.000	0.000	0.000
32020.000	423.000	422.000	1.000	5536.732	0.000	5333.333	5555.556	1.000	0.000	0.000
32021.000	374.000	373.000	1.000	6341.032	0.000	6060.606	6349.206	1.000	0.000	0.000
32022.000	339.000	338.000	1.000	7369.310	0.000	7017.544	7407.407	1.000	0.000	0.000
32023.000	291.000	290.000	1.000	9961.800	0.000	9523.810	10256.410	1.000	0.000	0.000
32024.000	2.000	0.000	2.000	388246.933	0.000	133333.333	10000000000.000	1.000	0.000	0.000
32025.000	873.000	872.000	2.000	4296.614	0.000	0.000	4301.075	1.000	0.000	0.000
32026.000	677.000	676.000	1.000	4580.262	0.000	4444.444	4597.701	1.000	0.000	0.000
32027.000	726.000	725.000	1.000	5021.039	0.000	4848.485	5031.447	1.000	0.000	0.000
32028.000	421.000	420.000	1.000	5511.647	0.000	5333.333	5555.556	1.000	0.000	0.000
32029.000	392.000	391.000	1.000	6330.061	0.000	6060.606	6349.206	1.000	0.000	0.000
32030.000	332.000	331.000	1.000	7302.485	0.000	7017.544	7407.407	1.000	0.000	0.000
32031.000	300.000	299.000	1.000	10189.051	0.000	9523.810	10256.410	1.000	0.000	0.000
32032.000	1.000	0.000	1.000	185857.191	0.000	133333.333	10000000000.000	1.000	0.000	0.000
32033.000	852.000	851.000	2.000	4154.576	0.000	0.000	4301.075	1.000	0.000	0.000
32034.000	1357.000	1356.000	2.000	4584.181	0.000	4444.444	4597.701	1.000	0.000	0.000
32035.000	490.000	489.000	1.000	4979.440	0.000	4848.485	5031.447	1.000	0.000	0.000
32036.000	434.000	433.000	1.000	5522.729	0.000	5333.333	5555.556	1.000	0.000	0.000
32037.000	367.000	366.000	1.000	6310.541	0.000	6060.606	6349.206	1.000	0.000	0.000
32038.000	341.000	340.000	1.000	7386.673	0.000	7017.544	7407.407	1.000	0.000	0.000
32039.000	315.000	314.000	1.000	9983.330	0.000	9523.810	10256.410	1.000	0.000	0.000
32040.000	1.000	0.000	1.000	151281.929	0.000	133333.333	10000000000.000	1.000	0.000	0.000
32041.000	840.000	839.000	1.000	4299.404	0.000	0.000	4301.075	1.000	0.000	0.000
32042.000	1370.000	1369.000	2.000	4563.124	0.000	4444.444	4597.701	1.000	0.000	0.000
32043.000	505.000	504.000	1.000	4983.444	0.000	4848.485	5031.447	1.000	0.000	0.000
32044.000	431.000	430.000	1.000	5527.611	0.000	5333.333	5555.556	1.000	0.000	0.000
32045.000	382.000	381.000	1.000	6323.820	0.000	6060.606	6349.206	1.000	0.000	0.000
32046.000	362.000	361.000	1.000	7252.277	0.000	7017.544	7407.407	1.000	0.000	0.000
32047.000	308.000	307.000	1.000	9849.093	0.000	9523.810	10256.410	1.000	0.000	0.000
