30768.000	562.000	561.000	1.000	4295.602	0.000	0.000	4301.075	1.000	0.000	0.000
30769.000	504.000	503.000	1.000	4443.939	0.000	4301.075	4444.444	1.000	0.000	0.000
30770.000	484.000	483.000	1.000	4588.154	0.000	4444.444	4597.701	1.000	0.000	0.000
30771.000	533.000	532.000	1.000	4715.311	0.000	4597.701	4761.905	1.000	0.000	0.000
30772.000	456.000	455.000	1.000	4911.546	0.000	4761.905	4938.272	1.000	0.000	0.000
30773.000	484.000	481.000	3.000	5094.742	0.000	4938.272	5128.205	1.000	0.000	0.000
30774.000	396.000	395.000	1.000	5324.070	0.000	5128.205	5333.333	1.000	0.000	0.000
30000.000	781.000	780.000	1.000	4295.003	0.000	0.000	4301.075	1.000	0.000	0.000
30001.000	740.000	739.000	1.000	4426.955	0.000	4301.075	4444.444	1.000	0.000	0.000
30002.000	753.000	752.000	1.000	4588.112	0.000	4444.444	4597.701	1.000	0.000	0.000
30003.000	512.000	511.000	1.000	4751.287	0.000	4597.701	4761.905	1.000	0.000	0.000
30004.000	466.000	465.000	1.000	4930.046	0.000	4761.905	4938.272	1.000	0.000	0.000
30005.000	409.000	408.000	1.000	5117.694	0.000	4938.272	5128.205	1.000	0.000	0.000
30006.000	405.000	404.000	1.000	5320.053	0.000	5128.205	5333.333	1.000	0.000	0.000
30007.000	512.000	511.000	1.000	5495.472	0.000	5333.333	5555.556	1.000	0.000	0.000
30008.000	399.000	398.000	1.000	5781.161	0.000	5555.556	5797.101	1.000	0.000	0.000
30009.000	376.000	375.000	1.000	6028.518	0.000	5797.101	6060.606	1.000	0.000	0.000
30010.000	385.000	384.000	1.000	6337.271	0.000	6060.606	6349.206	1.000	0.000	0.000
30011.000	384.000	383.000	1.000	6661.600	0.000	6349.206	6666.667	1.000	0.000	0.000
30012.000	343.000	342.000	1.000	6941.342	0.000	6666.667	7017.544	1.000	0.000	0.000
30013.000	349.000	348.000	1.000	7236.877	0.000	7017.544	7407.407	1.000	0.000	0.000
30014.000	340.000	339.000	1.000	7776.557	0.000	7407.407	7843.137	1.000	0.000	0.000
30015.000	296.000	295.000	1.000	8245.810	0.000	7843.137	8333.333	1.000	0.000	0.000
30016.000	1150.000	1147.000	3.000	8488.472	0.000	8333.333	8888.889	1.000	0.000	0.000
30017.000	316.000	315.000	1.000	9212.485	0.000	8888.889	9523.810	1.000	0.000	0.000
30018.000	314.000	313.000	1.000	10153.319	0.000	9523.810	10256.410	1.000	0.000	0.000
30019.000	297.000	296.000	1.000	10756.596	0.000	10256.410	11111.111	1.000	0.000	0.000
30020.000	344.000	343.000	1.000	12116.639	0.000	11111.111	12121.212	1.000	0.000	0.000
30021.000	271.000	270.000	1.000	12866.272	0.000	12121.212	13333.333	1.000	0.000	0.000
30022.000	535.000	533.000	2.000	14464.738	0.000	13333.333	14814.815	1.000	0.000	0.000
30023.000	526.000	524.000	2.000	16533.817	0.000	14814.815	16700.000	1.000	0.000	0.000
30024.000	287.000	286.000	1.000	18590.682	0.000	16666.667	19047.619	1.000	0.000	0.000
30025.000	248.000	247.000	1.000	19512.295	0.000	19047.619	22222.222	1.000	0.000	0.000
30026.000	2354.000	2347.000	7.000	22615.182	0.000	22222.222	26666.667	1.000	0.000	0.000
30027.000	240.000	239.000	1.000	31834.639	0.000	26666.667	33333.333	1.000	0.000	0.000
30028.000	231.000	230.000	1.000	34522.050	0.000	33333.333	44444.444	1.000	0.000	0.000
30029.000	227.000	226.000	1.000	55320.268	0.000	44444.444	66666.667	1.000	0.000	0.000
30030.000	1.000	0.000	1.000	94614.908	0.000	66666.667	133333.333	1.000	0.000	0.000
30031.000	4.000	0.000	4.000	165038.088	0.000	133333.333	10000000000.000	1.000	0.000	0.000
30032.000	832.000	831.000	1.000	4317.931	0.000	4301.075	4444.444	1.000	0.000	0.000
30033.000	536.000	535.000	1.000	4596.322	0.000	4444.444	4597.701	1.000	0.000	0.000
30034.000	661.000	660.000	1.000	4693.832	0.000	4597.701	4761.905	1.000	0.000	0.000
30035.000	804.000	803.000	1.000	4924.331	0.000	4761.905	4938.272	1.000	0.000	0.000
30036.000	446.000	445.000	1.000	5098.889	0.000	4938.272	5128.205	1.000	0.000	0.000
30037.000	437.000	436.000	1.000	5323.078	0.000	5128.205	5333.333	1.000	0.000	0.000
30038.000	508.000	507.000	1.000	5529.392	0.000	5333.333	5555.556	1.000	0.000	0.000
30039.000	400.000	399.000	1.000	5787.241	0.000	5555.556	5797.101	1.000	0.000	0.000
30040.000	377.000	376.000	1.000	6032.089	0.000	5797.101	6060.606	1.000	0.000	0.000
30041.000	366.000	365.000	1.000	6295.064	0.000	6060.606	6349.206	1.000	0.000	0.000
30042.000	385.000	384.000	1.000	6662.734	0.000	6349.206	6666.667	1.000	0.000	0.000
30043.000	359.000	358.000	1.000	6941.771	0.000	6666.667	7017.544	1.000	0.000	0.000
30044.000	382.000	381.000	1.000	7254.664	0.000	7017.544	7407.407	1.000	0.000	0.000
30045.000	334.000	333.000	1.000	7670.089	0.000	7407.407	7843.137	1.000	0.000	0.000
30046.000	314.000	313.000	1.000	8203.452	0.000	7843.137	8333.333	1.000	0.000	0.000
30047.000	307.000	306.000	1.000	8834.764	0.000	8333.333	8888.889	1.000	0.000	0.000
30048.000	298.000	297.000	1.000	9269.045	0.000	8888.889	9523.810	1.000	0.000	0.000
30049.000	332.000	331.000	1.000	10147.817	0.000	9523.810	10256.410	1.000	0.000	0.000
30050.000	289.000	288.000	1.000	11086.594	0.000	10256.410	11111.111	1.000	0.000	0.000
30051.000	315.000	314.000	1.000	11981.466	0.000	11111.111	12121.212	1.000	0.000	0.000
30052.000	283.000	282.000	1.000	12916.420	0.000	12121.212	13333.333	1.000	0.000	0.000
30053.000	554.000	552.000	2.000	13649.369	0.000	13333.333	14814.815	1.000	0.000	0.000
30054.000	279.000	278.000	1.000	15810.455	0.000	14814.815	16700.000	1.000	0.000	0.000
30055.000	262.000	261.000	1.000	18834.062	0.000	16666.667	19047.619	1.000	0.000	0.000
30056.000	258.000	257.000	1.000	21991.465	0.000	19047.619	22222.222	1.000	0.000	0.000
30057.000	296.000	293.000	3.000	25570.359	0.000	22222.222	26666.667	1.000	0.000	0.000
30058.000	256.000	255.000	1.000	29986.519	0.000	26666.667	33333.333	1.000	0.000	0.000
30059.000	444.000	442.000	2.000	38841.156	0.000	33333.333	44444.444	1.000	0.000	0.000
30060.000	1.000	0.000	1.000	66046.536	0.000	44444.444	66666.667	1.000	0.000	0.000
30061.000	1.000	0.000	1.000	116827.020	0.000	66666.667	133333.333	1.000	0.000	0.000
30062.000	1.000	0.000	1.000	386052.233	0.000	133333.333	10000000000.000	1.000	0.000	0.000
30063.000	1355.000	1354.000	2.000	4300.375	0.000	0.000	4301.075	1.000	0.000	0.000
30064.000	525.000	524.000	1.000	4585.267	0.000	4444.444	4597.701	1.000	0.000	0.000
30065.000	860.000	851.000	10.000	4460.804	0.000	4597.701	4761.905	0.000	0.000	0.000
30066.000	467.000	466.000	1.000	4937.888	0.000	4761.905	4938.272	1.000	0.000	0.000
30067.000	624.000	623.000	1.000	4972.786	0.000	4938.272	5128.205	1.000	0.000	0.000
30068.000	525.000	524.000	1.000	5272.593	0.000	5128.205	5333.333	1.000	0.000	0.000
30069.000	416.000	415.000	1.000	5550.151	0.000	5333.333	5555.556	1.000	0.000	0.000
30070.000	484.000	483.000	1.000	5749.695	0.000	5555.556	5797.101	1.000	0.000	0.000
30071.000	420.000	419.000	1.000	6044.315	0.000	5797.101	6060.606	1.000	0.000	0.000
30072.000	390.000	389.000	1.000	6330.487	0.000	6060.606	6349.206	1.000	0.000	0.000
30073.000	364.000	363.000	1.000	6656.609	0.000	6349.206	6666.667	1.000	0.000	0.000
30074.000	349.000	348.000	1.000	6836.366	0.000	6666.667	7017.544	1.000	0.000	0.000
30075.000	365.000	364.000	1.000	7373.631	0.000	7017.544	7407.407	1.000	0.000	0.000
30076.000	667.000	665.000	2.000	7731.759	0.000	7407.407	7843.137	1.000	0.000	0.000
30077.000	327.000	326.000	1.000	8289.259	0.000	7843.137	8333.333	1.000	0.000	0.000
30078.000	316.000	315.000	1.000	8582.387	0.000	8333.333	8888.889	1.000	0.000	0.000
30079.000	321.000	320.000	1.000	9211.267	0.000	8888.889	9523.810	1.000	0.000	0.000
30080.000	284.000	283.000	1.000	9566.612	0.000	9523.810	10256.410	1.000	0.000	0.000
30081.000	676.000	669.000	7.000	11087.688	0.000	10256.410	11111.111	1.000	0.000	0.000
30082.000	311.000	310.000	1.000	11695.178	0.000	11111.111	12121.212	1.000	0.000	0.000
30083.000	274.000	273.000	1.000	13184.706	0.000	12121.212	13333.333	1.000	0.000	0.000
30084.000	281.000	280.000	1.000	13986.067	0.000	13333.333	14814.815	1.000	0.000	0.000
30085.000	266.000	265.000	1.000	16674.874	0.000	14814.815	16700.000	1.000	0.000	0.000
30086.000	498.000	496.000	2.000	17408.206	0.000	16666.667	19047.619	1.000	0.000	0.000
30087.000	507.000	505.000	2.000	21865.555	0.000	19047.619	22222.222	1.000	0.000	0.000
30088.000	256.000	255.000	1.000	24315.923	0.000	22222.222	26666.667	1.000	0.000	0.000
30089.000	496.000	494.000	2.000	33050.532	0.000	26666.667	33333.333	1.000	0.000	0.000
30090.000	243.000	242.000	1.000	34984.975	0.000	33333.333	44444.444	1.000	0.000	0.000
30091.000	12.000	11.000	1.000	65930.266	0.000	44444.444	66666.667	1.000	0.000	0.000
30092.000	1.000	0.000	1.000	126034.519	0.000	66666.667	133333.333	1.000	0.000	0.000
30093.000	1.000	0.000	1.000	170867.533	0.000	133333.333	10000000000.000	1.000	0.000	0.000
30094.000	2170.000	2169.000	3.000	4294.913	0.000	0.000	4301.075	1.000	0.000	0.000
30095.000	831.000	830.000	1.000	4387.019	0.000	4301.075	4444.444	1.000	0.000	0.000
30096.000	617.000	616.000	1.000	4731.241	0.000	4597.701	4761.905	1.000	0.000	0.000
30097.000	515.000	514.000	1.000	4895.929	0.000	4761.905	4938.272	1.000	0.000	0.000
30098.000	450.000	449.000	1.000	5126.786	0.000	4938.272	5128.205	1.000	0.000	0.000
30099.000	443.000	442.000	1.000	5287.963	0.000	5128.205	5333.333	1.000	0.000	0.000
30100.000	403.000	402.000	1.000	5547.173	0.000	5333.333	5555.556	1.000	0.000	0.000
30101.000	486.000	485.000	1.000	5779.789	0.000	5555.556	5797.101	1.000	0.000	0.000
30102.000	414.000	413.000	1.000	5999.039	0.000	5797.101	6060.606	1.000	0.000	0.000
30103.000	421.000	420.000	1.000	6334.666	0.000	6060.606	6349.206	1.000	0.000	0.000
30104.000	355.000	354.000	1.000	6577.203	0.000	6349.206	6666.667	1.000	0.000	0.000
30105.000	363.000	362.000	1.000	6834.729	0.000	6666.667	7017.544	1.000	0.000	0.000
30106.000	340.000	339.000	1.000	7362.549	0.000	7017.544	7407.407	1.000	0.000	0.000
30107.000	344.000	343.000	1.000	7780.535	0.000	7407.407	7843.137	1.000	0.000	0.000
30108.000	335.000	334.000	1.000	8205.559	0.000	7843.137	8333.333	1.000	0.000	0.000
30109.000	615.000	613.000	2.000	8882.960	0.000	8333.333	8888.889	1.000	0.000	0.000
30110.000	322.000	321.000	1.000	9312.141	0.000	8888.889	9523.810	1.000	0.000	0.000
30111.000	307.000	306.000	1.000	9583.617	0.000	9523.810	10256.410	1.000	0.000	0.000
30112.000	1022.000	1019.000	3.000	11076.193	0.000	10256.410	11111.111	1.000	0.000	0.000
30113.000	287.000	286.000	1.000	11604.891	0.000	11111.111	12121.212	1.000	0.000	0.000
30114.000	289.000	288.000	1.000	12201.448	0.000	12121.212	13333.333	1.000	0.000	0.000
30115.000	291.000	290.000	1.000	13541.957	0.000	13333.333	14814.815	1.000	0.000	0.000
30116.000	259.000	257.000	2.000	15142.993	0.000	14814.815	16700.000	1.000	0.000	0.000
30117.000	271.000	270.000	1.000	16701.500	0.000	16666.667	19047.619	1.000	0.000	0.000
30118.000	523.000	521.000	2.000	22194.381	0.000	19047.619	22222.222	1.000	0.000	0.000
30119.000	777.000	774.000	3.000	22665.366	0.000	22222.222	26666.667	1.000	0.000	0.000
30120.000	247.000	246.000	1.000	29752.904	0.000	26666.667	33333.333	1.000	0.000	0.000
30121.000	442.000	440.000	2.000	35583.296	0.000	33333.333	44444.444	1.000	0.000	0.000
30122.000	419.000	417.000	2.000	65180.105	0.000	44444.444	66666.667	1.000	0.000	0.000
30123.000	2.000	1.000	1.000	130409.013	0.000	66666.667	133333.333	1.000	0.000	0.000
30124.000	3.000	0.000	3.000	188758.062	0.000	133333.333	10000000000.000	1.000	0.000	0.000
30125.000	1743.000	1742.000	3.000	4300.689	0.000	0.000	4301.075	1.000	0.000	0.000
30126.000	852.000	851.000	2.000	4401.795	0.000	4301.075	4444.444	1.000	0.000	0.000
30127.000	736.000	735.000	1.000	4567.984	0.000	4444.444	4597.701	1.000	0.000	0.000
30128.000	494.000	493.000	1.000	4934.943	0.000	4761.905	4938.272	1.000	0.000	0.000
30129.000	441.000	440.000	1.000	5089.687	0.000	4938.272	5128.205	1.000	0.000	0.000
30130.000	409.000	408.000	1.000	5274.437	0.000	5128.205	5333.333	1.000	0.000	0.000
30131.000	745.000	744.000	1.000	5542.688	0.000	5333.333	5555.556	1.000	0.000	0.000
30132.000	402.000	401.000	1.000	5754.112	0.000	5555.556	5797.101	1.000	0.000	0.000
30133.000	378.000	377.000	1.000	6032.434	0.000	5797.101	6060.606	1.000	0.000	0.000
30134.000	408.000	407.000	1.000	6266.623	0.000	6060.606	6349.206	1.000	0.000	0.000
30135.000	389.000	388.000	1.000	6639.668	0.000	6349.206	6666.667	1.000	0.000	0.000
30136.000	355.000	354.000	1.000	7014.624	0.000	6666.667	7017.544	1.000	0.000	0.000
30137.000	344.000	343.000	1.000	7332.664	0.000	7017.544	7407.407	1.000	0.000	0.000
30138.000	335.000	334.000	1.000	7490.632	0.000	7407.407	7843.137	1.000	0.000	0.000
30139.000	370.000	369.000	1.000	8013.612	0.000	7843.137	8333.333	1.000	0.000	0.000
30140.000	359.000	358.000	1.000	8595.582	0.000	8333.333	8888.889	1.000	0.000	0.000
30141.000	320.000	319.000	1.000	9471.912	0.000	8888.889	9523.810	1.000	0.000	0.000
30142.000	307.000	306.000	1.000	9887.145	0.000	9523.810	10256.410	1.000	0.000	0.000
30143.000	304.000	303.000	1.000	10660.362	0.000	10256.410	11111.111	1.000	0.000	0.000
30144.000	860.000	857.000	3.000	11682.037	0.000	11111.111	12121.212	1.000	0.000	0.000
30145.000	288.000	287.000	1.000	12881.881	0.000	12121.212	13333.333	1.000	0.000	0.000
30146.000	557.000	555.000	2.000	14735.782	0.000	13333.333	14814.815	1.000	0.000	0.000
30147.000	264.000	263.000	1.000	14921.959	0.000	14814.815	16700.000	1.000	0.000	0.000
30148.000	548.000	546.000	2.000	17756.184	0.000	16666.667	19047.619	1.000	0.000	0.000
30149.000	247.000	246.000	1.000	21499.381	0.000	19047.619	22222.222	1.000	0.000	0.000
30150.000	258.000	257.000	1.000	25750.142	0.000	22222.222	26666.667	1.000	0.000	0.000
30151.000	218.000	217.000	1.000	32613.245	0.000	26666.667	33333.333	1.000	0.000	0.000
30152.000	218.000	217.000	1.000	43366.297	0.000	33333.333	44444.444	1.000	0.000	0.000
30153.000	1306.000	1300.000	6.000	66274.005	0.000	44444.444	66666.667	1.000	0.000	0.000
30154.000	221.000	220.000	1.000	132296.270	0.000	66666.667	133333.333	1.000	0.000	0.000
30155.000	1.000	0.000	1.000	140362.855	0.000	133333.333	10000000000.000	1.000	0.000	0.000
30156.000	1433.000	1432.000	2.000	4301.050	0.000	0.000	4301.075	1.000	0.000	0.000
30157.000	859.000	851.000	9.000	4399.026	0.000	4301.075	4444.444	1.000	0.000	0.000
30158.000	870.000	869.000	2.000	4588.922	0.000	4444.444	4597.701	1.000	0.000	0.000
30159.000	479.000	478.000	1.000	4740.333	0.000	4597.701	4761.905	1.000	0.000	0.000
30160.000	471.000	470.000	1.000	5123.890	0.000	4938.272	5128.205	1.000	0.000	0.000
30161.000	437.000	436.000	1.000	5310.805	0.000	5128.205	5333.333	1.000	0.000	0.000
30162.000	446.000	445.000	1.000	5526.067	0.000	5333.333	5555.556	1.000	0.000	0.000
30163.000	380.000	379.000	1.000	5637.287	0.000	5555.556	5797.101	1.000	0.000	0.000
30164.000	374.000	373.000	1.000	6033.071	0.000	5797.101	6060.606	1.000	0.000	0.000
30165.000	388.000	387.000	1.000	6323.177	0.000	6060.606	6349.206	1.000	0.000	0.000
30166.000	357.000	356.000	1.000	6651.092	0.000	6349.206	6666.667	1.000	0.000	0.000
30167.000	359.000	358.000	1.000	7011.362	0.000	6666.667	7017.544	1.000	0.000	0.000
30168.000	345.000	344.000	1.000	7370.822	0.000	7017.544	7407.407	1.000	0.000	0.000
30169.000	337.000	336.000	1.000	7800.679	0.000	7407.407	7843.137	1.000	0.000	0.000
30170.000	340.000	339.000	1.000	8193.629	0.000	7843.137	8333.333	1.000	0.000	0.000
30171.000	315.000	314.000	1.000	8707.193	0.000	8333.333	8888.889	1.000	0.000	0.000
30172.000	326.000	325.000	1.000	9109.028	0.000	8888.889	9523.810	1.000	0.000	0.000
30173.000	623.000	621.000	2.000	10093.237	0.000	9523.810	10256.410	1.000	0.000	0.000
30174.000	342.000	341.000	1.000	10266.115	0.000	10256.410	11111.111	1.000	0.000	0.000
30175.000	294.000	293.000	1.000	11712.128	0.000	11111.111	12121.212	1.000	0.000	0.000
30176.000	289.000	288.000	1.000	13289.192	0.000	12121.212	13333.333	1.000	0.000	0.000
30177.000	271.000	270.000	1.000	14673.948	0.000	13333.333	14814.815	1.000	0.000	0.000
30178.000	533.000	531.000	2.000	16425.590	0.000	14814.815	16700.000	1.000	0.000	0.000
30179.000	235.000	234.000	1.000	18546.530	0.000	16666.667	19047.619	1.000	0.000	0.000
30180.000	288.000	287.000	1.000	20880.204	0.000	19047.619	22222.222	1.000	0.000	0.000
30181.000	244.000	243.000	1.000	24315.244	0.000	22222.222	26666.667	1.000	0.000	0.000
30182.000	260.000	259.000	1.000	31125.129	0.000	26666.667	33333.333	1.000	0.000	0.000
30183.000	244.000	243.000	1.000	43313.446	0.000	33333.333	44444.444	1.000	0.000	0.000
30184.000	10.000	0.000	10.000	35538.275	0.000	44444.444	66666.667	0.000	0.000	0.000
30185.000	3.000	0.000	3.000	78374.528	0.000	66666.667	133333.333	1.000	0.000	0.000
30186.000	2.000	0.000	2.000	196322.853	0.000	133333.333	10000000000.000	1.000	0.000	0.000
30187.000	1454.000	1453.000	2.000	4297.621	0.000	0.000	4301.075	1.000	0.000	0.000
30188.000	702.000	701.000	1.000	4391.893	0.000	4301.075	4444.444	1.000	0.000	0.000
30189.000	747.000	746.000	1.000	4589.684	0.000	4444.444	4597.701	1.000	0.000	0.000
30190.000	738.000	737.000	1.000	4714.066	0.000	4597.701	4761.905	1.000	0.000	0.000
30191.000	487.000	486.000	1.000	4926.573	0.000	4761.905	4938.272	1.000	0.000	0.000
30192.000	422.000	421.000	1.000	5327.401	0.000	5128.205	5333.333	1.000	0.000	0.000
30193.000	563.000	562.000	1.000	5518.704	0.000	5333.333	5555.556	1.000	0.000	0.000
30194.000	530.000	529.000	1.000	5750.104	0.000	5555.556	5797.101	1.000	0.000	0.000
30195.000	447.000	446.000	1.000	5942.915	0.000	5797.101	6060.606	1.000	0.000	0.000
30196.000	418.000	417.000	1.000	6314.179	0.000	6060.606	6349.206	1.000	0.000	0.000
30197.000	391.000	390.000	1.000	6646.853	0.000	6349.206	6666.667	1.000	0.000	0.000
30198.000	353.000	352.000	1.000	6884.689	0.000	6666.667	7017.544	1.000	0.000	0.000
30199.000	371.000	370.000	1.000	7328.344	0.000	7017.544	7407.407	1.000	0.000	0.000
30200.000	353.000	352.000	1.000	7835.813	0.000	7407.407	7843.137	1.000	0.000	0.000
30201.000	331.000	330.000	1.000	8169.146	0.000	7843.137	8333.333	1.000	0.000	0.000
30202.000	378.000	377.000	1.000	8738.542	0.000	8333.333	8888.889	1.000	0.000	0.000
30203.000	310.000	309.000	1.000	9289.416	0.000	8888.889	9523.810	1.000	0.000	0.000
30204.000	303.000	302.000	1.000	9593.436	0.000	9523.810	10256.410	1.000	0.000	0.000
30205.000	327.000	326.000	1.000	10907.373	0.000	10256.410	11111.111	1.000	0.000	0.000
30206.000	302.000	301.000	1.000	12013.411	0.000	11111.111	12121.212	1.000	0.000	0.000
30207.000	561.000	559.000	2.000	13252.835	0.000	12121.212	13333.333	1.000	0.000	0.000
30208.000	275.000	274.000	1.000	14442.066	0.000	13333.333	14814.815	1.000	0.000	0.000
30209.000	270.000	269.000	1.000	15643.015	0.000	14814.815	16700.000	1.000	0.000	0.000
30210.000	259.000	258.000	1.000	18496.987	0.000	16666.667	19047.619	1.000	0.000	0.000
30211.000	710.000	707.000	3.000	20243.907	0.000	19047.619	22222.222	1.000	0.000	0.000
30212.000	530.000	528.000	2.000	25356.281	0.000	22222.222	26666.667	1.000	0.000	0.000
30213.000	222.000	221.000	1.000	28749.663	0.000	26666.667	33333.333	1.000	0.000	0.000
30214.000	238.000	237.000	1.000	41457.443	0.000	33333.333	44444.444	1.000	0.000	0.000
30215.000	642.000	639.000	3.000	63405.011	0.000	44444.444	66666.667	1.000	0.000	0.000
30216.000	1.000	0.000	1.000	111070.985	0.000	66666.667	133333.333	1.000	0.000	0.000
30217.000	1.000	0.000	1.000	175853.973	0.000	133333.333	10000000000.000	1.000	0.000	0.000
30218.000	809.000	808.000	1.000	4220.025	0.000	0.000	4301.075	1.000	0.000	0.000
30219.000	1452.000	1451.000	2.000	4419.153	0.000	4301.075	4444.444	1.000	0.000	0.000
30220.000	1310.000	1307.000	4.000	4583.306	0.000	4444.444	4597.701	1.000	0.000	0.000
30221.000	725.000	724.000	1.000	4752.979	0.000	4597.701	4761.905	1.000	0.000	0.000
30222.000	1323.000	1322.000	2.000	4927.793	0.000	4761.905	4938.272	1.000	0.000	0.000
30223.000	463.000	462.000	1.000	5102.586	0.000	4938.272	5128.205	1.000	0.000	0.000
30224.000	438.000	437.000	1.000	5470.269	0.000	5333.333	5555.556	1.000	0.000	0.000
30225.000	416.000	415.000	1.000	5777.852	0.000	5555.556	5797.101	1.000	0.000	0.000
30226.000	381.000	380.000	1.000	6059.078	0.000	5797.101	6060.606	1.000	0.000	0.000
30227.000	406.000	405.000	1.000	6299.447	0.000	6060.606	6349.206	1.000	0.000	0.000
30228.000	323.000	322.000	1.000	6569.028	0.000	6349.206	6666.667	1.000	0.000	0.000
30229.000	374.000	373.000	1.000	6959.234	0.000	6666.667	7017.544	1.000	0.000	0.000
30230.000	343.000	342.000	1.000	7402.357	0.000	7017.544	7407.407	1.000	0.000	0.000
30231.000	341.000	340.000	1.000	7507.408	0.000	7407.407	7843.137	1.000	0.000	0.000
30232.000	316.000	315.000	1.000	8318.083	0.000	7843.137	8333.333	1.000	0.000	0.000
30233.000	316.000	315.000	1.000	8870.833	0.000	8333.333	8888.889	1.000	0.000	0.000
30234.000	334.000	333.000	1.000	9218.020	0.000	8888.889	9523.810	1.000	0.000	0.000
30235.000	307.000	306.000	1.000	10037.737	0.000	9523.810	10256.410	1.000	0.000	0.000
30236.000	293.000	292.000	1.000	10654.688	0.000	10256.410	11111.111	1.000	0.000	0.000
30237.000	359.000	358.000	1.000	11959.209	0.000	11111.111	12121.212	1.000	0.000	0.000
30238.000	3.000	0.000	3.000	13172.091	0.000	12121.212	13333.333	1.000	0.000	0.000
30239.000	281.000	280.000	1.000	13747.204	0.000	13333.333	14814.815	1.000	0.000	0.000
30240.000	9.000	1.000	8.000	15980.199	0.000	14814.815	16700.000	1.000	0.000	0.000
30241.000	271.000	270.000	1.000	18705.300	0.000	16666.667	19047.619	1.000	0.000	0.000
30242.000	500.000	498.000	2.000	20799.777	0.000	19047.619	22222.222	1.000	0.000	0.000
30243.000	232.000	231.000	1.000	25615.870	0.000	22222.222	26666.667	1.000	0.000	0.000
30244.000	246.000	245.000	1.000	27197.484	0.000	26666.667	33333.333	1.000	0.000	0.000
30245.000	3.000	0.000	3.000	40993.411	0.000	33333.333	44444.444	1.000	0.000	0.000
30246.000	407.000	405.000	2.000	56916.758	0.000	44444.444	66666.667	1.000	0.000	0.000
30247.000	1.000	0.000	1.000	106294.869	0.000	66666.667	133333.333	1.000	0.000	0.000
30248.000	1.000	0.000	1.000	148838.249	0.000	133333.333	10000000000.000	1.000	0.000	0.000
30249.000	1426.000	1425.000	2.000	4300.142	0.000	0.000	4301.075	1.000	0.000	0.000
30250.000	710.000	709.000	1.000	4412.614	0.000	4301.075	4444.444	1.000	0.000	0.000
30251.000	775.000	774.000	1.000	4549.404	0.000	4444.444	4597.701	1.000	0.000	0.000
30252.000	860.000	851.000	10.000	4460.786	0.000	4597.701	4761.905	0.000	0.000	0.000
30253.000	458.000	457.000	1.000	4931.994	0.000	4761.905	4938.272	1.000	0.000	0.000
30254.000	455.000	454.000	1.000	5127.594	0.000	4938.272	5128.205	1.000	0.000	0.000
30255.000	619.000	618.000	1.000	5187.838	0.000	5128.205	5333.333	1.000	0.000	0.000
30256.000	392.000	391.000	1.000	5686.389	0.000	5555.556	5797.101	1.000	0.000	0.000
30257.000	376.000	375.000	1.000	5930.055	0.000	5797.101	6060.606	1.000	0.000	0.000
30258.000	391.000	390.000	1.000	6296.964	0.000	6060.606	6349.206	1.000	0.000	0.000
30259.000	367.000	366.000	1.000	6624.124	0.000	6349.206	6666.667	1.000	0.000	0.000
30260.000	413.000	412.000	1.000	6950.332	0.000	6666.667	7017.544	1.000	0.000	0.000
30261.000	343.000	342.000	1.000	7359.127	0.000	7017.544	7407.407	1.000	0.000	0.000
30262.000	367.000	366.000	1.000	7627.742	0.000	7407.407	7843.137	1.000	0.000	0.000
30263.000	343.000	342.000	1.000	8075.315	0.000	7843.137	8333.333	1.000	0.000	0.000
30264.000	307.000	306.000	1.000	8850.141	0.000	8333.333	8888.889	1.000	0.000	0.000
30265.000	316.000	315.000	1.000	9151.655	0.000	8888.889	9523.810	1.000	0.000	0.000
30266.000	315.000	314.000	1.000	10165.588	0.000	9523.810	10256.410	1.000	0.000	0.000
30267.000	300.000	299.000	1.000	11069.575	0.000	10256.410	11111.111	1.000	0.000	0.000
30268.000	288.000	287.000	1.000	12029.344	0.000	11111.111	12121.212	1.000	0.000	0.000
30269.000	819.000	816.000	3.000	12544.893	0.000	12121.212	13333.333	1.000	0.000	0.000
30270.000	290.000	289.000	1.000	14428.127	0.000	13333.333	14814.815	1.000	0.000	0.000
30271.000	245.000	244.000	1.000	16160.597	0.000	14814.815	16700.000	1.000	0.000	0.000
30272.000	566.000	564.000	2.000	18459.147	0.000	16666.667	19047.619	1.000	0.000	0.000
30273.000	8.000	0.000	8.000	19733.396	0.000	19047.619	22222.222	1.000	0.000	0.000
30274.000	257.000	256.000	1.000	25371.982	0.000	22222.222	26666.667	1.000	0.000	0.000
30275.000	244.000	243.000	1.000	30779.383	0.000	26666.667	33333.333	1.000	0.000	0.000
30276.000	236.000	235.000	1.000	44396.682	0.000	33333.333	44444.444	1.000	0.000	0.000
30277.000	413.000	411.000	2.000	47983.304	0.000	44444.444	66666.667	1.000	0.000	0.000
30278.000	405.000	403.000	2.000	88118.302	0.000	66666.667	133333.333	1.000	0.000	0.000
30279.000	2.000	0.000	2.000	400340.598	0.000	133333.333	10000000000.000	1.000	0.000	0.000
30280.000	852.000	851.000	2.000	4169.856	0.000	0.000	4301.075	1.000	0.000	0.000
30281.000	778.000	777.000	1.000	4421.812	0.000	4301.075	4444.444	1.000	0.000	0.000
30282.000	522.000	521.000	1.000	4578.227	0.000	4444.444	4597.701	1.000	0.000	0.000
30283.000	555.000	554.000	1.000	4758.414	0.000	4597.701	4761.905	1.000	0.000	0.000
30284.000	510.000	509.000	1.000	4883.778	0.000	4761.905	4938.272	1.000	0.000	0.000
30285.000	468.000	467.000	1.000	5085.042	0.000	4938.272	5128.205	1.000	0.000	0.000
30286.000	436.000	435.000	1.000	5280.971	0.000	5128.205	5333.333	1.000	0.000	0.000
30287.000	460.000	459.000	1.000	5549.665	0.000	5333.333	5555.556	1.000	0.000	0.000
30288.000	402.000	401.000	1.000	6053.455	0.000	5797.101	6060.606	1.000	0.000	0.000
30289.000	364.000	363.000	1.000	6344.486	0.000	6060.606	6349.206	1.000	0.000	0.000
30290.000	388.000	387.000	1.000	6572.437	0.000	6349.206	6666.667	1.000	0.000	0.000
30291.000	338.000	337.000	1.000	6780.416	0.000	6666.667	7017.544	1.000	0.000	0.000
30292.000	337.000	336.000	1.000	7317.090	0.000	7017.544	7407.407	1.000	0.000	0.000
30293.000	338.000	337.000	1.000	7841.635	0.000	7407.407	7843.137	1.000	0.000	0.000
30294.000	340.000	339.000	1.000	8283.798	0.000	7843.137	8333.333	1.000	0.000	0.000
30295.000	315.000	314.000	1.000	8557.168	0.000	8333.333	8888.889	1.000	0.000	0.000
30296.000	312.000	311.000	1.000	9377.933	0.000	8888.889	9523.810	1.000	0.000	0.000
30297.000	302.000	301.000	1.000	9718.689	0.000	9523.810	10256.410	1.000	0.000	0.000
30298.000	305.000	304.000	1.000	11082.607	0.000	10256.410	11111.111	1.000	0.000	0.000
30299.000	275.000	274.000	1.000	12120.687	0.000	11111.111	12121.212	1.000	0.000	0.000
30300.000	269.000	268.000	1.000	12924.184	0.000	12121.212	13333.333	1.000	0.000	0.000
30301.000	10.000	0.000	10.000	8344.788	0.000	13333.333	14814.815	0.000	0.000	0.000
30302.000	573.000	571.000	2.000	16612.202	0.000	14814.815	16700.000	1.000	0.000	0.000
30303.000	757.000	754.000	3.000	17696.101	0.000	16666.667	19047.619	1.000	0.000	0.000
30304.000	252.000	251.000	1.000	19943.337	0.000	19047.619	22222.222	1.000	0.000	0.000
30305.000	511.000	509.000	2.000	26595.634	0.000	22222.222	26666.667	1.000	0.000	0.000
30306.000	488.000	486.000	2.000	32276.864	0.000	26666.667	33333.333	1.000	0.000	0.000
30307.000	239.000	238.000	1.000	41358.984	0.000	33333.333	44444.444	1.000	0.000	0.000
30308.000	1082.000	1077.000	5.000	51890.053	0.000	44444.444	66666.667	1.000	0.000	0.000
30309.000	6.000	0.000	6.000	75052.558	0.000	66666.667	133333.333	1.000	0.000	0.000
30310.000	3.000	0.000	3.000	165461.464	0.000	133333.333	10000000000.000	1.000	0.000	0.000
30311.000	852.000	851.000	2.000	3956.358	0.000	0.000	4301.075	1.000	0.000	0.000
30312.000	791.000	790.000	1.000	4437.807	0.000	4301.075	4444.444	1.000	0.000	0.000
30313.000	492.000	491.000	1.000	4564.452	0.000	4444.444	4597.701	1.000	0.000	0.000
30314.000	486.000	485.000	1.000	4747.414	0.000	4597.701	4761.905	1.000	0.000	0.000
30315.000	487.000	486.000	1.000	4876.721	0.000	4761.905	4938.272	1.000	0.000	0.000
30316.000	428.000	427.000	1.000	5114.628	0.000	4938.272	5128.205	1.000	0.000	0.000
30317.000	522.000	521.000	1.000	5323.208	0.000	5128.205	5333.333	1.000	0.000	0.000
30318.000	423.000	422.000	1.000	5546.174	0.000	5333.333	5555.556	1.000	0.000	0.000
30319.000	431.000	430.000	1.000	5775.859	0.000	5555.556	5797.101	1.000	0.000	0.000
30320.000	381.000	380.000	1.000	6218.135	0.000	6060.606	6349.206	1.000	0.000	0.000
30321.000	366.000	365.000	1.000	6644.837	0.000	6349.206	6666.667	1.000	0.000	0.000
30322.000	373.000	372.000	1.000	6935.136	0.000	6666.667	7017.544	1.000	0.000	0.000
30323.000	353.000	352.000	1.000	7386.752	0.000	7017.544	7407.407	1.000	0.000	0.000
30324.000	325.000	324.000	1.000	7472.729	0.000	7407.407	7843.137	1.000	0.000	0.000
30325.000	337.000	336.000	1.000	8066.656	0.000	7843.137	8333.333	1.000	0.000	0.000
30326.000	334.000	333.000	1.000	8525.310	0.000	8333.333	8888.889	1.000	0.000	0.000
30327.000	303.000	302.000	1.000	9345.573	0.000	8888.889	9523.810	1.000	0.000	0.000
30328.000	294.000	293.000	1.000	10193.793	0.000	9523.810	10256.410	1.000	0.000	0.000
30329.000	304.000	303.000	1.000	10706.403	0.000	10256.410	11111.111	1.000	0.000	0.000
30330.000	283.000	282.000	1.000	11951.904	0.000	11111.111	12121.212	1.000	0.000	0.000
30331.000	272.000	271.000	1.000	12889.890	0.000	12121.212	13333.333	1.000	0.000	0.000
30332.000	255.000	254.000	1.000	14356.641	0.000	13333.333	14814.815	1.000	0.000	0.000
30333.000	263.000	262.000	1.000	16043.281	0.000	14814.815	16700.000	1.000	0.000	0.000
30334.000	253.000	252.000	1.000	17695.741	0.000	16666.667	19047.619	1.000	0.000	0.000
30335.000	231.000	230.000	1.000	21262.998	0.000	19047.619	22222.222	1.000	0.000	0.000
30336.000	518.000	516.000	2.000	22798.148	0.000	22222.222	26666.667	1.000	0.000	0.000
30337.000	234.000	233.000	1.000	29037.284	0.000	26666.667	33333.333	1.000	0.000	0.000
30338.000	236.000	235.000	1.000	41792.728	0.000	33333.333	44444.444	1.000	0.000	0.000
30339.000	239.000	238.000	1.000	44946.692	0.000	44444.444	66666.667	1.000	0.000	0.000
30340.000	45.000	44.000	1.000	133222.303	0.000	66666.667	133333.333	1.000	0.000	0.000
30341.000	2.000	0.000	2.000	171304.535	0.000	133333.333	10000000000.000	1.000	0.000	0.000
30342.000	863.000	862.000	2.000	4290.295	0.000	0.000	4301.075	1.000	0.000	0.000
30343.000	1341.000	1335.000	7.000	4438.407	0.000	4301.075	4444.444	1.000	0.000	0.000
30344.000	685.000	684.000	1.000	4513.962	0.000	4444.444	4597.701	1.000	0.000	0.000
30345.000	721.000	720.000	1.000	4729.320	0.000	4597.701	4761.905	1.000	0.000	0.000
30346.000	1134.000	1130.000	4.000	4880.063	0.000	4761.905	4938.272	1.000	0.000	0.000
30347.000	465.000	464.000	1.000	5126.582	0.000	4938.272	5128.205	1.000	0.000	0.000
30348.000	515.000	514.000	1.000	5306.929	0.000	5128.205	5333.333	1.000	0.000	0.000
30349.000	433.000	432.000	1.000	5545.980	0.000	5333.333	5555.556	1.000	0.000	0.000
30350.000	468.000	467.000	1.000	5771.810	0.000	5555.556	5797.101	1.000	0.000	0.000
30351.000	395.000	394.000	1.000	6049.848	0.000	5797.101	6060.606	1.000	0.000	0.000
30352.000	375.000	374.000	1.000	6525.619	0.000	6349.206	6666.667	1.000	0.000	0.000
30353.000	356.000	355.000	1.000	6979.021	0.000	6666.667	7017.544	1.000	0.000	0.000
30354.000	351.000	350.000	1.000	7367.377	0.000	7017.544	7407.407	1.000	0.000	0.000
30355.000	311.000	310.000	1.000	7579.026	0.000	7407.407	7843.137	1.000	0.000	0.000
30356.000	364.000	363.000	1.000	8318.321	0.000	7843.137	8333.333	1.000	0.000	0.000
30357.000	346.000	345.000	1.000	8790.436	0.000	8333.333	8888.889	1.000	0.000	0.000
30358.000	301.000	300.000	1.000	9515.802	0.000	8888.889	9523.810	1.000	0.000	0.000
30359.000	289.000	288.000	1.000	10105.713	0.000	9523.810	10256.410	1.000	0.000	0.000
30360.000	307.000	306.000	1.000	10873.593	0.000	10256.410	11111.111	1.000	0.000	0.000
30361.000	314.000	313.000	1.000	11817.194	0.000	11111.111	12121.212	1.000	0.000	0.000
30362.000	585.000	583.000	2.000	13220.388	0.000	12121.212	13333.333	1.000	0.000	0.000
30363.000	274.000	273.000	1.000	14259.950	0.000	13333.333	14814.815	1.000	0.000	0.000
30364.000	306.000	301.000	5.000	16698.938	0.000	14814.815	16700.000	1.000	0.000	0.000
30365.000	274.000	273.000	1.000	17099.590	0.000	16666.667	19047.619	1.000	0.000	0.000
30366.000	782.000	779.000	3.000	20960.751	0.000	19047.619	22222.222	1.000	0.000	0.000
30367.000	259.000	258.000	1.000	23430.322	0.000	22222.222	26666.667	1.000	0.000	0.000
30368.000	265.000	264.000	1.000	30002.792	0.000	26666.667	33333.333	1.000	0.000	0.000
30369.000	18.000	8.000	10.000	44259.027	0.000	33333.333	44444.444	1.000	0.000	0.000
30370.000	6.000	0.000	6.000	62298.134	0.000	44444.444	66666.667	1.000	0.000	0.000
30371.000	5.000	4.000	1.000	129777.327	0.000	66666.667	133333.333	1.000	0.000	0.000
30372.000	3.000	0.000	3.000	173696.579	0.000	133333.333	10000000000.000	1.000	0.000	0.000
30373.000	1704.000	1703.000	3.000	4269.411	0.000	0.000	4301.075	1.000	0.000	0.000
30374.000	533.000	532.000	1.000	4433.644	0.000	4301.075	4444.444	1.000	0.000	0.000
30375.000	860.000	851.000	10.000	3976.127	0.000	4444.444	4597.701	0.000	0.000	0.000
30376.000	466.000	465.000	1.000	4711.541	0.000	4597.701	4761.905	1.000	0.000	0.000
30377.000	479.000	478.000	1.000	4910.722	0.000	4761.905	4938.272	1.000	0.000	0.000
30378.000	463.000	462.000	1.000	5054.470	0.000	4938.272	5128.205	1.000	0.000	0.000
30379.000	431.000	430.000	1.000	5326.537	0.000	5128.205	5333.333	1.000	0.000	0.000
30380.000	410.000	409.000	1.000	5543.791	0.000	5333.333	5555.556	1.000	0.000	0.000
30381.000	403.000	402.000	1.000	5778.302	0.000	5555.556	5797.101	1.000	0.000	0.000
30382.000	392.000	391.000	1.000	6045.176	0.000	5797.101	6060.606	1.000	0.000	0.000
30383.000	367.000	366.000	1.000	6307.330	0.000	6060.606	6349.206	1.000	0.000	0.000
30384.000	352.000	351.000	1.000	6797.182	0.000	6666.667	7017.544	1.000	0.000	0.000
30385.000	324.000	323.000	1.000	7363.343	0.000	7017.544	7407.407	1.000	0.000	0.000
30386.000	321.000	320.000	1.000	7836.184	0.000	7407.407	7843.137	1.000	0.000	0.000
30387.000	348.000	347.000	1.000	7879.100	0.000	7843.137	8333.333	1.000	0.000	0.000
30388.000	667.000	665.000	2.000	8542.519	0.000	8333.333	8888.889	1.000	0.000	0.000
30389.000	320.000	319.000	1.000	9443.483	0.000	8888.889	9523.810	1.000	0.000	0.000
30390.000	314.000	313.000	1.000	10010.733	0.000	9523.810	10256.410	1.000	0.000	0.000
30391.000	300.000	299.000	1.000	10847.348	0.000	10256.410	11111.111	1.000	0.000	0.000
30392.000	312.000	311.000	1.000	11222.155	0.000	11111.111	12121.212	1.000	0.000	0.000
30393.000	271.000	270.000	1.000	12462.436	0.000	12121.212	13333.333	1.000	0.000	0.000
30394.000	263.000	262.000	1.000	14524.091	0.000	13333.333	14814.815	1.000	0.000	0.000
30395.000	253.000	252.000	1.000	16146.587	0.000	14814.815	16700.000	1.000	0.000	0.000
30396.000	2.000	0.000	2.000	18739.820	0.000	16666.667	19047.619	1.000	0.000	0.000
30397.000	265.000	264.000	1.000	20004.964	0.000	19047.619	22222.222	1.000	0.000	0.000
30398.000	299.000	297.000	2.000	25275.135	0.000	22222.222	26666.667	1.000	0.000	0.000
30399.000	243.000	242.000	1.000	31837.549	0.000	26666.667	33333.333	1.000	0.000	0.000
30400.000	238.000	237.000	1.000	41206.319	0.000	33333.333	44444.444	1.000	0.000	0.000
30401.000	428.000	426.000	2.000	64114.647	0.000	44444.444	66666.667	1.000	0.000	0.000
30402.000	2.000	0.000	2.000	82419.462	0.000	66666.667	133333.333	1.000	0.000	0.000
30403.000	1.000	0.000	1.000	144821.783	0.000	133333.333	10000000000.000	1.000	0.000	0.000
30404.000	852.000	851.000	2.000	4161.730	0.000	0.000	4301.075	1.000	0.000	0.000
30405.000	1396.000	1395.000	2.000	4443.339	0.000	4301.075	4444.444	1.000	0.000	0.000
30406.000	1330.000	1329.000	2.000	4580.070	0.000	4444.444	4597.701	1.000	0.000	0.000
30407.000	490.000	489.000	1.000	4761.192	0.000	4597.701	4761.905	1.000	0.000	0.000
30408.000	457.000	456.000	1.000	4934.565	0.000	4761.905	4938.272	1.000	0.000	0.000
30409.000	445.000	444.000	1.000	5115.552	0.000	4938.272	5128.205	1.000	0.000	0.000
30410.000	440.000	439.000	1.000	5313.244	0.000	5128.205	5333.333	1.000	0.000	0.000
30411.000	413.000	412.000	1.000	5499.689	0.000	5333.333	5555.556	1.000	0.000	0.000
30412.000	383.000	382.000	1.000	5734.672	0.000	5555.556	5797.101	1.000	0.000	0.000
30413.000	448.000	447.000	1.000	5956.504	0.000	5797.101	6060.606	1.000	0.000	0.000
30414.000	373.000	372.000	1.000	6118.117	0.000	6060.606	6349.206	1.000	0.000	0.000
30415.000	377.000	376.000	1.000	6658.454	0.000	6349.206	6666.667	1.000	0.000	0.000
30416.000	340.000	339.000	1.000	7405.252	0.000	7017.544	7407.407	1.000	0.000	0.000
30417.000	330.000	329.000	1.000	7801.972	0.000	7407.407	7843.137	1.000	0.000	0.000
30418.000	359.000	358.000	1.000	8320.109	0.000	7843.137	8333.333	1.000	0.000	0.000
30419.000	321.000	320.000	1.000	8822.969	0.000	8333.333	8888.889	1.000	0.000	0.000
30420.000	316.000	315.000	1.000	9511.566	0.000	8888.889	9523.810	1.000	0.000	0.000
30421.000	344.000	343.000	1.000	10180.742	0.000	9523.810	10256.410	1.000	0.000	0.000
30422.000	304.000	303.000	1.000	10279.325	0.000	10256.410	11111.111	1.000	0.000	0.000
30423.000	295.000	294.000	1.000	12098.415	0.000	11111.111	12121.212	1.000	0.000	0.000
30424.000	290.000	289.000	1.000	13138.006	0.000	12121.212	13333.333	1.000	0.000	0.000
30425.000	290.000	289.000	1.000	14412.305	0.000	13333.333	14814.815	1.000	0.000	0.000
30426.000	272.000	271.000	1.000	15700.202	0.000	14814.815	16700.000	1.000	0.000	0.000
30427.000	257.000	256.000	1.000	17398.466	0.000	16666.667	19047.619	1.000	0.000	0.000
30428.000	548.000	546.000	2.000	21914.394	0.000	19047.619	22222.222	1.000	0.000	0.000
30429.000	488.000	486.000	2.000	22610.484	0.000	22222.222	26666.667	1.000	0.000	0.000
30430.000	215.000	214.000	1.000	30197.104	0.000	26666.667	33333.333	1.000	0.000	0.000
30431.000	445.000	443.000	2.000	35889.827	0.000	33333.333	44444.444	1.000	0.000	0.000
30432.000	239.000	238.000	1.000	51918.672	0.000	44444.444	66666.667	1.000	0.000	0.000
30433.000	1.000	0.000	1.000	102521.531	0.000	66666.667	133333.333	1.000	0.000	0.000
30434.000	1.000	0.000	1.000	354861.266	0.000	133333.333	10000000000.000	1.000	0.000	0.000
30435.000	1380.000	1379.000	2.000	4297.277	0.000	0.000	4301.075	1.000	0.000	0.000
30436.000	1373.000	1372.000	2.000	4440.682	0.000	4301.075	4444.444	1.000	0.000	0.000
30437.000	503.000	502.000	1.000	4587.381	0.000	4444.444	4597.701	1.000	0.000	0.000
30438.000	690.000	689.000	1.000	4674.398	0.000	4597.701	4761.905	1.000	0.000	0.000
30439.000	450.000	449.000	1.000	4918.642	0.000	4761.905	4938.272	1.000	0.000	0.000
30440.000	426.000	425.000	1.000	5077.711	0.000	4938.272	5128.205	1.000	0.000	0.000
30441.000	425.000	424.000	1.000	5295.713	0.000	5128.205	5333.333	1.000	0.000	0.000
30442.000	421.000	420.000	1.000	5518.450	0.000	5333.333	5555.556	1.000	0.000	0.000
30443.000	405.000	404.000	1.000	5719.247	0.000	5555.556	5797.101	1.000	0.000	0.000
30444.000	377.000	376.000	1.000	6053.139	0.000	5797.101	6060.606	1.000	0.000	0.000
30445.000	373.000	372.000	1.000	6167.169	0.000	6060.606	6349.206	1.000	0.000	0.000
30446.000	370.000	369.000	1.000	6635.444	0.000	6349.206	6666.667	1.000	0.000	0.000
30447.000	349.000	348.000	1.000	6832.986	0.000	6666.667	7017.544	1.000	0.000	0.000
30448.000	341.000	340.000	1.000	7807.551	0.000	7407.407	7843.137	1.000	0.000	0.000
30449.000	324.000	323.000	1.000	8174.840	0.000	7843.137	8333.333	1.000	0.000	0.000
30450.000	342.000	341.000	1.000	8727.593	0.000	8333.333	8888.889	1.000	0.000	0.000
30451.000	377.000	376.000	1.000	8977.383	0.000	8888.889	9523.810	1.000	0.000	0.000
30452.000	303.000	299.000	4.000	10154.089	0.000	9523.810	10256.410	1.000	0.000	0.000
30453.000	309.000	308.000	1.000	10779.266	0.000	10256.410	11111.111	1.000	0.000	0.000
30454.000	290.000	289.000	1.000	11787.678	0.000	11111.111	12121.212	1.000	0.000	0.000
30455.000	287.000	286.000	1.000	12941.472	0.000	12121.212	13333.333	1.000	0.000	0.000
30456.000	272.000	271.000	1.000	13940.054	0.000	13333.333	14814.815	1.000	0.000	0.000
30457.000	1129.000	1125.000	4.000	16328.028	0.000	14814.815	16700.000	1.000	0.000	0.000
30458.000	272.000	271.000	1.000	17073.187	0.000	16666.667	19047.619	1.000	0.000	0.000
30459.000	229.000	228.000	1.000	21350.850	0.000	19047.619	22222.222	1.000	0.000	0.000
30460.000	266.000	265.000	1.000	24810.972	0.000	22222.222	26666.667	1.000	0.000	0.000
30461.000	225.000	224.000	1.000	30092.743	0.000	26666.667	33333.333	1.000	0.000	0.000
30462.000	235.000	234.000	1.000	42299.783	0.000	33333.333	44444.444	1.000	0.000	0.000
30463.000	218.000	217.000	1.000	65108.217	0.000	44444.444	66666.667	1.000	0.000	0.000
30464.000	10.000	0.000	10.000	15127.340	0.000	66666.667	133333.333	0.000	0.000	0.000
30465.000	2.000	0.000	2.000	175809.590	0.000	133333.333	10000000000.000	1.000	0.000	0.000
30466.000	1287.000	1286.000	2.000	4298.311	0.000	0.000	4301.075	1.000	0.000	0.000
30467.000	857.000	855.000	3.000	4424.301	0.000	4301.075	4444.444	1.000	0.000	0.000
30468.000	856.000	851.000	6.000	4452.529	0.000	4444.444	4597.701	1.000	0.000	0.000
30469.000	724.000	723.000	1.000	4603.138	0.000	4597.701	4761.905	1.000	0.000	0.000
30470.000	430.000	429.000	1.000	4937.132	0.000	4761.905	4938.272	1.000	0.000	0.000
30471.000	450.000	449.000	1.000	5089.136	0.000	4938.272	5128.205	1.000	0.000	0.000
30472.000	452.000	451.000	1.000	5285.114	0.000	5128.205	5333.333	1.000	0.000	0.000
30473.000	414.000	413.000	1.000	5554.852	0.000	5333.333	5555.556	1.000	0.000	0.000
30474.000	456.000	455.000	1.000	5767.376	0.000	5555.556	5797.101	1.000	0.000	0.000
30475.000	459.000	458.000	1.000	5937.252	0.000	5797.101	6060.606	1.000	0.000	0.000
30476.000	473.000	472.000	1.000	6207.862	0.000	6060.606	6349.206	1.000	0.000	0.000
30477.000	356.000	355.000	1.000	6644.292	0.000	6349.206	6666.667	1.000	0.000	0.000
30478.000	373.000	372.000	1.000	6984.731	0.000	6666.667	7017.544	1.000	0.000	0.000
30479.000	350.000	349.000	1.000	7240.458	0.000	7017.544	7407.407	1.000	0.000	0.000
30480.000	396.000	395.000	1.000	8251.514	0.000	7843.137	8333.333	1.000	0.000	0.000
30481.000	322.000	321.000	1.000	8608.456	0.000	8333.333	8888.889	1.000	0.000	0.000
30482.000	364.000	363.000	1.000	9390.904	0.000	8888.889	9523.810	1.000	0.000	0.000
30483.000	287.000	286.000	1.000	10077.438	0.000	9523.810	10256.410	1.000	0.000	0.000
30484.000	300.000	299.000	1.000	10722.752	0.000	10256.410	11111.111	1.000	0.000	0.000
30485.000	287.000	286.000	1.000	11920.571	0.000	11111.111	12121.212	1.000	0.000	0.000
30486.000	274.000	273.000	1.000	13015.707	0.000	12121.212	13333.333	1.000	0.000	0.000
30487.000	347.000	341.000	6.000	14726.561	0.000	13333.333	14814.815	1.000	0.000	0.000
30488.000	271.000	270.000	1.000	16345.499	0.000	14814.815	16700.000	1.000	0.000	0.000
30489.000	279.000	278.000	1.000	17556.148	0.000	16666.667	19047.619	1.000	0.000	0.000
30490.000	493.000	491.000	2.000	20981.333	0.000	19047.619	22222.222	1.000	0.000	0.000
30491.000	255.000	254.000	1.000	26511.217	0.000	22222.222	26666.667	1.000	0.000	0.000
30492.000	256.000	255.000	1.000	26984.661	0.000	26666.667	33333.333	1.000	0.000	0.000
30493.000	10.000	0.000	10.000	11023.294	0.000	33333.333	44444.444	0.000	0.000	0.000
30494.000	218.000	217.000	1.000	61056.431	0.000	44444.444	66666.667	1.000	0.000	0.000
30495.000	10.000	0.000	10.000	33348.629	0.000	66666.667	133333.333	0.000	0.000	0.000
30496.000	1.000	0.000	1.000	147103.259	0.000	133333.333	10000000000.000	1.000	0.000	0.000
30497.000	593.000	592.000	1.000	4301.002	0.000	0.000	4301.075	1.000	0.000	0.000
30498.000	764.000	763.000	1.000	4417.012	0.000	4301.075	4444.444	1.000	0.000	0.000
30499.000	816.000	815.000	1.000	4578.799	0.000	4444.444	4597.701	1.000	0.000	0.000
30500.000	501.000	500.000	1.000	4760.990	0.000	4597.701	4761.905	1.000	0.000	0.000
30501.000	742.000	741.000	1.000	4918.621	0.000	4761.905	4938.272	1.000	0.000	0.000
30502.000	476.000	475.000	1.000	5108.544	0.000	4938.272	5128.205	1.000	0.000	0.000
30503.000	503.000	502.000	1.000	5329.480	0.000	5128.205	5333.333	1.000	0.000	0.000
30504.000	431.000	430.000	1.000	5436.220	0.000	5333.333	5555.556	1.000	0.000	0.000
30505.000	394.000	393.000	1.000	5747.912	0.000	5555.556	5797.101	1.000	0.000	0.000
30506.000	379.000	378.000	1.000	6027.339	0.000	5797.101	6060.606	1.000	0.000	0.000
30507.000	389.000	388.000	1.000	6221.734	0.000	6060.606	6349.206	1.000	0.000	0.000
30508.000	348.000	347.000	1.000	6611.826	0.000	6349.206	6666.667	1.000	0.000	0.000
30509.000	332.000	331.000	1.000	6956.801	0.000	6666.667	7017.544	1.000	0.000	0.000
30510.000	348.000	347.000	1.000	7270.504	0.000	7017.544	7407.407	1.000	0.000	0.000
30511.000	340.000	339.000	1.000	7828.012	0.000	7407.407	7843.137	1.000	0.000	0.000
30512.000	302.000	301.000	1.000	8483.262	0.000	8333.333	8888.889	1.000	0.000	0.000
30513.000	323.000	322.000	1.000	9331.476	0.000	8888.889	9523.810	1.000	0.000	0.000
30514.000	296.000	295.000	1.000	10118.513	0.000	9523.810	10256.410	1.000	0.000	0.000
30515.000	331.000	325.000	6.000	11000.629	0.000	10256.410	11111.111	1.000	0.000	0.000
30516.000	297.000	296.000	1.000	11772.697	0.000	11111.111	12121.212	1.000	0.000	0.000
30517.000	287.000	286.000	1.000	12270.699	0.000	12121.212	13333.333	1.000	0.000	0.000
30518.000	286.000	285.000	1.000	13772.046	0.000	13333.333	14814.815	1.000	0.000	0.000
30519.000	279.000	278.000	1.000	15777.438	0.000	14814.815	16700.000	1.000	0.000	0.000
30520.000	518.000	516.000	2.000	18726.520	0.000	16666.667	19047.619	1.000	0.000	0.000
30521.000	515.000	513.000	2.000	20006.457	0.000	19047.619	22222.222	1.000	0.000	0.000
30522.000	241.000	240.000	1.000	26384.693	0.000	22222.222	26666.667	1.000	0.000	0.000
30523.000	229.000	228.000	1.000	33206.191	0.000	26666.667	33333.333	1.000	0.000	0.000
30524.000	228.000	227.000	1.000	43502.793	0.000	33333.333	44444.444	1.000	0.000	0.000
30525.000	12.000	11.000	1.000	56292.148	0.000	44444.444	66666.667	1.000	0.000	0.000
30526.000	54.000	53.000	1.000	132432.088	0.000	66666.667	133333.333	1.000	0.000	0.000
30527.000	2.000	0.000	2.000	136469.081	0.000	133333.333	10000000000.000	1.000	0.000	0.000
30528.000	752.000	751.000	1.000	4254.439	0.000	0.000	4301.075	1.000	0.000	0.000
30529.000	852.000	851.000	2.000	4319.886	0.000	4301.075	4444.444	1.000	0.000	0.000
30530.000	746.000	745.000	1.000	4597.645	0.000	4444.444	4597.701	1.000	0.000	0.000
30531.000	1308.000	1307.000	2.000	4755.543	0.000	4597.701	4761.905	1.000	0.000	0.000
30532.000	562.000	561.000	1.000	4933.706	0.000	4761.905	4938.272	1.000	0.000	0.000
30533.000	522.000	521.000	1.000	5092.046	0.000	4938.272	5128.205	1.000	0.000	0.000
30534.000	425.000	424.000	1.000	5333.168	0.000	5128.205	5333.333	1.000	0.000	0.000
30535.000	423.000	422.000	1.000	5506.776	0.000	5333.333	5555.556	1.000	0.000	0.000
30536.000	394.000	393.000	1.000	5780.239	0.000	5555.556	5797.101	1.000	0.000	0.000
30537.000	381.000	380.000	1.000	6042.910	0.000	5797.101	6060.606	1.000	0.000	0.000
30538.000	734.000	732.000	2.000	6205.340	0.000	6060.606	6349.206	1.000	0.000	0.000
30539.000	365.000	364.000	1.000	6565.858	0.000	6349.206	6666.667	1.000	0.000	0.000
30540.000	346.000	345.000	1.000	6709.143	0.000	6666.667	7017.544	1.000	0.000	0.000
30541.000	342.000	341.000	1.000	7339.896	0.000	7017.544	7407.407	1.000	0.000	0.000
30542.000	328.000	327.000	1.000	7777.946	0.000	7407.407	7843.137	1.000	0.000	0.000
30543.000	353.000	352.000	1.000	8205.056	0.000	7843.137	8333.333	1.000	0.000	0.000
30544.000	304.000	303.000	1.000	9367.844	0.000	8888.889	9523.810	1.000	0.000	0.000
30545.000	622.000	620.000	2.000	9985.906	0.000	9523.810	10256.410	1.000	0.000	0.000
30546.000	295.000	294.000	1.000	10481.921	0.000	10256.410	11111.111	1.000	0.000	0.000
30547.000	286.000	285.000	1.000	11643.336	0.000	11111.111	12121.212	1.000	0.000	0.000
30548.000	288.000	287.000	1.000	13289.800	0.000	12121.212	13333.333	1.000	0.000	0.000
30549.000	271.000	270.000	1.000	13728.023	0.000	13333.333	14814.815	1.000	0.000	0.000
30550.000	1011.000	1007.000	4.000	15723.095	0.000	14814.815	16700.000	1.000	0.000	0.000
30551.000	268.000	267.000	1.000	18327.146	0.000	16666.667	19047.619	1.000	0.000	0.000
30552.000	270.000	269.000	1.000	21768.934	0.000	19047.619	22222.222	1.000	0.000	0.000
30553.000	23.000	20.000	3.000	25764.237	0.000	22222.222	26666.667	1.000	0.000	0.000
30554.000	227.000	226.000	1.000	27070.020	0.000	26666.667	33333.333	1.000	0.000	0.000
30555.000	244.000	243.000	1.000	34658.084	0.000	33333.333	44444.444	1.000	0.000	0.000
30556.000	10.000	0.000	10.000	20146.366	0.000	44444.444	66666.667	0.000	0.000	0.000
30557.000	3.000	0.000	3.000	111694.319	0.000	66666.667	133333.333	1.000	0.000	0.000
30558.000	1.000	0.000	1.000	282089.861	0.000	133333.333	10000000000.000	1.000	0.000	0.000
30559.000	764.000	763.000	1.000	4271.726	0.000	0.000	4301.075	1.000	0.000	0.000
30560.000	506.000	505.000	1.000	4411.015	0.000	4301.075	4444.444	1.000	0.000	0.000
30561.000	761.000	760.000	1.000	4544.317	0.000	4444.444	4597.701	1.000	0.000	0.000
30562.000	672.000	671.000	1.000	4696.421	0.000	4597.701	4761.905	1.000	0.000	0.000
30563.000	843.000	842.000	1.000	4868.473	0.000	4761.905	4938.272	1.000	0.000	0.000
30564.000	609.000	608.000	1.000	4997.266	0.000	4938.272	5128.205	1.000	0.000	0.000
30565.000	419.000	418.000	1.000	5312.385	0.000	5128.205	5333.333	1.000	0.000	0.000
30566.000	423.000	422.000	1.000	5528.260	0.000	5333.333	5555.556	1.000	0.000	0.000
30567.000	382.000	381.000	1.000	5734.926	0.000	5555.556	5797.101	1.000	0.000	0.000
30568.000	406.000	405.000	1.000	5921.123	0.000	5797.101	6060.606	1.000	0.000	0.000
30569.000	395.000	394.000	1.000	6336.349	0.000	6060.606	6349.206	1.000	0.000	0.000
30570.000	358.000	357.000	1.000	6612.265	0.000	6349.206	6666.667	1.000	0.000	0.000
30571.000	151.000	150.000	1.000	7012.040	0.000	6666.667	7017.544	1.000	0.000	0.000
30572.000	354.000	353.000	1.000	7341.258	0.000	7017.544	7407.407	1.000	0.000	0.000
30573.000	326.000	325.000	1.000	7580.874	0.000	7407.407	7843.137	1.000	0.000	0.000
30574.000	325.000	324.000	1.000	8330.836	0.000	7843.137	8333.333	1.000	0.000	0.000
30575.000	310.000	309.000	1.000	8504.452	0.000	8333.333	8888.889	1.000	0.000	0.000
30576.000	393.000	392.000	1.000	10191.973	0.000	9523.810	10256.410	1.000	0.000	0.000
30577.000	304.000	303.000	1.000	11029.333	0.000	10256.410	11111.111	1.000	0.000	0.000
30578.000	289.000	288.000	1.000	11582.392	0.000	11111.111	12121.212	1.000	0.000	0.000
30579.000	277.000	276.000	1.000	13255.205	0.000	12121.212	13333.333	1.000	0.000	0.000
30580.000	521.000	519.000	2.000	13559.935	0.000	13333.333	14814.815	1.000	0.000	0.000
30581.000	278.000	277.000	1.000	16573.548	0.000	14814.815	16700.000	1.000	0.000	0.000
30582.000	523.000	521.000	2.000	18530.348	0.000	16666.667	19047.619	1.000	0.000	0.000
30583.000	490.000	488.000	2.000	22204.002	0.000	19047.619	22222.222	1.000	0.000	0.000
30584.000	254.000	253.000	1.000	23652.925	0.000	22222.222	26666.667	1.000	0.000	0.000
30585.000	240.000	239.000	1.000	32838.016	0.000	26666.667	33333.333	1.000	0.000	0.000
30586.000	434.000	432.000	2.000	36379.784	0.000	33333.333	44444.444	1.000	0.000	0.000
30587.000	234.000	233.000	1.000	62353.899	0.000	44444.444	66666.667	1.000	0.000	0.000
30588.000	189.000	187.000	2.000	131700.972	0.000	66666.667	133333.333	1.000	0.000	0.000
30589.000	3.000	0.000	3.000	236582.233	0.000	133333.333	10000000000.000	1.000	0.000	0.000
30590.000	1483.000	1482.000	2.000	4282.187	0.000	0.000	4301.075	1.000	0.000	0.000
30591.000	1246.000	1245.000	2.000	4442.080	0.000	4301.075	4444.444	1.000	0.000	0.000
30592.000	486.000	485.000	1.000	4574.824	0.000	4444.444	4597.701	1.000	0.000	0.000
30593.000	477.000	476.000	1.000	4722.868	0.000	4597.701	4761.905	1.000	0.000	0.000
30594.000	544.000	543.000	1.000	4928.442	0.000	4761.905	4938.272	1.000	0.000	0.000
30595.000	474.000	473.000	1.000	5085.518	0.000	4938.272	5128.205	1.000	0.000	0.000
30596.000	472.000	471.000	1.000	5274.741	0.000	5128.205	5333.333	1.000	0.000	0.000
30597.000	421.000	420.000	1.000	5554.170	0.000	5333.333	5555.556	1.000	0.000	0.000
30598.000	442.000	441.000	1.000	5786.395	0.000	5555.556	5797.101	1.000	0.000	0.000
30599.000	379.000	378.000	1.000	5995.342	0.000	5797.101	6060.606	1.000	0.000	0.000
30600.000	363.000	362.000	1.000	6286.689	0.000	6060.606	6349.206	1.000	0.000	0.000
30601.000	364.000	363.000	1.000	6595.536	0.000	6349.206	6666.667	1.000	0.000	0.000
30602.000	402.000	401.000	1.000	6884.335	0.000	6666.667	7017.544	1.000	0.000	0.000
30603.000	359.000	358.000	1.000	7345.469	0.000	7017.544	7407.407	1.000	0.000	0.000
30604.000	352.000	351.000	1.000	7645.608	0.000	7407.407	7843.137	1.000	0.000	0.000
30605.000	349.000	348.000	1.000	8193.359	0.000	7843.137	8333.333	1.000	0.000	0.000
30606.000	333.000	332.000	1.000	8664.284	0.000	8333.333	8888.889	1.000	0.000	0.000
30607.000	312.000	311.000	1.000	9350.641	0.000	8888.889	9523.810	1.000	0.000	0.000
30608.000	285.000	284.000	1.000	11095.458	0.000	10256.410	11111.111	1.000	0.000	0.000
30609.000	291.000	290.000	1.000	12110.404	0.000	11111.111	12121.212	1.000	0.000	0.000
30610.000	284.000	283.000	1.000	13062.226	0.000	12121.212	13333.333	1.000	0.000	0.000
30611.000	265.000	264.000	1.000	14554.802	0.000	13333.333	14814.815	1.000	0.000	0.000
30612.000	12.000	11.000	1.000	16119.237	0.000	14814.815	16700.000	1.000	0.000	0.000
30613.000	253.000	252.000	1.000	18993.981	0.000	16666.667	19047.619	1.000	0.000	0.000
30614.000	951.000	947.000	4.000	21056.170	0.000	19047.619	22222.222	1.000	0.000	0.000
30615.000	506.000	504.000	2.000	25912.406	0.000	22222.222	26666.667	1.000	0.000	0.000
30616.000	716.000	713.000	3.000	29707.985	0.000	26666.667	33333.333	1.000	0.000	0.000
30617.000	213.000	212.000	1.000	42150.307	0.000	33333.333	44444.444	1.000	0.000	0.000
30618.000	88.000	87.000	1.000	66445.955	0.000	44444.444	66666.667	1.000	0.000	0.000
30619.000	3.000	0.000	3.000	71178.225	0.000	66666.667	133333.333	1.000	0.000	0.000
30620.000	5.000	0.000	5.000	396286.633	0.000	133333.333	10000000000.000	1.000	0.000	0.000
30621.000	852.000	851.000	2.000	4094.652	0.000	0.000	4301.075	1.000	0.000	0.000
30622.000	698.000	697.000	1.000	4436.100	0.000	4301.075	4444.444	1.000	0.000	0.000
30623.000	725.000	724.000	1.000	4595.679	0.000	4444.444	4597.701	1.000	0.000	0.000
30624.000	1298.000	1297.000	2.000	4759.221	0.000	4597.701	4761.905	1.000	0.000	0.000
30625.000	517.000	516.000	1.000	4911.449	0.000	4761.905	4938.272	1.000	0.000	0.000
30626.000	1121.000	1118.000	3.000	5092.046	0.000	4938.272	5128.205	1.000	0.000	0.000
30627.000	482.000	481.000	1.000	5322.419	0.000	5128.205	5333.333	1.000	0.000	0.000
30628.000	456.000	455.000	1.000	5534.163	0.000	5333.333	5555.556	1.000	0.000	0.000
30629.000	401.000	400.000	1.000	5678.110	0.000	5555.556	5797.101	1.000	0.000	0.000
30630.000	420.000	419.000	1.000	6027.454	0.000	5797.101	6060.606	1.000	0.000	0.000
30631.000	428.000	427.000	1.000	6295.473	0.000	6060.606	6349.206	1.000	0.000	0.000
30632.000	378.000	377.000	1.000	6593.888	0.000	6349.206	6666.667	1.000	0.000	0.000
30633.000	360.000	359.000	1.000	6984.129	0.000	6666.667	7017.544	1.000	0.000	0.000
30634.000	356.000	355.000	1.000	7398.426	0.000	7017.544	7407.407	1.000	0.000	0.000
30635.000	327.000	326.000	1.000	7800.871	0.000	7407.407	7843.137	1.000	0.000	0.000
30636.000	329.000	328.000	1.000	8279.781	0.000	7843.137	8333.333	1.000	0.000	0.000
30637.000	334.000	333.000	1.000	8871.218	0.000	8333.333	8888.889	1.000	0.000	0.000
30638.000	303.000	302.000	1.000	9255.646	0.000	8888.889	9523.810	1.000	0.000	0.000
30639.000	300.000	299.000	1.000	9819.437	0.000	9523.810	10256.410	1.000	0.000	0.000
30640.000	277.000	276.000	1.000	11656.039	0.000	11111.111	12121.212	1.000	0.000	0.000
30641.000	22.000	21.000	1.000	13208.306	0.000	12121.212	13333.333	1.000	0.000	0.000
30642.000	270.000	269.000	1.000	14387.955	0.000	13333.333	14814.815	1.000	0.000	0.000
30643.000	261.000	260.000	1.000	15302.065	0.000	14814.815	16700.000	1.000	0.000	0.000
30644.000	241.000	240.000	1.000	17981.508	0.000	16666.667	19047.619	1.000	0.000	0.000
30645.000	275.000	274.000	1.000	19928.275	0.000	19047.619	22222.222	1.000	0.000	0.000
30646.000	239.000	238.000	1.000	24916.759	0.000	22222.222	26666.667	1.000	0.000	0.000
30647.000	228.000	227.000	1.000	32077.401	0.000	26666.667	33333.333	1.000	0.000	0.000
30648.000	244.000	243.000	1.000	43607.369	0.000	33333.333	44444.444	1.000	0.000	0.000
30649.000	222.000	221.000	1.000	66300.498	0.000	44444.444	66666.667	1.000	0.000	0.000
30650.000	189.000	188.000	1.000	127394.437	0.000	66666.667	133333.333	1.000	0.000	0.000
30651.000	1.000	0.000	1.000	199906.085	0.000	133333.333	10000000000.000	1.000	0.000	0.000
30652.000	1321.000	1320.000	2.000	4299.733	0.000	0.000	4301.075	1.000	0.000	0.000
30653.000	1349.000	1348.000	2.000	4442.607	0.000	4301.075	4444.444	1.000	0.000	0.000
30654.000	825.000	824.000	1.000	4569.626	0.000	4444.444	4597.701	1.000	0.000	0.000
30655.000	700.000	699.000	1.000	4677.619	0.000	4597.701	4761.905	1.000	0.000	0.000
30656.000	491.000	490.000	1.000	4936.852	0.000	4761.905	4938.272	1.000	0.000	0.000
30657.000	759.000	758.000	1.000	5088.385	0.000	4938.272	5128.205	1.000	0.000	0.000
30658.000	481.000	480.000	1.000	5301.856	0.000	5128.205	5333.333	1.000	0.000	0.000
30659.000	418.000	417.000	1.000	5530.279	0.000	5333.333	5555.556	1.000	0.000	0.000
30660.000	384.000	383.000	1.000	5739.226	0.000	5555.556	5797.101	1.000	0.000	0.000
30661.000	381.000	380.000	1.000	5999.742	0.000	5797.101	6060.606	1.000	0.000	0.000
30662.000	389.000	388.000	1.000	6323.545	0.000	6060.606	6349.206	1.000	0.000	0.000
30663.000	356.000	355.000	1.000	6514.402	0.000	6349.206	6666.667	1.000	0.000	0.000
30664.000	822.000	820.000	2.000	6947.296	0.000	6666.667	7017.544	1.000	0.000	0.000
30665.000	365.000	364.000	1.000	7179.889	0.000	7017.544	7407.407	1.000	0.000	0.000
30666.000	362.000	361.000	1.000	7784.169	0.000	7407.407	7843.137	1.000	0.000	0.000
30667.000	393.000	392.000	1.000	8332.729	0.000	7843.137	8333.333	1.000	0.000	0.000
30668.000	323.000	322.000	1.000	8767.953	0.000	8333.333	8888.889	1.000	0.000	0.000
30669.000	307.000	306.000	1.000	9321.063	0.000	8888.889	9523.810	1.000	0.000	0.000
30670.000	604.000	602.000	2.000	9932.681	0.000	9523.810	10256.410	1.000	0.000	0.000
30671.000	384.000	383.000	1.000	10639.651	0.000	10256.410	11111.111	1.000	0.000	0.000
30672.000	279.000	278.000	1.000	12852.551	0.000	12121.212	13333.333	1.000	0.000	0.000
30673.000	579.000	577.000	2.000	14278.774	0.000	13333.333	14814.815	1.000	0.000	0.000
30674.000	291.000	290.000	1.000	16291.825	0.000	14814.815	16700.000	1.000	0.000	0.000
30675.000	250.000	249.000	1.000	18653.507	0.000	16666.667	19047.619	1.000	0.000	0.000
30676.000	257.000	256.000	1.000	20090.933	0.000	19047.619	22222.222	1.000	0.000	0.000
30677.000	229.000	228.000	1.000	24250.066	0.000	22222.222	26666.667	1.000	0.000	0.000
30678.000	9.000	0.000	9.000	32678.728	0.000	26666.667	33333.333	1.000	0.000	0.000
30679.000	234.000	233.000	1.000	40969.783	0.000	33333.333	44444.444	1.000	0.000	0.000
30680.000	250.000	249.000	1.000	62716.559	0.000	44444.444	66666.667	1.000	0.000	0.000
30681.000	20.000	19.000	1.000	127585.769	0.000	66666.667	133333.333	1.000	0.000	0.000
30682.000	2.000	0.000	2.000	488494.106	0.000	133333.333	10000000000.000	1.000	0.000	0.000
30683.000	1052.000	1051.000	2.000	4300.975	0.000	0.000	4301.075	1.000	0.000	0.000
30684.000	579.000	578.000	1.000	4413.749	0.000	4301.075	4444.444	1.000	0.000	0.000
30685.000	510.000	509.000	1.000	4574.950	0.000	4444.444	4597.701	1.000	0.000	0.000
30686.000	697.000	696.000	1.000	4694.117	0.000	4597.701	4761.905	1.000	0.000	0.000
30687.000	467.000	466.000	1.000	4926.566	0.000	4761.905	4938.272	1.000	0.000	0.000
30688.000	703.000	702.000	1.000	4958.408	0.000	4938.272	5128.205	1.000	0.000	0.000
30689.000	836.000	835.000	1.000	5148.925	0.000	5128.205	5333.333	1.000	0.000	0.000
30690.000	449.000	448.000	1.000	5508.056	0.000	5333.333	5555.556	1.000	0.000	0.000
30691.000	416.000	415.000	1.000	5699.910	0.000	5555.556	5797.101	1.000	0.000	0.000
30692.000	404.000	403.000	1.000	6029.050	0.000	5797.101	6060.606	1.000	0.000	0.000
30693.000	358.000	357.000	1.000	6295.632	0.000	6060.606	6349.206	1.000	0.000	0.000
30694.000	363.000	362.000	1.000	6532.902	0.000	6349.206	6666.667	1.000	0.000	0.000
30695.000	382.000	381.000	1.000	6767.071	0.000	6666.667	7017.544	1.000	0.000	0.000
30696.000	399.000	398.000	1.000	7245.277	0.000	7017.544	7407.407	1.000	0.000	0.000
30697.000	342.000	341.000	1.000	7665.396	0.000	7407.407	7843.137	1.000	0.000	0.000
30698.000	307.000	306.000	1.000	8203.433	0.000	7843.137	8333.333	1.000	0.000	0.000
30699.000	311.000	310.000	1.000	8723.331	0.000	8333.333	8888.889	1.000	0.000	0.000
30700.000	319.000	318.000	1.000	9496.395	0.000	8888.889	9523.810	1.000	0.000	0.000
30701.000	311.000	310.000	1.000	9702.526	0.000	9523.810	10256.410	1.000	0.000	0.000
30702.000	290.000	289.000	1.000	11020.853	0.000	10256.410	11111.111	1.000	0.000	0.000
30703.000	295.000	294.000	1.000	11331.172	0.000	11111.111	12121.212	1.000	0.000	0.000
30704.000	289.000	288.000	1.000	14351.495	0.000	13333.333	14814.815	1.000	0.000	0.000
30705.000	256.000	255.000	1.000	15864.249	0.000	14814.815	16700.000	1.000	0.000	0.000
30706.000	236.000	235.000	1.000	18060.015	0.000	16666.667	19047.619	1.000	0.000	0.000
30707.000	230.000	229.000	1.000	19478.903	0.000	19047.619	22222.222	1.000	0.000	0.000
30708.000	250.000	249.000	1.000	26297.438	0.000	22222.222	26666.667	1.000	0.000	0.000
30709.000	494.000	492.000	2.000	29097.445	0.000	26666.667	33333.333	1.000	0.000	0.000
30710.000	210.000	209.000	1.000	38454.773	0.000	33333.333	44444.444	1.000	0.000	0.000
30711.000	6.000	5.000	1.000	55744.372	0.000	44444.444	66666.667	1.000	0.000	0.000
30712.000	2.000	0.000	2.000	101987.174	0.000	66666.667	133333.333	1.000	0.000	0.000
30713.000	4.000	0.000	4.000	206986.611	0.000	133333.333	10000000000.000	1.000	0.000	0.000
30714.000	749.000	748.000	1.000	4299.966	0.000	0.000	4301.075	1.000	0.000	0.000
30715.000	852.000	851.000	2.000	4419.091	0.000	4301.075	4444.444	1.000	0.000	0.000
30716.000	788.000	787.000	1.000	4585.786	0.000	4444.444	4597.701	1.000	0.000	0.000
30717.000	1325.000	1324.000	2.000	4748.327	0.000	4597.701	4761.905	1.000	0.000	0.000
30718.000	752.000	751.000	1.000	4808.990	0.000	4761.905	4938.272	1.000	0.000	0.000
30719.000	454.000	453.000	1.000	5075.513	0.000	4938.272	5128.205	1.000	0.000	0.000
30720.000	453.000	452.000	1.000	5311.947	0.000	5128.205	5333.333	1.000	0.000	0.000
30721.000	771.000	770.000	1.000	5548.047	0.000	5333.333	5555.556	1.000	0.000	0.000
30722.000	715.000	714.000	1.000	5678.971	0.000	5555.556	5797.101	1.000	0.000	0.000
30723.000	392.000	391.000	1.000	6010.053	0.000	5797.101	6060.606	1.000	0.000	0.000
30724.000	381.000	380.000	1.000	6342.499	0.000	6060.606	6349.206	1.000	0.000	0.000
30725.000	356.000	355.000	1.000	6614.048	0.000	6349.206	6666.667	1.000	0.000	0.000
30726.000	359.000	358.000	1.000	6999.343	0.000	6666.667	7017.544	1.000	0.000	0.000
30727.000	351.000	350.000	1.000	7392.945	0.000	7017.544	7407.407	1.000	0.000	0.000
30728.000	328.000	327.000	1.000	7610.541	0.000	7407.407	7843.137	1.000	0.000	0.000
30729.000	335.000	334.000	1.000	8290.265	0.000	7843.137	8333.333	1.000	0.000	0.000
30730.000	296.000	295.000	1.000	8878.771	0.000	8333.333	8888.889	1.000	0.000	0.000
30731.000	307.000	306.000	1.000	9238.191	0.000	8888.889	9523.810	1.000	0.000	0.000
30732.000	297.000	296.000	1.000	9595.974	0.000	9523.810	10256.410	1.000	0.000	0.000
30733.000	579.000	577.000	2.000	11003.166	0.000	10256.410	11111.111	1.000	0.000	0.000
30734.000	295.000	294.000	1.000	11801.938	0.000	11111.111	12121.212	1.000	0.000	0.000
30735.000	284.000	283.000	1.000	12283.682	0.000	12121.212	13333.333	1.000	0.000	0.000
30736.000	274.000	273.000	1.000	16296.170	0.000	14814.815	16700.000	1.000	0.000	0.000
30737.000	815.000	812.000	3.000	16680.543	0.000	16666.667	19047.619	1.000	0.000	0.000
30738.000	265.000	264.000	1.000	21763.357	0.000	19047.619	22222.222	1.000	0.000	0.000
30739.000	177.000	176.000	1.000	25119.644	0.000	22222.222	26666.667	1.000	0.000	0.000
30740.000	706.000	703.000	3.000	31981.380	0.000	26666.667	33333.333	1.000	0.000	0.000
30741.000	237.000	236.000	1.000	42463.780	0.000	33333.333	44444.444	1.000	0.000	0.000
30742.000	226.000	225.000	1.000	48359.725	0.000	44444.444	66666.667	1.000	0.000	0.000
30743.000	1.000	0.000	1.000	95599.155	0.000	66666.667	133333.333	1.000	0.000	0.000
30744.000	1.000	0.000	1.000	397417.071	0.000	133333.333	10000000000.000	1.000	0.000	0.000
30745.000	1391.000	1390.000	2.000	4295.681	0.000	0.000	4301.075	1.000	0.000	0.000
30746.000	1295.000	1294.000	2.000	4438.192	0.000	4301.075	4444.444	1.000	0.000	0.000
30747.000	1385.000	1384.000	2.000	4593.879	0.000	4444.444	4597.701	1.000	0.000	0.000
30748.000	522.000	521.000	1.000	4641.205	0.000	4597.701	4761.905	1.000	0.000	0.000
30749.000	491.000	490.000	1.000	4929.509	0.000	4761.905	4938.272	1.000	0.000	0.000
30750.000	1272.000	1271.000	2.000	5073.147	0.000	4938.272	5128.205	1.000	0.000	0.000
30751.000	457.000	456.000	1.000	5317.105	0.000	5128.205	5333.333	1.000	0.000	0.000
30752.000	455.000	454.000	1.000	5548.949	0.000	5333.333	5555.556	1.000	0.000	0.000
30753.000	400.000	399.000	1.000	5770.137	0.000	5555.556	5797.101	1.000	0.000	0.000
30754.000	375.000	374.000	1.000	6046.928	0.000	5797.101	6060.606	1.000	0.000	0.000
30755.000	394.000	393.000	1.000	6304.008	0.000	6060.606	6349.206	1.000	0.000	0.000
30756.000	359.000	358.000	1.000	6609.517	0.000	6349.206	6666.667	1.000	0.000	0.000
30757.000	348.000	347.000	1.000	6927.384	0.000	6666.667	7017.544	1.000	0.000	0.000
30758.000	344.000	343.000	1.000	7371.072	0.000	7017.544	7407.407	1.000	0.000	0.000
30759.000	336.000	335.000	1.000	7706.099	0.000	7407.407	7843.137	1.000	0.000	0.000
30760.000	332.000	331.000	1.000	7921.211	0.000	7843.137	8333.333	1.000	0.000	0.000
30761.000	311.000	310.000	1.000	8809.669	0.000	8333.333	8888.889	1.000	0.000	0.000
30762.000	614.000	612.000	2.000	9375.787	0.000	8888.889	9523.810	1.000	0.000	0.000
30763.000	313.000	312.000	1.000	9942.946	0.000	9523.810	10256.410	1.000	0.000	0.000
30764.000	306.000	305.000	1.000	10832.302	0.000	10256.410	11111.111	1.000	0.000	0.000
30765.000	286.000	285.000	1.000	11707.600	0.000	11111.111	12121.212	1.000	0.000	0.000
30766.000	600.000	598.000	2.000	12598.848	0.000	12121.212	13333.333	1.000	0.000	0.000
30767.000	794.000	791.000	3.000	14308.338	0.000	13333.333	14814.815	1.000	0.000	0.000
30768.000	21.000	20.000	1.000	17883.182	0.000	16666.667	19047.619	1.000	0.000	0.000
30769.000	247.000	246.000	1.000	19986.826	0.000	19047.619	22222.222	1.000	0.000	0.000
30770.000	5.000	0.000	5.000	25307.826	0.000	22222.222	26666.667	1.000	0.000	0.000
30771.000	517.000	515.000	2.000	30078.969	0.000	26666.667	33333.333	1.000	0.000	0.000
30772.000	1686.000	1679.000	7.000	44398.946	0.000	33333.333	44444.444	1.000	0.000	0.000
30773.000	233.000	232.000	1.000	54888.726	0.000	44444.444	66666.667	1.000	0.000	0.000
30774.000	7.000	6.000	1.000	130859.780	0.000	66666.667	133333.333	1.000	0.000	0.000
30775.000	1.000	0.000	1.000	138037.567	0.000	133333.333	10000000000.000	1.000	0.000	0.000
30776.000	779.000	778.000	1.000	4272.789	0.000	0.000	4301.075	1.000	0.000	0.000
30777.000	531.000	530.000	1.000	4439.278	0.000	4301.075	4444.444	1.000	0.000	0.000
30778.000	488.000	487.000	1.000	4549.558	0.000	4444.444	4597.701	1.000	0.000	0.000
30779.000	473.000	472.000	1.000	4727.997	0.000	4597.701	4761.905	1.000	0.000	0.000
30780.000	475.000	474.000	1.000	4923.600	0.000	4761.905	4938.272	1.000	0.000	0.000
30781.000	451.000	450.000	1.000	5008.267	0.000	4938.272	5128.205	1.000	0.000	0.000
30782.000	447.000	446.000	1.000	5320.589	0.000	5128.205	5333.333	1.000	0.000	0.000
30783.000	417.000	416.000	1.000	5516.195	0.000	5333.333	5555.556	1.000	0.000	0.000
30784.000	405.000	404.000	1.000	5782.274	0.000	5555.556	5797.101	1.000	0.000	0.000
30785.000	379.000	378.000	1.000	5958.511	0.000	5797.101	6060.606	1.000	0.000	0.000
30786.000	370.000	369.000	1.000	6329.325	0.000	6060.606	6349.206	1.000	0.000	0.000
30787.000	362.000	361.000	1.000	6545.375	0.000	6349.206	6666.667	1.000	0.000	0.000
30788.000	364.000	363.000	1.000	6946.298	0.000	6666.667	7017.544	1.000	0.000	0.000
30789.000	343.000	342.000	1.000	7399.636	0.000	7017.544	7407.407	1.000	0.000	0.000
30790.000	346.000	345.000	1.000	7828.065	0.000	7407.407	7843.137	1.000	0.000	0.000
30791.000	325.000	324.000	1.000	8156.653	0.000	7843.137	8333.333	1.000	0.000	0.000
30792.000	331.000	330.000	1.000	8692.915	0.000	8333.333	8888.889	1.000	0.000	0.000
30793.000	317.000	316.000	1.000	9507.749	0.000	8888.889	9523.810	1.000	0.000	0.000
30794.000	284.000	283.000	1.000	10157.435	0.000	9523.810	10256.410	1.000	0.000	0.000
30795.000	301.000	300.000	1.000	10994.865	0.000	10256.410	11111.111	1.000	0.000	0.000
30796.000	583.000	581.000	2.000	11436.766	0.000	11111.111	12121.212	1.000	0.000	0.000
30797.000	286.000	285.000	1.000	12489.831	0.000	12121.212	13333.333	1.000	0.000	0.000
30798.000	286.000	285.000	1.000	14345.347	0.000	13333.333	14814.815	1.000	0.000	0.000
30799.000	562.000	560.000	2.000	16627.985	0.000	14814.815	16700.000	1.000	0.000	0.000
30800.000	233.000	232.000	1.000	21582.111	0.000	19047.619	22222.222	1.000	0.000	0.000
30801.000	254.000	253.000	1.000	23261.943	0.000	22222.222	26666.667	1.000	0.000	0.000
30802.000	246.000	245.000	1.000	27214.697	0.000	26666.667	33333.333	1.000	0.000	0.000
30803.000	6.000	5.000	1.000	44278.157	0.000	33333.333	44444.444	1.000	0.000	0.000
30804.000	212.000	211.000	1.000	63658.803	0.000	44444.444	66666.667	1.000	0.000	0.000
30805.000	1.000	0.000	1.000	77493.916	0.000	66666.667	133333.333	1.000	0.000	0.000
30806.000	1.000	0.000	1.000	617984.854	0.000	133333.333	10000000000.000	1.000	0.000	0.000
30807.000	852.000	851.000	2.000	3953.848	0.000	0.000	4301.075	1.000	0.000	0.000
30808.000	1372.000	1371.000	2.000	4439.895	0.000	4301.075	4444.444	1.000	0.000	0.000
30809.000	850.000	849.000	1.000	4521.428	0.000	4444.444	4597.701	1.000	0.000	0.000
30810.000	480.000	479.000	1.000	4751.689	0.000	4597.701	4761.905	1.000	0.000	0.000
30811.000	491.000	490.000	1.000	4924.790	0.000	4761.905	4938.272	1.000	0.000	0.000
30812.000	465.000	464.000	1.000	5101.914	0.000	4938.272	5128.205	1.000	0.000	0.000
30813.000	433.000	432.000	1.000	5280.067	0.000	5128.205	5333.333	1.000	0.000	0.000
30814.000	431.000	430.000	1.000	5504.200	0.000	5333.333	5555.556	1.000	0.000	0.000
30815.000	389.000	388.000	1.000	5677.694	0.000	5555.556	5797.101	1.000	0.000	0.000
30816.000	411.000	410.000	1.000	6028.497	0.000	5797.101	6060.606	1.000	0.000	0.000
30817.000	362.000	361.000	1.000	6239.154	0.000	6060.606	6349.206	1.000	0.000	0.000
30818.000	377.000	376.000	1.000	6608.890	0.000	6349.206	6666.667	1.000	0.000	0.000
30819.000	343.000	342.000	1.000	7011.898	0.000	6666.667	7017.544	1.000	0.000	0.000
30820.000	336.000	335.000	1.000	7386.658	0.000	7017.544	7407.407	1.000	0.000	0.000
30821.000	325.000	324.000	1.000	7747.444	0.000	7407.407	7843.137	1.000	0.000	0.000
30822.000	335.000	334.000	1.000	8268.086	0.000	7843.137	8333.333	1.000	0.000	0.000
30823.000	321.000	320.000	1.000	8885.748	0.000	8333.333	8888.889	1.000	0.000	0.000
30824.000	308.000	307.000	1.000	9398.887	0.000	8888.889	9523.810	1.000	0.000	0.000
30825.000	293.000	292.000	1.000	10101.287	0.000	9523.810	10256.410	1.000	0.000	0.000
30826.000	308.000	307.000	1.000	10871.930	0.000	10256.410	11111.111	1.000	0.000	0.000
30827.000	274.000	273.000	1.000	11872.905	0.000	11111.111	12121.212	1.000	0.000	0.000
30828.000	302.000	301.000	1.000	13014.783	0.000	12121.212	13333.333	1.000	0.000	0.000
30829.000	257.000	256.000	1.000	13889.466	0.000	13333.333	14814.815	1.000	0.000	0.000
30830.000	248.000	247.000	1.000	15571.262	0.000	14814.815	16700.000	1.000	0.000	0.000
30831.000	256.000	255.000	1.000	17723.024	0.000	16666.667	19047.619	1.000	0.000	0.000
30832.000	267.000	266.000	1.000	25004.948	0.000	22222.222	26666.667	1.000	0.000	0.000
30833.000	256.000	255.000	1.000	33266.451	0.000	26666.667	33333.333	1.000	0.000	0.000
30834.000	237.000	235.000	2.000	41024.313	0.000	33333.333	44444.444	1.000	0.000	0.000
30835.000	218.000	217.000	1.000	66490.351	0.000	44444.444	66666.667	1.000	0.000	0.000
30836.000	10.000	9.000	1.000	107694.999	0.000	66666.667	133333.333	1.000	0.000	0.000
30837.000	1.000	0.000	1.000	426415.663	0.000	133333.333	10000000000.000	1.000	0.000	0.000
30838.000	802.000	801.000	1.000	4292.124	0.000	0.000	4301.075	1.000	0.000	0.000
30839.000	486.000	485.000	1.000	4385.517	0.000	4301.075	4444.444	1.000	0.000	0.000
30840.000	614.000	613.000	1.000	4528.818	0.000	4444.444	4597.701	1.000	0.000	0.000
30841.000	1333.000	1332.000	2.000	4738.720	0.000	4597.701	4761.905	1.000	0.000	0.000
30842.000	487.000	486.000	1.000	4927.068	0.000	4761.905	4938.272	1.000	0.000	0.000
30843.000	466.000	465.000	1.000	5119.251	0.000	4938.272	5128.205	1.000	0.000	0.000
30844.000	422.000	421.000	1.000	5314.233	0.000	5128.205	5333.333	1.000	0.000	0.000
30845.000	422.000	421.000	1.000	5523.911	0.000	5333.333	5555.556	1.000	0.000	0.000
30846.000	404.000	403.000	1.000	5773.628	0.000	5555.556	5797.101	1.000	0.000	0.000
30847.000	436.000	435.000	1.000	6017.800	0.000	5797.101	6060.606	1.000	0.000	0.000
30848.000	758.000	756.000	2.000	6201.440	0.000	6060.606	6349.206	1.000	0.000	0.000
30849.000	362.000	361.000	1.000	6608.438	0.000	6349.206	6666.667	1.000	0.000	0.000
30850.000	418.000	417.000	1.000	6907.039	0.000	6666.667	7017.544	1.000	0.000	0.000
30851.000	340.000	339.000	1.000	7054.719	0.000	7017.544	7407.407	1.000	0.000	0.000
30852.000	322.000	321.000	1.000	7801.465	0.000	7407.407	7843.137	1.000	0.000	0.000
30853.000	320.000	319.000	1.000	8073.500	0.000	7843.137	8333.333	1.000	0.000	0.000
30854.000	307.000	306.000	1.000	8823.506	0.000	8333.333	8888.889	1.000	0.000	0.000
30855.000	310.000	309.000	1.000	9232.363	0.000	8888.889	9523.810	1.000	0.000	0.000
30856.000	301.000	300.000	1.000	10005.010	0.000	9523.810	10256.410	1.000	0.000	0.000
30857.000	302.000	301.000	1.000	10800.827	0.000	10256.410	11111.111	1.000	0.000	0.000
30858.000	281.000	280.000	1.000	11327.708	0.000	11111.111	12121.212	1.000	0.000	0.000
30859.000	571.000	569.000	2.000	13275.465	0.000	12121.212	13333.333	1.000	0.000	0.000
30860.000	530.000	528.000	2.000	14783.317	0.000	13333.333	14814.815	1.000	0.000	0.000
30861.000	304.000	303.000	1.000	15301.258	0.000	14814.815	16700.000	1.000	0.000	0.000
30862.000	818.000	815.000	3.000	18179.543	0.000	16666.667	19047.619	1.000	0.000	0.000
30863.000	272.000	271.000	1.000	19776.086	0.000	19047.619	22222.222	1.000	0.000	0.000
30864.000	256.000	255.000	1.000	31778.290	0.000	26666.667	33333.333	1.000	0.000	0.000
30865.000	242.000	241.000	1.000	33694.149	0.000	33333.333	44444.444	1.000	0.000	0.000
30866.000	217.000	216.000	1.000	56144.240	0.000	44444.444	66666.667	1.000	0.000	0.000
30867.000	205.000	204.000	1.000	110272.723	0.000	66666.667	133333.333	1.000	0.000	0.000
30868.000	1.000	0.000	1.000	139396.617	0.000	133333.333	10000000000.000	1.000	0.000	0.000
30869.000	852.000	851.000	2.000	4101.084	0.000	0.000	4301.075	1.000	0.000	0.000
30870.000	1348.000	1347.000	2.000	4406.478	0.000	4301.075	4444.444	1.000	0.000	0.000
30871.000	697.000	696.000	1.000	4561.540	0.000	4444.444	4597.701	1.000	0.000	0.000
30872.000	487.000	486.000	1.000	4756.855	0.000	4597.701	4761.905	1.000	0.000	0.000
30873.000	429.000	428.000	1.000	4922.375	0.000	4761.905	4938.272	1.000	0.000	0.000
30874.000	479.000	478.000	1.000	5087.531	0.000	4938.272	5128.205	1.000	0.000	0.000
30875.000	413.000	412.000	1.000	5263.740	0.000	5128.205	5333.333	1.000	0.000	0.000
30876.000	408.000	407.000	1.000	5528.945	0.000	5333.333	5555.556	1.000	0.000	0.000
30877.000	402.000	401.000	1.000	5750.521	0.000	5555.556	5797.101	1.000	0.000	0.000
30878.000	393.000	392.000	1.000	6047.138	0.000	5797.101	6060.606	1.000	0.000	0.000
30879.000	368.000	367.000	1.000	6260.361	0.000	6060.606	6349.206	1.000	0.000	0.000
30880.000	373.000	372.000	1.000	6638.112	0.000	6349.206	6666.667	1.000	0.000	0.000
30881.000	347.000	346.000	1.000	6895.129	0.000	6666.667	7017.544	1.000	0.000	0.000
30882.000	344.000	343.000	1.000	7231.603	0.000	7017.544	7407.407	1.000	0.000	0.000
30883.000	337.000	336.000	1.000	7609.195	0.000	7407.407	7843.137	1.000	0.000	0.000
30884.000	324.000	323.000	1.000	8300.302	0.000	7843.137	8333.333	1.000	0.000	0.000
30885.000	316.000	315.000	1.000	8828.202	0.000	8333.333	8888.889	1.000	0.000	0.000
30886.000	651.000	649.000	2.000	9470.522	0.000	8888.889	9523.810	1.000	0.000	0.000
30887.000	302.000	301.000	1.000	10220.715	0.000	9523.810	10256.410	1.000	0.000	0.000
30888.000	277.000	276.000	1.000	10758.955	0.000	10256.410	11111.111	1.000	0.000	0.000
30889.000	293.000	292.000	1.000	11884.370	0.000	11111.111	12121.212	1.000	0.000	0.000
30890.000	275.000	274.000	1.000	13252.280	0.000	12121.212	13333.333	1.000	0.000	0.000
30891.000	279.000	278.000	1.000	14137.759	0.000	13333.333	14814.815	1.000	0.000	0.000
30892.000	275.000	274.000	1.000	15931.954	0.000	14814.815	16700.000	1.000	0.000	0.000
30893.000	285.000	284.000	1.000	16993.219	0.000	16666.667	19047.619	1.000	0.000	0.000
30894.000	250.000	249.000	1.000	20779.673	0.000	19047.619	22222.222	1.000	0.000	0.000
30895.000	252.000	251.000	1.000	24734.502	0.000	22222.222	26666.667	1.000	0.000	0.000
30896.000	226.000	224.000	2.000	40642.778	0.000	33333.333	44444.444	1.000	0.000	0.000
30897.000	213.000	212.000	1.000	63831.469	0.000	44444.444	66666.667	1.000	0.000	0.000
30898.000	219.000	218.000	1.000	68506.994	0.000	66666.667	133333.333	1.000	0.000	0.000
30899.000	1.000	0.000	1.000	292661.414	0.000	133333.333	10000000000.000	1.000	0.000	0.000
30900.000	1411.000	1410.000	2.000	4286.789	0.000	0.000	4301.075	1.000	0.000	0.000
30901.000	1365.000	1364.000	2.000	4440.285	0.000	4301.075	4444.444	1.000	0.000	0.000
30902.000	762.000	761.000	1.000	4548.928	0.000	4444.444	4597.701	1.000	0.000	0.000
30903.000	487.000	486.000	1.000	4749.687	0.000	4597.701	4761.905	1.000	0.000	0.000
30904.000	457.000	456.000	1.000	4936.636	0.000	4761.905	4938.272	1.000	0.000	0.000
30905.000	1368.000	1367.000	2.000	5127.307	0.000	4938.272	5128.205	1.000	0.000	0.000
30906.000	427.000	426.000	1.000	5293.170	0.000	5128.205	5333.333	1.000	0.000	0.000
30907.000	405.000	404.000	1.000	5507.081	0.000	5333.333	5555.556	1.000	0.000	0.000
30908.000	383.000	382.000	1.000	5725.866	0.000	5555.556	5797.101	1.000	0.000	0.000
30909.000	394.000	393.000	1.000	6020.723	0.000	5797.101	6060.606	1.000	0.000	0.000
30910.000	435.000	434.000	1.000	6237.300	0.000	6060.606	6349.206	1.000	0.000	0.000
30911.000	383.000	382.000	1.000	6447.426	0.000	6349.206	6666.667	1.000	0.000	0.000
30912.000	724.000	722.000	2.000	6876.615	0.000	6666.667	7017.544	1.000	0.000	0.000
30913.000	331.000	330.000	1.000	7406.953	0.000	7017.544	7407.407	1.000	0.000	0.000
30914.000	326.000	325.000	1.000	7838.529	0.000	7407.407	7843.137	1.000	0.000	0.000
30915.000	318.000	317.000	1.000	8257.364	0.000	7843.137	8333.333	1.000	0.000	0.000
30916.000	312.000	311.000	1.000	8733.633	0.000	8333.333	8888.889	1.000	0.000	0.000
30917.000	304.000	303.000	1.000	9383.213	0.000	8888.889	9523.810	1.000	0.000	0.000
30918.000	304.000	303.000	1.000	10219.156	0.000	9523.810	10256.410	1.000	0.000	0.000
30919.000	296.000	295.000	1.000	11108.800	0.000	10256.410	11111.111	1.000	0.000	0.000
30920.000	1159.000	1155.000	4.000	11942.028	0.000	11111.111	12121.212	1.000	0.000	0.000
30921.000	260.000	259.000	1.000	12813.024	0.000	12121.212	13333.333	1.000	0.000	0.000
30922.000	268.000	267.000	1.000	14439.671	0.000	13333.333	14814.815	1.000	0.000	0.000
30923.000	263.000	262.000	1.000	16060.148	0.000	14814.815	16700.000	1.000	0.000	0.000
30924.000	274.000	273.000	1.000	18537.745	0.000	16666.667	19047.619	1.000	0.000	0.000
30925.000	236.000	235.000	1.000	20743.042	0.000	19047.619	22222.222	1.000	0.000	0.000
30926.000	247.000	246.000	1.000	26209.772	0.000	22222.222	26666.667	1.000	0.000	0.000
30927.000	252.000	251.000	1.000	27744.744	0.000	26666.667	33333.333	1.000	0.000	0.000
30928.000	230.000	229.000	1.000	45665.641	0.000	44444.444	66666.667	1.000	0.000	0.000
30929.000	196.000	195.000	1.000	128470.507	0.000	66666.667	133333.333	1.000	0.000	0.000
30930.000	2.000	0.000	2.000	176961.883	0.000	133333.333	10000000000.000	1.000	0.000	0.000
30931.000	852.000	851.000	2.000	4164.447	0.000	0.000	4301.075	1.000	0.000	0.000
30932.000	1342.000	1340.000	3.000	4433.644	0.000	4301.075	4444.444	1.000	0.000	0.000
30933.000	1366.000	1363.000	4.000	4595.134	0.000	4444.444	4597.701	1.000	0.000	0.000
30934.000	644.000	643.000	1.000	4698.765	0.000	4597.701	4761.905	1.000	0.000	0.000
30935.000	482.000	481.000	1.000	4894.739	0.000	4761.905	4938.272	1.000	0.000	0.000
30936.000	437.000	436.000	1.000	5074.958	0.000	4938.272	5128.205	1.000	0.000	0.000
30937.000	438.000	437.000	1.000	5320.240	0.000	5128.205	5333.333	1.000	0.000	0.000
30938.000	423.000	422.000	1.000	5538.836	0.000	5333.333	5555.556	1.000	0.000	0.000
30939.000	394.000	393.000	1.000	5691.797	0.000	5555.556	5797.101	1.000	0.000	0.000
30940.000	395.000	394.000	1.000	6050.321	0.000	5797.101	6060.606	1.000	0.000	0.000
30941.000	368.000	367.000	1.000	6301.818	0.000	6060.606	6349.206	1.000	0.000	0.000
30942.000	375.000	374.000	1.000	6644.025	0.000	6349.206	6666.667	1.000	0.000	0.000
30943.000	334.000	333.000	1.000	6870.579	0.000	6666.667	7017.544	1.000	0.000	0.000
30944.000	347.000	346.000	1.000	7365.803	0.000	7017.544	7407.407	1.000	0.000	0.000
30945.000	339.000	338.000	1.000	7807.341	0.000	7407.407	7843.137	1.000	0.000	0.000
30946.000	348.000	347.000	1.000	8160.666	0.000	7843.137	8333.333	1.000	0.000	0.000
30947.000	329.000	328.000	1.000	8636.098	0.000	8333.333	8888.889	1.000	0.000	0.000
30948.000	319.000	318.000	1.000	9386.551	0.000	8888.889	9523.810	1.000	0.000	0.000
30949.000	584.000	582.000	2.000	10160.339	0.000	9523.810	10256.410	1.000	0.000	0.000
30950.000	303.000	302.000	1.000	10803.205	0.000	10256.410	11111.111	1.000	0.000	0.000
30951.000	588.000	586.000	2.000	11473.877	0.000	11111.111	12121.212	1.000	0.000	0.000
30952.000	246.000	245.000	1.000	12493.863	0.000	12121.212	13333.333	1.000	0.000	0.000
30953.000	274.000	273.000	1.000	14270.700	0.000	13333.333	14814.815	1.000	0.000	0.000
30954.000	265.000	264.000	1.000	15933.120	0.000	14814.815	16700.000	1.000	0.000	0.000
30955.000	533.000	531.000	2.000	18293.456	0.000	16666.667	19047.619	1.000	0.000	0.000
30956.000	264.000	263.000	1.000	19182.276	0.000	19047.619	22222.222	1.000	0.000	0.000
30957.000	256.000	255.000	1.000	22506.893	0.000	22222.222	26666.667	1.000	0.000	0.000
30958.000	250.000	249.000	1.000	30623.773	0.000	26666.667	33333.333	1.000	0.000	0.000
30959.000	234.000	233.000	1.000	41654.278	0.000	33333.333	44444.444	1.000	0.000	0.000
30960.000	4.000	3.000	1.000	128598.579	0.000	66666.667	133333.333	1.000	0.000	0.000
30961.000	1.000	0.000	1.000	230981.076	0.000	133333.333	10000000000.000	1.000	0.000	0.000
30962.000	1437.000	1436.000	2.000	4290.337	0.000	0.000	4301.075	1.000	0.000	0.000
30963.000	769.000	768.000	1.000	4399.354	0.000	4301.075	4444.444	1.000	0.000	0.000
30964.000	836.000	835.000	1.000	4569.026	0.000	4444.444	4597.701	1.000	0.000	0.000
30965.000	715.000	714.000	1.000	4747.071	0.000	4597.701	4761.905	1.000	0.000	0.000
30966.000	477.000	476.000	1.000	4854.813	0.000	4761.905	4938.272	1.000	0.000	0.000
30967.000	808.000	807.000	1.000	5103.140	0.000	4938.272	5128.205	1.000	0.000	0.000
30968.000	432.000	431.000	1.000	5315.677	0.000	5128.205	5333.333	1.000	0.000	0.000
30969.000	424.000	423.000	1.000	5507.830	0.000	5333.333	5555.556	1.000	0.000	0.000
30970.000	414.000	413.000	1.000	5761.413	0.000	5555.556	5797.101	1.000	0.000	0.000
30971.000	380.000	379.000	1.000	6057.803	0.000	5797.101	6060.606	1.000	0.000	0.000
30972.000	390.000	389.000	1.000	6342.834	0.000	6060.606	6349.206	1.000	0.000	0.000
30973.000	385.000	384.000	1.000	6612.905	0.000	6349.206	6666.667	1.000	0.000	0.000
30974.000	347.000	346.000	1.000	6993.076	0.000	6666.667	7017.544	1.000	0.000	0.000
30975.000	360.000	359.000	1.000	7363.218	0.000	7017.544	7407.407	1.000	0.000	0.000
30976.000	327.000	326.000	1.000	7831.708	0.000	7407.407	7843.137	1.000	0.000	0.000
30977.000	337.000	336.000	1.000	8321.402	0.000	7843.137	8333.333	1.000	0.000	0.000
30978.000	316.000	315.000	1.000	8593.143	0.000	8333.333	8888.889	1.000	0.000	0.000
30979.000	311.000	310.000	1.000	9445.711	0.000	8888.889	9523.810	1.000	0.000	0.000
30980.000	295.000	294.000	1.000	10129.166	0.000	9523.810	10256.410	1.000	0.000	0.000
30981.000	293.000	292.000	1.000	10944.389	0.000	10256.410	11111.111	1.000	0.000	0.000
30982.000	301.000	300.000	1.000	11561.822	0.000	11111.111	12121.212	1.000	0.000	0.000
30983.000	273.000	272.000	1.000	13215.322	0.000	12121.212	13333.333	1.000	0.000	0.000
30984.000	275.000	274.000	1.000	14632.520	0.000	13333.333	14814.815	1.000	0.000	0.000
30985.000	254.000	253.000	1.000	16604.520	0.000	14814.815	16700.000	1.000	0.000	0.000
30986.000	525.000	523.000	2.000	17124.897	0.000	16666.667	19047.619	1.000	0.000	0.000
30987.000	1867.000	1859.000	8.000	22042.403	0.000	19047.619	22222.222	1.000	0.000	0.000
30988.000	752.000	749.000	3.000	25733.019	0.000	22222.222	26666.667	1.000	0.000	0.000
30989.000	1543.000	1537.000	6.000	28218.590	0.000	26666.667	33333.333	1.000	0.000	0.000
30990.000	242.000	241.000	1.000	43383.582	0.000	33333.333	44444.444	1.000	0.000	0.000
30991.000	709.000	706.000	3.000	60097.733	0.000	44444.444	66666.667	1.000	0.000	0.000
30992.000	4.000	0.000	4.000	229898.591	0.000	133333.333	10000000000.000	1.000	0.000	0.000
30993.000	882.000	881.000	2.000	4300.912	0.000	0.000	4301.075	1.000	0.000	0.000
30994.000	476.000	475.000	1.000	4438.650	0.000	4301.075	4444.444	1.000	0.000	0.000
30995.000	490.000	489.000	1.000	4456.580	0.000	4444.444	4597.701	1.000	0.000	0.000
30996.000	1349.000	1347.000	3.000	4755.179	0.000	4597.701	4761.905	1.000	0.000	0.000
30997.000	475.000	474.000	1.000	4927.096	0.000	4761.905	4938.272	1.000	0.000	0.000
30998.000	481.000	480.000	1.000	5112.495	0.000	4938.272	5128.205	1.000	0.000	0.000
30999.000	434.000	433.000	1.000	5278.362	0.000	5128.205	5333.333	1.000	0.000	0.000
31000.000	402.000	401.000	1.000	5551.797	0.000	5333.333	5555.556	1.000	0.000	0.000
31001.000	806.000	804.000	2.000	5740.456	0.000	5555.556	5797.101	1.000	0.000	0.000
31002.000	396.000	395.000	1.000	5998.585	0.000	5797.101	6060.606	1.000	0.000	0.000
31003.000	387.000	386.000	1.000	6296.156	0.000	6060.606	6349.206	1.000	0.000	0.000
31004.000	362.000	361.000	1.000	6605.192	0.000	6349.206	6666.667	1.000	0.000	0.000
31005.000	354.000	353.000	1.000	6984.157	0.000	6666.667	7017.544	1.000	0.000	0.000
31006.000	381.000	380.000	1.000	7351.810	0.000	7017.544	7407.407	1.000	0.000	0.000
31007.000	325.000	324.000	1.000	7805.766	0.000	7407.407	7843.137	1.000	0.000	0.000
31008.000	355.000	354.000	1.000	8269.342	0.000	7843.137	8333.333	1.000	0.000	0.000
31009.000	309.000	308.000	1.000	8602.992	0.000	8333.333	8888.889	1.000	0.000	0.000
31010.000	324.000	323.000	1.000	9512.891	0.000	8888.889	9523.810	1.000	0.000	0.000
31011.000	317.000	316.000	1.000	9684.397	0.000	9523.810	10256.410	1.000	0.000	0.000
31012.000	305.000	304.000	1.000	10539.937	0.000	10256.410	11111.111	1.000	0.000	0.000
31013.000	634.000	632.000	2.000	11954.448	0.000	11111.111	12121.212	1.000	0.000	0.000
31014.000	564.000	562.000	2.000	13219.335	0.000	12121.212	13333.333	1.000	0.000	0.000
31015.000	275.000	274.000	1.000	14043.814	0.000	13333.333	14814.815	1.000	0.000	0.000
31016.000	270.000	269.000	1.000	15756.383	0.000	14814.815	16700.000	1.000	0.000	0.000
31017.000	274.000	273.000	1.000	18715.351	0.000	16666.667	19047.619	1.000	0.000	0.000
31018.000	253.000	252.000	1.000	21693.143	0.000	19047.619	22222.222	1.000	0.000	0.000
31019.000	83.000	82.000	1.000	26128.764	0.000	22222.222	26666.667	1.000	0.000	0.000
31020.000	447.000	445.000	2.000	33012.314	0.000	26666.667	33333.333	1.000	0.000	0.000
31021.000	254.000	253.000	1.000	33597.293	0.000	33333.333	44444.444	1.000	0.000	0.000
31022.000	224.000	223.000	1.000	64792.099	0.000	44444.444	66666.667	1.000	0.000	0.000
31023.000	219.000	218.000	1.000	124001.849	0.000	66666.667	133333.333	1.000	0.000	0.000
