28200.000	45.000	44.000	2.000	4098.710	0.000	0.000	4200.000	1.000	0.000	0.000
28201.000	47.000	46.000	2.000	4554.718	0.000	4536.973	4574.610	1.000	0.000	0.000
28202.000	56.000	52.000	4.000	5083.311	0.000	5040.725	5086.632	1.000	0.000	0.000
28203.000	27.000	24.000	3.000	5720.872	0.000	5670.701	5729.843	1.000	0.000	0.000
28204.000	53.000	48.000	5.000	6546.070	0.000	6506.950	6589.425	1.000	0.000	0.000
28205.000	98.000	87.000	11.000	7864.252	0.000	7710.000	7869.902	1.000	0.000	0.000
28206.000	6.000	5.000	1.000	10111.506	0.000	10022.696	10332.241	1.000	0.000	0.000
28207.000	111.000	0.000	111.000	87947.197	0.000	80000.000	10000000000.000	1.000	0.000	0.000
28208.000	25.000	24.000	1.000	4192.089	0.000	0.000	4200.000	1.000	0.000	0.000
28209.000	43.000	41.000	2.000	4565.376	0.000	4536.973	4574.610	1.000	0.000	0.000
28210.000	44.000	41.000	3.000	5073.915	0.000	5040.725	5086.632	1.000	0.000	0.000
28211.000	346.000	320.000	26.000	5701.829	0.000	5670.701	5729.843	1.000	0.000	0.000
28212.000	66.000	59.000	7.000	6534.224	0.000	6506.950	6589.425	1.000	0.000	0.000
28213.000	144.000	126.000	18.000	7842.563	0.000	7710.000	7869.902	1.000	0.000	0.000
28214.000	19.000	7.000	12.000	10166.440	0.000	10022.696	10332.241	1.000	0.000	0.000
28215.000	200.000	0.000	200.000	45670.126	0.000	80000.000	10000000000.000	0.000	0.000	0.000
28216.000	115.000	106.000	9.000	4540.032	0.000	4536.973	4574.610	1.000	0.000	0.000
28217.000	3.000	0.000	3.000	5073.116	0.000	5040.725	5086.632	1.000	0.000	0.000
28218.000	9.000	8.000	1.000	5729.310	0.000	5670.701	5729.843	1.000	0.000	0.000
28219.000	31.000	27.000	4.000	6519.341	0.000	6506.950	6589.425	1.000	0.000	0.000
28220.000	65.000	59.000	6.000	7754.018	0.000	7710.000	7869.902	1.000	0.000	0.000
28221.000	7.000	6.000	1.000	10300.748	0.000	10022.696	10332.241	1.000	0.000	0.000
28222.000	3.000	0.000	3.000	128113.426	0.000	80000.000	10000000000.000	1.000	0.000	0.000
28223.000	48.000	47.000	2.000	4192.372	0.000	0.000	4200.000	1.000	0.000	0.000
28224.000	116.000	109.000	7.000	4541.904	0.000	4536.973	4574.610	1.000	0.000	0.000
28225.000	75.000	70.000	5.000	5057.842	0.000	5040.725	5086.632	1.000	0.000	0.000
28226.000	50.000	46.000	4.000	5711.522	0.000	5670.701	5729.843	1.000	0.000	0.000
28227.000	32.000	29.000	3.000	6568.851	0.000	6506.950	6589.425	1.000	0.000	0.000
28228.000	98.000	86.000	12.000	7800.731	0.000	7710.000	7869.902	1.000	0.000	0.000
28229.000	177.000	157.000	20.000	10223.655	0.000	10022.696	10332.241	1.000	0.000	0.000
28230.000	1.000	0.000	1.000	133662.972	0.000	80000.000	10000000000.000	1.000	0.000	0.000
28231.000	27.000	26.000	2.000	3678.856	0.000	0.000	4200.000	1.000	0.000	0.000
28232.000	61.000	57.000	4.000	5049.828	0.000	5040.725	5086.632	1.000	0.000	0.000
28233.000	113.000	102.000	11.000	5694.142	0.000	5670.701	5729.843	1.000	0.000	0.000
28234.000	17.000	15.000	2.000	6587.051	0.000	6506.950	6589.425	1.000	0.000	0.000
28235.000	35.000	31.000	4.000	7863.328	0.000	7710.000	7869.902	1.000	0.000	0.000
28236.000	6.000	5.000	1.000	10151.377	0.000	10022.696	10332.241	1.000	0.000	0.000
28237.000	1.000	0.000	1.000	153167.471	0.000	80000.000	10000000000.000	1.000	0.000	0.000
28238.000	49.000	48.000	2.000	4186.382	0.000	0.000	4200.000	1.000	0.000	0.000
28239.000	87.000	41.000	47.000	4546.199	0.000	4536.973	4574.610	1.000	0.000	0.000
28240.000	62.000	57.000	5.000	5082.836	0.000	5040.725	5086.632	1.000	0.000	0.000
28241.000	102.000	93.000	9.000	5674.573	0.000	5670.701	5729.843	1.000	0.000	0.000
28242.000	88.000	77.000	11.000	6539.036	0.000	6506.950	6589.425	1.000	0.000	0.000
28243.000	57.000	51.000	6.000	7736.576	0.000	7710.000	7869.902	1.000	0.000	0.000
28244.000	90.000	77.000	13.000	10249.788	0.000	10022.696	10332.241	1.000	0.000	0.000
28245.000	2.000	0.000	2.000	93163.721	0.000	80000.000	10000000000.000	1.000	0.000	0.000
28246.000	13.000	12.000	1.000	4153.728	0.000	0.000	4200.000	1.000	0.000	0.000
28247.000	142.000	134.000	8.000	4554.885	0.000	4536.973	4574.610	1.000	0.000	0.000
28248.000	306.000	278.000	28.000	5677.609	0.000	5670.701	5729.843	1.000	0.000	0.000
28249.000	20.000	18.000	2.000	6585.705	0.000	6506.950	6589.425	1.000	0.000	0.000
28250.000	59.000	52.000	7.000	7771.261	0.000	7710.000	7869.902	1.000	0.000	0.000
28251.000	22.000	19.000	3.000	10082.683	0.000	10022.696	10332.241	1.000	0.000	0.000
28252.000	28.000	0.000	28.000	98678.693	0.000	80000.000	10000000000.000	1.000	0.000	0.000
28253.000	47.000	46.000	2.000	4052.856	0.000	0.000	4200.000	1.000	0.000	0.000
28254.000	32.000	29.000	3.000	4568.636	0.000	4536.973	4574.610	1.000	0.000	0.000
28255.000	38.000	35.000	3.000	5073.708	0.000	5040.725	5086.632	1.000	0.000	0.000
28256.000	267.000	212.000	56.000	5671.614	0.000	5670.701	5729.843	1.000	0.000	0.000
28257.000	195.000	171.000	24.000	6518.462	0.000	6506.950	6589.425	1.000	0.000	0.000
28258.000	18.000	15.000	3.000	7802.689	0.000	7710.000	7869.902	1.000	0.000	0.000
28259.000	204.000	181.000	23.000	10034.546	0.000	10022.696	10332.241	1.000	0.000	0.000
28260.000	200.000	0.000	200.000	12058.530	0.000	80000.000	10000000000.000	0.000	0.000	0.000
28261.000	49.000	48.000	2.000	4110.521	0.000	0.000	4200.000	1.000	0.000	0.000
28262.000	57.000	53.000	4.000	4546.746	0.000	4536.973	4574.610	1.000	0.000	0.000
28263.000	88.000	82.000	6.000	5085.212	0.000	5040.725	5086.632	1.000	0.000	0.000
28264.000	90.000	80.000	10.000	6523.447	0.000	6506.950	6589.425	1.000	0.000	0.000
28265.000	54.000	48.000	6.000	7776.679	0.000	7710.000	7869.902	1.000	0.000	0.000
28266.000	72.000	61.000	11.000	10078.713	0.000	10022.696	10332.241	1.000	0.000	0.000
28267.000	4.000	0.000	4.000	88116.410	0.000	80000.000	10000000000.000	1.000	0.000	0.000
28268.000	18.000	17.000	1.000	4172.010	0.000	0.000	4200.000	1.000	0.000	0.000
28269.000	88.000	86.000	4.000	4549.289	0.000	4536.973	4574.610	1.000	0.000	0.000
28270.000	38.000	37.000	2.000	5080.996	0.000	5040.725	5086.632	1.000	0.000	0.000
28271.000	121.000	111.000	10.000	5671.023	0.000	5670.701	5729.843	1.000	0.000	0.000
28272.000	18.000	16.000	2.000	6516.705	0.000	6506.950	6589.425	1.000	0.000	0.000
28273.000	31.000	27.000	4.000	7813.760	0.000	7710.000	7869.902	1.000	0.000	0.000
28274.000	15.000	8.000	7.000	10090.634	0.000	10022.696	10332.241	1.000	0.000	0.000
28275.000	194.000	0.000	194.000	84661.396	0.000	80000.000	10000000000.000	1.000	0.000	0.000
28276.000	13.000	12.000	1.000	4104.956	0.000	0.000	4200.000	1.000	0.000	0.000
28277.000	66.000	63.000	4.000	4553.598	0.000	4536.973	4574.610	1.000	0.000	0.000
28278.000	77.000	70.000	7.000	5077.053	0.000	5040.725	5086.632	1.000	0.000	0.000
28279.000	284.000	249.000	35.000	5703.959	0.000	5670.701	5729.843	1.000	0.000	0.000
28280.000	118.000	104.000	14.000	7727.919	0.000	7710.000	7869.902	1.000	0.000	0.000
28281.000	94.000	84.000	10.000	10161.097	0.000	10022.696	10332.241	1.000	0.000	0.000
28282.000	45.000	0.000	45.000	83331.731	0.000	80000.000	10000000000.000	1.000	0.000	0.000
28283.000	130.000	129.000	5.000	4145.200	0.000	0.000	4200.000	1.000	0.000	0.000
28284.000	15.000	14.000	1.000	4566.982	0.000	4536.973	4574.610	1.000	0.000	0.000
28285.000	59.000	53.000	6.000	5074.507	0.000	5040.725	5086.632	1.000	0.000	0.000
28286.000	280.000	259.000	21.000	5690.270	0.000	5670.701	5729.843	1.000	0.000	0.000
28287.000	133.000	121.000	13.000	6559.690	0.000	6506.950	6589.425	1.000	0.000	0.000
28288.000	94.000	83.000	11.000	7733.963	0.000	7710.000	7869.902	1.000	0.000	0.000
28289.000	27.000	23.000	4.000	10199.448	0.000	10022.696	10332.241	1.000	0.000	0.000
28290.000	200.000	0.000	200.000	3319.611	0.000	80000.000	10000000000.000	0.000	0.000	0.000
28291.000	1.000	0.000	1.000	3600.090	0.000	0.000	4200.000	1.000	0.000	0.000
28292.000	74.000	70.000	4.000	4555.958	0.000	4536.973	4574.610	1.000	0.000	0.000
28293.000	167.000	157.000	10.000	5057.195	0.000	5040.725	5086.632	1.000	0.000	0.000
28294.000	95.000	85.000	10.000	5707.925	0.000	5670.701	5729.843	1.000	0.000	0.000
28295.000	86.000	78.000	8.000	6573.863	0.000	6506.950	6589.425	1.000	0.000	0.000
28296.000	130.000	114.000	16.000	10177.379	0.000	10022.696	10332.241	1.000	0.000	0.000
28297.000	30.000	0.000	30.000	83132.698	0.000	80000.000	10000000000.000	1.000	0.000	0.000
28298.000	51.000	50.000	2.000	4151.271	0.000	0.000	4200.000	1.000	0.000	0.000
28299.000	200.000	0.000	200.000	3834.216	0.000	4536.973	4574.610	0.000	0.000	0.000
28300.000	33.000	31.000	2.000	5060.842	0.000	5040.725	5086.632	1.000	0.000	0.000
28301.000	187.000	169.000	18.000	5709.124	0.000	5670.701	5729.843	1.000	0.000	0.000
28302.000	274.000	244.000	30.000	6556.329	0.000	6506.950	6589.425	1.000	0.000	0.000
28303.000	99.000	89.000	10.000	7807.100	0.000	7710.000	7869.902	1.000	0.000	0.000
28304.000	83.000	71.000	12.000	10180.117	0.000	10022.696	10332.241	1.000	0.000	0.000
28305.000	24.000	0.000	24.000	87189.341	0.000	80000.000	10000000000.000	1.000	0.000	0.000
28306.000	24.000	23.000	1.000	4185.013	0.000	0.000	4200.000	1.000	0.000	0.000
28307.000	25.000	24.000	1.000	4562.791	0.000	4536.973	4574.610	1.000	0.000	0.000
28308.000	8.000	7.000	1.000	5068.211	0.000	5040.725	5086.632	1.000	0.000	0.000
28309.000	234.000	208.000	26.000	5681.799	0.000	5670.701	5729.843	1.000	0.000	0.000
28310.000	153.000	138.000	15.000	6572.721	0.000	6506.950	6589.425	1.000	0.000	0.000
28311.000	34.000	30.000	4.000	7724.900	0.000	7710.000	7869.902	1.000	0.000	0.000
28312.000	2.000	0.000	2.000	156416.348	0.000	80000.000	10000000000.000	1.000	0.000	0.000
28313.000	18.000	17.000	1.000	4197.286	0.000	0.000	4200.000	1.000	0.000	0.000
28314.000	24.000	23.000	1.000	4558.154	0.000	4536.973	4574.610	1.000	0.000	0.000
28315.000	49.000	44.000	5.000	5070.072	0.000	5040.725	5086.632	1.000	0.000	0.000
28316.000	160.000	140.000	20.000	5680.241	0.000	5670.701	5729.843	1.000	0.000	0.000
28317.000	235.000	205.000	30.000	6584.409	0.000	6506.950	6589.425	1.000	0.000	0.000
28318.000	28.000	25.000	3.000	7815.023	0.000	7710.000	7869.902	1.000	0.000	0.000
28319.000	399.000	343.000	56.000	10246.770	0.000	10022.696	10332.241	1.000	0.000	0.000
28320.000	200.000	0.000	200.000	6397.642	0.000	80000.000	10000000000.000	0.000	0.000	0.000
28321.000	200.000	199.000	8.000	4183.685	0.000	0.000	4200.000	1.000	0.000	0.000
28322.000	141.000	130.000	11.000	4559.683	0.000	4536.973	4574.610	1.000	0.000	0.000
28323.000	91.000	85.000	6.000	5045.319	0.000	5040.725	5086.632	1.000	0.000	0.000
28324.000	11.000	10.000	1.000	5679.017	0.000	5670.701	5729.843	1.000	0.000	0.000
28325.000	10.000	9.000	1.000	6587.500	0.000	6506.950	6589.425	1.000	0.000	0.000
28326.000	120.000	108.000	12.000	7785.097	0.000	7710.000	7869.902	1.000	0.000	0.000
28327.000	40.000	35.000	5.000	10161.928	0.000	10022.696	10332.241	1.000	0.000	0.000
28328.000	47.000	46.000	2.000	4177.157	0.000	0.000	4200.000	1.000	0.000	0.000
28329.000	70.000	67.000	3.000	4546.199	0.000	4536.973	4574.610	1.000	0.000	0.000
28330.000	16.000	15.000	1.000	5077.172	0.000	5040.725	5086.632	1.000	0.000	0.000
28331.000	262.000	240.000	22.000	5696.230	0.000	5670.701	5729.843	1.000	0.000	0.000
28332.000	231.000	206.000	25.000	6515.973	0.000	6506.950	6589.425	1.000	0.000	0.000
28333.000	9.000	8.000	1.000	7774.525	0.000	7710.000	7869.902	1.000	0.000	0.000
28334.000	7.000	6.000	1.000	10284.070	0.000	10022.696	10332.241	1.000	0.000	0.000
28335.000	3.000	0.000	3.000	95515.803	0.000	80000.000	10000000000.000	1.000	0.000	0.000
28336.000	71.000	70.000	3.000	4192.716	0.000	0.000	4200.000	1.000	0.000	0.000
28337.000	113.000	106.000	8.000	4567.533	0.000	4536.973	4574.610	1.000	0.000	0.000
28338.000	15.000	13.000	2.000	5079.454	0.000	5040.725	5086.632	1.000	0.000	0.000
28339.000	57.000	51.000	6.000	5674.166	0.000	5670.701	5729.843	1.000	0.000	0.000
28340.000	79.000	70.000	9.000	6532.261	0.000	6506.950	6589.425	1.000	0.000	0.000
28341.000	130.000	116.000	14.000	7784.192	0.000	7710.000	7869.902	1.000	0.000	0.000
28342.000	118.000	101.000	17.000	10098.011	0.000	10022.696	10332.241	1.000	0.000	0.000
28343.000	1.000	0.000	1.000	94591.699	0.000	80000.000	10000000000.000	1.000	0.000	0.000
28344.000	182.000	173.000	9.000	4555.243	0.000	4536.973	4574.610	1.000	0.000	0.000
28345.000	408.000	376.000	33.000	5078.950	0.000	5040.725	5086.632	1.000	0.000	0.000
28346.000	11.000	10.000	1.000	5678.980	0.000	5670.701	5729.843	1.000	0.000	0.000
28347.000	48.000	42.000	6.000	6543.658	0.000	6506.950	6589.425	1.000	0.000	0.000
28348.000	63.000	56.000	7.000	7869.231	0.000	7710.000	7869.902	1.000	0.000	0.000
28349.000	167.000	148.000	19.000	10038.251	0.000	10022.696	10332.241	1.000	0.000	0.000
28350.000	114.000	0.000	114.000	81996.800	0.000	80000.000	10000000000.000	1.000	0.000	0.000
28351.000	26.000	25.000	1.000	4134.368	0.000	0.000	4200.000	1.000	0.000	0.000
28352.000	103.000	98.000	7.000	4565.808	0.000	4536.973	4574.610	1.000	0.000	0.000
28353.000	190.000	178.000	12.000	5065.851	0.000	5040.725	5086.632	1.000	0.000	0.000
28354.000	19.000	16.000	3.000	5701.829	0.000	5670.701	5729.843	1.000	0.000	0.000
28355.000	26.000	23.000	3.000	6557.169	0.000	6506.950	6589.425	1.000	0.000	0.000
28356.000	165.000	145.000	20.000	7790.116	0.000	7710.000	7869.902	1.000	0.000	0.000
28357.000	99.000	84.000	15.000	10122.209	0.000	10022.696	10332.241	1.000	0.000	0.000
28358.000	1.000	0.000	1.000	348469.740	0.000	80000.000	10000000000.000	1.000	0.000	0.000
28359.000	35.000	34.000	2.000	4153.570	0.000	0.000	4200.000	1.000	0.000	0.000
28360.000	153.000	140.000	14.000	5054.111	0.000	5040.725	5086.632	1.000	0.000	0.000
28361.000	74.000	67.000	7.000	5717.151	0.000	5670.701	5729.843	1.000	0.000	0.000
28362.000	439.000	403.000	36.000	6565.085	0.000	6506.950	6589.425	1.000	0.000	0.000
28363.000	16.000	14.000	2.000	7743.736	0.000	7710.000	7869.902	1.000	0.000	0.000
28364.000	26.000	22.000	4.000	10104.578	0.000	10022.696	10332.241	1.000	0.000	0.000
28365.000	41.000	0.000	41.000	86375.788	0.000	80000.000	10000000000.000	1.000	0.000	0.000
28366.000	257.000	256.000	10.000	4081.446	0.000	0.000	4200.000	1.000	0.000	0.000
28367.000	32.000	30.000	2.000	4559.396	0.000	4536.973	4574.610	1.000	0.000	0.000
28368.000	42.000	39.000	3.000	5076.431	0.000	5040.725	5086.632	1.000	0.000	0.000
28369.000	29.000	26.000	3.000	5688.745	0.000	5670.701	5729.843	1.000	0.000	0.000
28370.000	16.000	14.000	2.000	6553.169	0.000	6506.950	6589.425	1.000	0.000	0.000
28371.000	27.000	24.000	3.000	7794.582	0.000	7710.000	7869.902	1.000	0.000	0.000
28372.000	6.000	5.000	1.000	10053.792	0.000	10022.696	10332.241	1.000	0.000	0.000
28373.000	4.000	0.000	4.000	106714.261	0.000	80000.000	10000000000.000	1.000	0.000	0.000
28374.000	16.000	15.000	1.000	4116.900	0.000	0.000	4200.000	1.000	0.000	0.000
28375.000	126.000	120.000	6.000	4542.426	0.000	4536.973	4574.610	1.000	0.000	0.000
28376.000	38.000	34.000	4.000	5678.387	0.000	5670.701	5729.843	1.000	0.000	0.000
28377.000	388.000	345.000	43.000	6517.925	0.000	6506.950	6589.425	1.000	0.000	0.000
28378.000	351.000	301.000	50.000	7850.913	0.000	7710.000	7869.902	1.000	0.000	0.000
28379.000	13.000	1.000	12.000	10322.989	0.000	10022.696	10332.241	1.000	0.000	0.000
28380.000	200.000	0.000	200.000	15069.712	0.000	80000.000	10000000000.000	0.000	0.000	0.000
28381.000	5200.000	5200.000	200.000	4373.765	0.000	0.000	4200.000	0.000	0.000	0.000
28382.000	109.000	103.000	6.000	4565.137	0.000	4536.973	4574.610	1.000	0.000	0.000
28383.000	49.000	46.000	3.000	5067.473	0.000	5040.725	5086.632	1.000	0.000	0.000
28384.000	9.000	8.000	1.000	5707.701	0.000	5670.701	5729.843	1.000	0.000	0.000
28385.000	72.000	64.000	8.000	6587.250	0.000	6506.950	6589.425	1.000	0.000	0.000
28386.000	142.000	126.000	16.000	7733.619	0.000	7710.000	7869.902	1.000	0.000	0.000
28387.000	101.000	89.000	12.000	10322.499	0.000	10022.696	10332.241	1.000	0.000	0.000
28388.000	4.000	0.000	4.000	84064.329	0.000	80000.000	10000000000.000	1.000	0.000	0.000
28389.000	25.000	24.000	1.000	4100.970	0.000	0.000	4200.000	1.000	0.000	0.000
28390.000	81.000	73.000	8.000	4561.738	0.000	4536.973	4574.610	1.000	0.000	0.000
28391.000	72.000	64.000	8.000	5069.127	0.000	5040.725	5086.632	1.000	0.000	0.000
28392.000	51.000	45.000	6.000	6589.296	0.000	6506.950	6589.425	1.000	0.000	0.000
28393.000	7.000	6.000	1.000	7793.116	0.000	7710.000	7869.902	1.000	0.000	0.000
28394.000	63.000	54.000	9.000	10098.832	0.000	10022.696	10332.241	1.000	0.000	0.000
28395.000	1.000	0.000	1.000	265771.377	0.000	80000.000	10000000000.000	1.000	0.000	0.000
28396.000	16.000	15.000	1.000	4187.026	0.000	0.000	4200.000	1.000	0.000	0.000
28397.000	53.000	50.000	3.000	4565.808	0.000	4536.973	4574.610	1.000	0.000	0.000
28398.000	11.000	10.000	1.000	5060.813	0.000	5040.725	5086.632	1.000	0.000	0.000
28399.000	260.000	237.000	23.000	5723.657	0.000	5670.701	5729.843	1.000	0.000	0.000
28400.000	284.000	259.000	25.000	6536.236	0.000	6506.950	6589.425	1.000	0.000	0.000
28401.000	29.000	25.000	4.000	7791.162	0.000	7710.000	7869.902	1.000	0.000	0.000
28402.000	82.000	70.000	12.000	10060.069	0.000	10022.696	10332.241	1.000	0.000	0.000
28403.000	8.000	0.000	8.000	84398.627	0.000	80000.000	10000000000.000	1.000	0.000	0.000
28404.000	15.000	14.000	1.000	4159.904	0.000	0.000	4200.000	1.000	0.000	0.000
28405.000	36.000	34.000	2.000	4547.363	0.000	4536.973	4574.610	1.000	0.000	0.000
28406.000	10.000	9.000	1.000	5060.872	0.000	5040.725	5086.632	1.000	0.000	0.000
28407.000	58.000	54.000	4.000	5680.389	0.000	5670.701	5729.843	1.000	0.000	0.000
28408.000	81.000	72.000	9.000	7749.944	0.000	7710.000	7869.902	1.000	0.000	0.000
28409.000	11.000	8.000	3.000	10141.202	0.000	10022.696	10332.241	1.000	0.000	0.000
28410.000	200.000	0.000	200.000	4659.970	0.000	80000.000	10000000000.000	0.000	0.000	0.000
28411.000	27.000	26.000	2.000	4191.060	0.000	0.000	4200.000	1.000	0.000	0.000
28412.000	17.000	16.000	1.000	4572.429	0.000	4536.973	4574.610	1.000	0.000	0.000
28413.000	24.000	22.000	2.000	5063.051	0.000	5040.725	5086.632	1.000	0.000	0.000
28414.000	148.000	133.000	15.000	5705.118	0.000	5670.701	5729.843	1.000	0.000	0.000
28415.000	23.000	20.000	3.000	6555.835	0.000	6506.950	6589.425	1.000	0.000	0.000
28416.000	35.000	31.000	4.000	7729.360	0.000	7710.000	7869.902	1.000	0.000	0.000
28417.000	155.000	132.000	23.000	10115.973	0.000	10022.696	10332.241	1.000	0.000	0.000
28418.000	40.000	0.000	40.000	126769.594	0.000	80000.000	10000000000.000	1.000	0.000	0.000
28419.000	14.000	13.000	1.000	4091.656	0.000	0.000	4200.000	1.000	0.000	0.000
28420.000	161.000	152.000	11.000	4567.174	0.000	4536.973	4574.610	1.000	0.000	0.000
28421.000	63.000	59.000	4.000	5080.017	0.000	5040.725	5086.632	1.000	0.000	0.000
28422.000	94.000	87.000	7.000	5681.799	0.000	5670.701	5729.843	1.000	0.000	0.000
28423.000	125.000	110.000	15.000	6511.828	0.000	6506.950	6589.425	1.000	0.000	0.000
28424.000	69.000	58.000	11.000	10105.399	0.000	10022.696	10332.241	1.000	0.000	0.000
28425.000	95.000	0.000	95.000	82190.424	0.000	80000.000	10000000000.000	1.000	0.000	0.000
28426.000	44.000	43.000	2.000	4187.974	0.000	0.000	4200.000	1.000	0.000	0.000
28427.000	171.000	162.000	9.000	4556.579	0.000	4536.973	4574.610	1.000	0.000	0.000
28428.000	102.000	92.000	10.000	5064.937	0.000	5040.725	5086.632	1.000	0.000	0.000
28429.000	83.000	76.000	7.000	5680.686	0.000	5670.701	5729.843	1.000	0.000	0.000
28430.000	41.000	38.000	3.000	6533.046	0.000	6506.950	6589.425	1.000	0.000	0.000
28431.000	39.000	34.000	5.000	7717.843	0.000	7710.000	7869.902	1.000	0.000	0.000
28432.000	12.000	10.000	2.000	10123.387	0.000	10022.696	10332.241	1.000	0.000	0.000
28433.000	4.000	0.000	4.000	119002.613	0.000	80000.000	10000000000.000	1.000	0.000	0.000
28434.000	15.000	14.000	1.000	4163.945	0.000	0.000	4200.000	1.000	0.000	0.000
28435.000	42.000	40.000	2.000	4540.577	0.000	4536.973	4574.610	1.000	0.000	0.000
28436.000	28.000	26.000	2.000	5066.382	0.000	5040.725	5086.632	1.000	0.000	0.000
28437.000	75.000	68.000	7.000	5692.950	0.000	5670.701	5729.843	1.000	0.000	0.000
28438.000	16.000	14.000	2.000	6532.458	0.000	6506.950	6589.425	1.000	0.000	0.000
28439.000	175.000	156.000	19.000	7740.430	0.000	7710.000	7869.902	1.000	0.000	0.000
28440.000	9.000	0.000	9.000	81375.674	0.000	80000.000	10000000000.000	1.000	0.000	0.000
28441.000	14.000	13.000	1.000	4196.922	0.000	0.000	4200.000	1.000	0.000	0.000
28442.000	24.000	23.000	1.000	4545.724	0.000	4536.973	4574.610	1.000	0.000	0.000
28443.000	85.000	78.000	7.000	5061.637	0.000	5040.725	5086.632	1.000	0.000	0.000
28444.000	49.000	45.000	4.000	5718.954	0.000	5670.701	5729.843	1.000	0.000	0.000
28445.000	238.000	213.000	25.000	6558.207	0.000	6506.950	6589.425	1.000	0.000	0.000
28446.000	239.000	207.000	32.000	7823.525	0.000	7710.000	7869.902	1.000	0.000	0.000
28447.000	72.000	64.000	8.000	10131.284	0.000	10022.696	10332.241	1.000	0.000	0.000
28448.000	6.000	0.000	6.000	95432.000	0.000	80000.000	10000000000.000	1.000	0.000	0.000
28449.000	15.000	14.000	1.000	4121.463	0.000	0.000	4200.000	1.000	0.000	0.000
28450.000	66.000	63.000	4.000	4569.500	0.000	4536.973	4574.610	1.000	0.000	0.000
28451.000	141.000	130.000	11.000	5080.759	0.000	5040.725	5086.632	1.000	0.000	0.000
28452.000	100.000	89.000	11.000	5686.663	0.000	5670.701	5729.843	1.000	0.000	0.000
28453.000	96.000	84.000	12.000	6526.186	0.000	6506.950	6589.425	1.000	0.000	0.000
28454.000	191.000	164.000	27.000	7764.396	0.000	7710.000	7869.902	1.000	0.000	0.000
28455.000	39.000	30.000	9.000	10038.598	0.000	10022.696	10332.241	1.000	0.000	0.000
28200.000	40.000	39.000	2.000	4570.652	0.000	4536.973	4574.610	1.000	0.000	0.000
28201.000	26.000	24.000	2.000	5048.920	0.000	5040.725	5086.632	1.000	0.000	0.000
28202.000	104.000	95.000	9.000	5699.999	0.000	5670.701	5729.843	1.000	0.000	0.000
28203.000	56.000	49.000	7.000	6508.808	0.000	6506.950	6589.425	1.000	0.000	0.000
28204.000	60.000	53.000	7.000	7756.299	0.000	7710.000	7869.902	1.000	0.000	0.000
28205.000	46.000	40.000	6.000	10063.559	0.000	10022.696	10332.241	1.000	0.000	0.000
28206.000	15.000	0.000	15.000	126862.004	0.000	80000.000	10000000000.000	1.000	0.000	0.000
28207.000	27.000	26.000	2.000	4133.994	0.000	0.000	4200.000	1.000	0.000	0.000
28208.000	84.000	79.000	5.000	4546.959	0.000	4536.973	4574.610	1.000	0.000	0.000
28209.000	52.000	49.000	3.000	5075.395	0.000	5040.725	5086.632	1.000	0.000	0.000
28210.000	23.000	21.000	2.000	5673.648	0.000	5670.701	5729.843	1.000	0.000	0.000
28211.000	250.000	229.000	21.000	6587.699	0.000	6506.950	6589.425	1.000	0.000	0.000
28212.000	8.000	7.000	1.000	7733.207	0.000	7710.000	7869.902	1.000	0.000	0.000
28213.000	98.000	85.000	13.000	10230.146	0.000	10022.696	10332.241	1.000	0.000	0.000
28214.000	200.000	0.000	200.000	18273.659	0.000	80000.000	10000000000.000	0.000	0.000	0.000
28215.000	170.000	137.000	34.000	4566.191	0.000	4536.973	4574.610	1.000	0.000	0.000
28216.000	91.000	84.000	7.000	5080.165	0.000	5040.725	5086.632	1.000	0.000	0.000
28217.000	34.000	13.000	21.000	5727.047	0.000	5670.701	5729.843	1.000	0.000	0.000
28218.000	8.000	7.000	1.000	6578.535	0.000	6506.950	6589.425	1.000	0.000	0.000
28219.000	146.000	126.000	20.000	7757.959	0.000	7710.000	7869.902	1.000	0.000	0.000
28220.000	58.000	51.000	7.000	10060.418	0.000	10022.696	10332.241	1.000	0.000	0.000
28221.000	1.000	0.000	1.000	106167.414	0.000	80000.000	10000000000.000	1.000	0.000	0.000
28222.000	16.000	15.000	1.000	4022.374	0.000	0.000	4200.000	1.000	0.000	0.000
28223.000	39.000	36.000	3.000	4567.461	0.000	4536.973	4574.610	1.000	0.000	0.000
28224.000	117.000	108.000	9.000	5051.470	0.000	5040.725	5086.632	1.000	0.000	0.000
28225.000	462.000	427.000	36.000	5694.441	0.000	5670.701	5729.843	1.000	0.000	0.000
28226.000	177.000	160.000	17.000	6543.510	0.000	6506.950	6589.425	1.000	0.000	0.000
28227.000	27.000	24.000	3.000	7845.109	0.000	7710.000	7869.902	1.000	0.000	0.000
28228.000	36.000	31.000	5.000	10262.238	0.000	10022.696	10332.241	1.000	0.000	0.000
28229.000	20.000	0.000	20.000	91700.840	0.000	80000.000	10000000000.000	1.000	0.000	0.000
28230.000	43.000	42.000	2.000	4188.477	0.000	0.000	4200.000	1.000	0.000	0.000
28231.000	155.000	0.000	155.000	5086.015	0.000	5040.725	5086.632	1.000	0.000	0.000
28232.000	77.000	29.000	48.000	5687.629	0.000	5670.701	5729.843	1.000	0.000	0.000
28233.000	16.000	14.000	2.000	6546.858	0.000	6506.950	6589.425	1.000	0.000	0.000
28234.000	39.000	34.000	5.000	7844.260	0.000	7710.000	7869.902	1.000	0.000	0.000
28235.000	16.000	14.000	2.000	10169.053	0.000	10022.696	10332.241	1.000	0.000	0.000
28236.000	1.000	0.000	1.000	123688.235	0.000	80000.000	10000000000.000	1.000	0.000	0.000
28237.000	103.000	102.000	4.000	4188.437	0.000	0.000	4200.000	1.000	0.000	0.000
28238.000	70.000	67.000	4.000	4545.012	0.000	4536.973	4574.610	1.000	0.000	0.000
28239.000	33.000	30.000	3.000	5085.629	0.000	5040.725	5086.632	1.000	0.000	0.000
28240.000	75.000	69.000	6.000	5682.838	0.000	5670.701	5729.843	1.000	0.000	0.000
28241.000	30.000	27.000	3.000	6586.054	0.000	6506.950	6589.425	1.000	0.000	0.000
28242.000	60.000	52.000	8.000	7786.282	0.000	7710.000	7869.902	1.000	0.000	0.000
28243.000	62.000	55.000	7.000	10273.749	0.000	10022.696	10332.241	1.000	0.000	0.000
28244.000	7.000	0.000	7.000	85847.448	0.000	80000.000	10000000000.000	1.000	0.000	0.000
28245.000	24.000	23.000	1.000	4158.552	0.000	0.000	4200.000	1.000	0.000	0.000
28246.000	74.000	67.000	7.000	4571.084	0.000	4536.973	4574.610	1.000	0.000	0.000
28247.000	243.000	224.000	19.000	5670.764	0.000	5670.701	5729.843	1.000	0.000	0.000
28248.000	64.000	57.000	7.000	6516.265	0.000	6506.950	6589.425	1.000	0.000	0.000
28249.000	10.000	9.000	1.000	7762.942	0.000	7710.000	7869.902	1.000	0.000	0.000
28250.000	8.000	7.000	1.000	10329.361	0.000	10022.696	10332.241	1.000	0.000	0.000
28251.000	2.000	0.000	2.000	184157.026	0.000	80000.000	10000000000.000	1.000	0.000	0.000
28252.000	27.000	26.000	2.000	3751.126	0.000	0.000	4200.000	1.000	0.000	0.000
28253.000	60.000	56.000	4.000	4542.284	0.000	4536.973	4574.610	1.000	0.000	0.000
28254.000	297.000	264.000	33.000	5058.930	0.000	5040.725	5086.632	1.000	0.000	0.000
28255.000	152.000	139.000	13.000	5696.827	0.000	5670.701	5729.843	1.000	0.000	0.000
28256.000	54.000	47.000	7.000	6579.232	0.000	6506.950	6589.425	1.000	0.000	0.000
28257.000	177.000	153.000	24.000	7788.512	0.000	7710.000	7869.902	1.000	0.000	0.000
28258.000	60.000	51.000	9.000	10136.241	0.000	10022.696	10332.241	1.000	0.000	0.000
28259.000	1.000	0.000	1.000	157806.318	0.000	80000.000	10000000000.000	1.000	0.000	0.000
28260.000	221.000	220.000	9.000	4190.152	0.000	0.000	4200.000	1.000	0.000	0.000
28261.000	21.000	20.000	1.000	4560.902	0.000	4536.973	4574.610	1.000	0.000	0.000
28262.000	308.000	284.000	25.000	5084.351	0.000	5040.725	5086.632	1.000	0.000	0.000
28263.000	208.000	188.000	20.000	6584.011	0.000	6506.950	6589.425	1.000	0.000	0.000
28264.000	64.000	55.000	9.000	7732.657	0.000	7710.000	7869.902	1.000	0.000	0.000
28265.000	46.000	41.000	5.000	10067.052	0.000	10022.696	10332.241	1.000	0.000	0.000
28266.000	1.000	0.000	1.000	175857.439	0.000	80000.000	10000000000.000	1.000	0.000	0.000
28267.000	12.000	11.000	1.000	4063.189	0.000	0.000	4200.000	1.000	0.000	0.000
28268.000	13.000	12.000	1.000	4560.113	0.000	4536.973	4574.610	1.000	0.000	0.000
28269.000	186.000	173.000	13.000	5062.727	0.000	5040.725	5086.632	1.000	0.000	0.000
28270.000	20.000	18.000	2.000	5713.510	0.000	5670.701	5729.843	1.000	0.000	0.000
28271.000	243.000	221.000	22.000	6537.169	0.000	6506.950	6589.425	1.000	0.000	0.000
28272.000	15.000	13.000	2.000	7824.932	0.000	7710.000	7869.902	1.000	0.000	0.000
28273.000	48.000	41.000	7.000	10172.263	0.000	10022.696	10332.241	1.000	0.000	0.000
28274.000	200.000	0.000	200.000	17619.470	0.000	80000.000	10000000000.000	0.000	0.000	0.000
28275.000	27.000	26.000	2.000	3787.982	0.000	0.000	4200.000	1.000	0.000	0.000
28276.000	110.000	101.000	9.000	4567.174	0.000	4536.973	4574.610	1.000	0.000	0.000
28277.000	35.000	32.000	3.000	5048.861	0.000	5040.725	5086.632	1.000	0.000	0.000
28278.000	8.000	7.000	1.000	5681.910	0.000	5670.701	5729.843	1.000	0.000	0.000
28279.000	25.000	22.000	3.000	7784.331	0.000	7710.000	7869.902	1.000	0.000	0.000
28280.000	74.000	64.000	10.000	10209.980	0.000	10022.696	10332.241	1.000	0.000	0.000
28281.000	4.000	0.000	4.000	106963.499	0.000	80000.000	10000000000.000	1.000	0.000	0.000
28282.000	14.000	13.000	1.000	4100.178	0.000	0.000	4200.000	1.000	0.000	0.000
28283.000	71.000	67.000	4.000	4555.076	0.000	4536.973	4574.610	1.000	0.000	0.000
28284.000	34.000	31.000	3.000	5081.085	0.000	5040.725	5086.632	1.000	0.000	0.000
28285.000	17.000	15.000	2.000	5692.057	0.000	5670.701	5729.843	1.000	0.000	0.000
28286.000	324.000	295.000	29.000	6509.100	0.000	6506.950	6589.425	1.000	0.000	0.000
28287.000	7.000	6.000	1.000	7828.311	0.000	7710.000	7869.902	1.000	0.000	0.000
28288.000	6.000	5.000	1.000	10323.234	0.000	10022.696	10332.241	1.000	0.000	0.000
28289.000	1.000	0.000	1.000	125834.644	0.000	80000.000	10000000000.000	1.000	0.000	0.000
28290.000	1.000	0.000	1.000	3323.363	0.000	0.000	4200.000	1.000	0.000	0.000
28291.000	64.000	8.000	56.000	4553.622	0.000	4536.973	4574.610	1.000	0.000	0.000
28292.000	14.000	13.000	1.000	5054.111	0.000	5040.725	5086.632	1.000	0.000	0.000
28293.000	13.000	12.000	1.000	5687.964	0.000	5670.701	5729.843	1.000	0.000	0.000
28294.000	83.000	73.000	10.000	6568.901	0.000	6506.950	6589.425	1.000	0.000	0.000
28295.000	109.000	95.000	14.000	10205.070	0.000	10022.696	10332.241	1.000	0.000	0.000
28296.000	200.000	0.000	200.000	21326.802	0.000	80000.000	10000000000.000	0.000	0.000	0.000
28297.000	97.000	96.000	4.000	4193.524	0.000	0.000	4200.000	1.000	0.000	0.000
28298.000	33.000	31.000	2.000	4565.352	0.000	4536.973	4574.610	1.000	0.000	0.000
28299.000	200.000	0.000	200.000	3741.047	0.000	5040.725	5086.632	0.000	0.000	0.000
28300.000	159.000	147.000	12.000	5689.451	0.000	5670.701	5729.843	1.000	0.000	0.000
28301.000	356.000	318.000	38.000	6518.853	0.000	6506.950	6589.425	1.000	0.000	0.000
28302.000	402.000	356.000	46.000	7762.526	0.000	7710.000	7869.902	1.000	0.000	0.000
28303.000	95.000	84.000	11.000	10073.112	0.000	10022.696	10332.241	1.000	0.000	0.000
28304.000	22.000	0.000	22.000	84653.160	0.000	80000.000	10000000000.000	1.000	0.000	0.000
28305.000	26.000	25.000	1.000	4097.687	0.000	0.000	4200.000	1.000	0.000	0.000
28306.000	127.000	120.000	7.000	4568.276	0.000	4536.973	4574.610	1.000	0.000	0.000
28307.000	18.000	17.000	1.000	5075.987	0.000	5040.725	5086.632	1.000	0.000	0.000
28308.000	118.000	103.000	15.000	5682.800	0.000	5670.701	5729.843	1.000	0.000	0.000
28309.000	103.000	90.000	13.000	6555.045	0.000	6506.950	6589.425	1.000	0.000	0.000
28310.000	143.000	126.000	17.000	7869.515	0.000	7710.000	7869.902	1.000	0.000	0.000
28311.000	6.000	0.000	6.000	92667.646	0.000	80000.000	10000000000.000	1.000	0.000	0.000
28312.000	23.000	22.000	1.000	4176.456	0.000	0.000	4200.000	1.000	0.000	0.000
28313.000	153.000	141.000	14.000	4538.706	0.000	4536.973	4574.610	1.000	0.000	0.000
28314.000	36.000	33.000	3.000	5045.934	0.000	5040.725	5086.632	1.000	0.000	0.000
28315.000	68.000	60.000	8.000	5671.245	0.000	5670.701	5729.843	1.000	0.000	0.000
28316.000	117.000	101.000	16.000	6562.114	0.000	6506.950	6589.425	1.000	0.000	0.000
28317.000	7.000	6.000	1.000	7739.191	0.000	7710.000	7869.902	1.000	0.000	0.000
28318.000	74.000	65.000	9.000	10306.605	0.000	10022.696	10332.241	1.000	0.000	0.000
28319.000	1.000	0.000	1.000	150935.747	0.000	80000.000	10000000000.000	1.000	0.000	0.000
28320.000	209.000	208.000	9.000	4195.566	0.000	0.000	4200.000	1.000	0.000	0.000
28321.000	115.000	113.000	5.000	4574.569	0.000	4536.973	4574.610	1.000	0.000	0.000
28322.000	36.000	33.000	3.000	5069.776	0.000	5040.725	5086.632	1.000	0.000	0.000
28323.000	317.000	292.000	25.000	5677.646	0.000	5670.701	5729.843	1.000	0.000	0.000
28324.000	49.000	44.000	5.000	6551.837	0.000	6506.950	6589.425	1.000	0.000	0.000
28325.000	278.000	250.000	28.000	7736.095	0.000	7710.000	7869.902	1.000	0.000	0.000
28326.000	23.000	20.000	3.000	10055.651	0.000	10022.696	10332.241	1.000	0.000	0.000
28327.000	27.000	26.000	2.000	3827.554	0.000	0.000	4200.000	1.000	0.000	0.000
28328.000	89.000	84.000	6.000	4564.826	0.000	4536.973	4574.610	1.000	0.000	0.000
28329.000	69.000	64.000	5.000	5052.321	0.000	5040.725	5086.632	1.000	0.000	0.000
28330.000	54.000	50.000	4.000	5709.648	0.000	5670.701	5729.843	1.000	0.000	0.000
28331.000	42.000	38.000	4.000	6585.655	0.000	6506.950	6589.425	1.000	0.000	0.000
28332.000	75.000	66.000	9.000	7831.975	0.000	7710.000	7869.902	1.000	0.000	0.000
28333.000	8.000	7.000	1.000	10151.495	0.000	10022.696	10332.241	1.000	0.000	0.000
28334.000	12.000	0.000	12.000	83999.409	0.000	80000.000	10000000000.000	1.000	0.000	0.000
28335.000	27.000	26.000	2.000	3882.806	0.000	0.000	4200.000	1.000	0.000	0.000
28336.000	16.000	15.000	1.000	4565.664	0.000	4536.973	4574.610	1.000	0.000	0.000
28337.000	527.000	483.000	45.000	5084.499	0.000	5040.725	5086.632	1.000	0.000	0.000
28338.000	200.000	0.000	200.000	4648.171	0.000	5670.701	5729.843	0.000	0.000	0.000
28339.000	9.000	8.000	1.000	6522.077	0.000	6506.950	6589.425	1.000	0.000	0.000
28340.000	36.000	32.000	4.000	7719.966	0.000	7710.000	7869.902	1.000	0.000	0.000
28341.000	62.000	54.000	8.000	10063.094	0.000	10022.696	10332.241	1.000	0.000	0.000
28342.000	1.000	0.000	1.000	160632.049	0.000	80000.000	10000000000.000	1.000	0.000	0.000
28343.000	39.000	33.000	6.000	4549.360	0.000	4536.973	4574.610	1.000	0.000	0.000
28344.000	13.000	12.000	1.000	5044.559	0.000	5040.725	5086.632	1.000	0.000	0.000
28345.000	359.000	327.000	32.000	5672.613	0.000	5670.701	5729.843	1.000	0.000	0.000
28346.000	31.000	28.000	3.000	6577.889	0.000	6506.950	6589.425	1.000	0.000	0.000
28347.000	7.000	6.000	1.000	7856.158	0.000	7710.000	7869.902	1.000	0.000	0.000
28348.000	40.000	35.000	5.000	10215.853	0.000	10022.696	10332.241	1.000	0.000	0.000
28349.000	2.000	0.000	2.000	82580.430	0.000	80000.000	10000000000.000	1.000	0.000	0.000
28350.000	69.000	68.000	3.000	4181.976	0.000	0.000	4200.000	1.000	0.000	0.000
28351.000	99.000	94.000	5.000	4543.825	0.000	4536.973	4574.610	1.000	0.000	0.000
28352.000	40.000	38.000	2.000	5063.463	0.000	5040.725	5086.632	1.000	0.000	0.000
28353.000	10.000	9.000	1.000	5716.888	0.000	5670.701	5729.843	1.000	0.000	0.000
28354.000	92.000	76.000	16.000	6516.949	0.000	6506.950	6589.425	1.000	0.000	0.000
28355.000	91.000	79.000	12.000	7827.888	0.000	7710.000	7869.902	1.000	0.000	0.000
28356.000	58.000	50.000	8.000	10082.333	0.000	10022.696	10332.241	1.000	0.000	0.000
28357.000	1.000	0.000	1.000	168730.497	0.000	80000.000	10000000000.000	1.000	0.000	0.000
28358.000	467.000	466.000	18.000	4170.431	0.000	0.000	4200.000	1.000	0.000	0.000
28359.000	22.000	20.000	2.000	5060.371	0.000	5040.725	5086.632	1.000	0.000	0.000
28360.000	45.000	42.000	3.000	5679.944	0.000	5670.701	5729.843	1.000	0.000	0.000
28361.000	131.000	117.000	14.000	6562.658	0.000	6506.950	6589.425	1.000	0.000	0.000
28362.000	301.000	273.000	28.000	7768.902	0.000	7710.000	7869.902	1.000	0.000	0.000
28363.000	103.000	89.000	14.000	10270.232	0.000	10022.696	10332.241	1.000	0.000	0.000
28364.000	2.000	0.000	2.000	292777.036	0.000	80000.000	10000000000.000	1.000	0.000	0.000
28365.000	27.000	26.000	2.000	4186.281	0.000	0.000	4200.000	1.000	0.000	0.000
28366.000	182.000	173.000	9.000	4567.725	0.000	4536.973	4574.610	1.000	0.000	0.000
28367.000	32.000	29.000	3.000	5069.983	0.000	5040.725	5086.632	1.000	0.000	0.000
28368.000	24.000	22.000	2.000	5680.352	0.000	5670.701	5729.843	1.000	0.000	0.000
28369.000	2.000	0.000	2.000	6578.287	0.000	6506.950	6589.425	1.000	0.000	0.000
28370.000	39.000	34.000	5.000	7763.912	0.000	7710.000	7869.902	1.000	0.000	0.000
28371.000	94.000	83.000	11.000	10265.507	0.000	10022.696	10332.241	1.000	0.000	0.000
28372.000	1.000	0.000	1.000	119574.971	0.000	80000.000	10000000000.000	1.000	0.000	0.000
28373.000	63.000	62.000	3.000	4173.091	0.000	0.000	4200.000	1.000	0.000	0.000
28374.000	27.000	25.000	2.000	4552.597	0.000	4536.973	4574.610	1.000	0.000	0.000
28375.000	159.000	146.000	13.000	5712.309	0.000	5670.701	5729.843	1.000	0.000	0.000
28376.000	24.000	21.000	3.000	6534.714	0.000	6506.950	6589.425	1.000	0.000	0.000
28377.000	205.000	179.000	26.000	7812.076	0.000	7710.000	7869.902	1.000	0.000	0.000
28378.000	98.000	83.000	15.000	10327.400	0.000	10022.696	10332.241	1.000	0.000	0.000
28379.000	200.000	0.000	200.000	15622.458	0.000	80000.000	10000000000.000	0.000	0.000	0.000
28380.000	15.000	14.000	1.000	4021.147	0.000	0.000	4200.000	1.000	0.000	0.000
28381.000	22.000	21.000	1.000	4560.113	0.000	4536.973	4574.610	1.000	0.000	0.000
28382.000	72.000	67.000	5.000	5067.562	0.000	5040.725	5086.632	1.000	0.000	0.000
28383.000	22.000	20.000	2.000	5687.072	0.000	5670.701	5729.843	1.000	0.000	0.000
28384.000	32.000	28.000	4.000	6550.801	0.000	6506.950	6589.425	1.000	0.000	0.000
28385.000	63.000	55.000	8.000	7790.604	0.000	7710.000	7869.902	1.000	0.000	0.000
28386.000	22.000	19.000	3.000	10223.415	0.000	10022.696	10332.241	1.000	0.000	0.000
28387.000	3.000	0.000	3.000	100316.876	0.000	80000.000	10000000000.000	1.000	0.000	0.000
28388.000	101.000	100.000	4.000	4137.906	0.000	0.000	4200.000	1.000	0.000	0.000
28389.000	17.000	14.000	3.000	4552.645	0.000	4536.973	4574.610	1.000	0.000	0.000
28390.000	18.000	16.000	2.000	5068.566	0.000	5040.725	5086.632	1.000	0.000	0.000
28391.000	133.000	115.000	18.000	6510.512	0.000	6506.950	6589.425	1.000	0.000	0.000
28392.000	68.000	59.000	9.000	7853.322	0.000	7710.000	7869.902	1.000	0.000	0.000
28393.000	49.000	42.000	7.000	10229.183	0.000	10022.696	10332.241	1.000	0.000	0.000
28394.000	1.000	0.000	1.000	90142.898	0.000	80000.000	10000000000.000	1.000	0.000	0.000
28395.000	413.000	412.000	16.000	4182.840	0.000	0.000	4200.000	1.000	0.000	0.000
28396.000	24.000	22.000	2.000	4564.562	0.000	4536.973	4574.610	1.000	0.000	0.000
28397.000	31.000	29.000	2.000	5084.470	0.000	5040.725	5086.632	1.000	0.000	0.000
28398.000	164.000	148.000	16.000	5722.452	0.000	5670.701	5729.843	1.000	0.000	0.000
28399.000	155.000	140.000	15.000	6556.675	0.000	6506.950	6589.425	1.000	0.000	0.000
28400.000	17.000	15.000	2.000	7788.860	0.000	7710.000	7869.902	1.000	0.000	0.000
28401.000	6.000	5.000	1.000	10196.938	0.000	10022.696	10332.241	1.000	0.000	0.000
28402.000	1.000	0.000	1.000	469320.051	0.000	80000.000	10000000000.000	1.000	0.000	0.000
28403.000	17.000	16.000	1.000	4180.449	0.000	0.000	4200.000	1.000	0.000	0.000
28404.000	37.000	34.000	3.000	4565.448	0.000	4536.973	4574.610	1.000	0.000	0.000
28405.000	13.000	12.000	1.000	5086.253	0.000	5040.725	5086.632	1.000	0.000	0.000
28406.000	101.000	90.000	11.000	5698.207	0.000	5670.701	5729.843	1.000	0.000	0.000
28407.000	174.000	156.000	18.000	7825.213	0.000	7710.000	7869.902	1.000	0.000	0.000
28408.000	8.000	7.000	1.000	10153.509	0.000	10022.696	10332.241	1.000	0.000	0.000
28409.000	200.000	0.000	200.000	14677.991	0.000	80000.000	10000000000.000	0.000	0.000	0.000
28410.000	877.000	876.000	34.000	4181.674	0.000	0.000	4200.000	1.000	0.000	0.000
28411.000	32.000	27.000	6.000	4571.252	0.000	4536.973	4574.610	1.000	0.000	0.000
28412.000	27.000	25.000	2.000	5063.581	0.000	5040.725	5086.632	1.000	0.000	0.000
28413.000	11.000	10.000	1.000	5697.759	0.000	5670.701	5729.843	1.000	0.000	0.000
28414.000	127.000	112.000	15.000	6549.568	0.000	6506.950	6589.425	1.000	0.000	0.000
28415.000	345.000	296.000	49.000	7869.373	0.000	7710.000	7869.902	1.000	0.000	0.000
28416.000	23.000	20.000	3.000	10206.028	0.000	10022.696	10332.241	1.000	0.000	0.000
28417.000	4.000	0.000	4.000	102370.403	0.000	80000.000	10000000000.000	1.000	0.000	0.000
28418.000	25.000	24.000	1.000	4160.739	0.000	0.000	4200.000	1.000	0.000	0.000
28419.000	124.000	113.000	11.000	4553.527	0.000	4536.973	4574.610	1.000	0.000	0.000
28420.000	269.000	251.000	18.000	5045.232	0.000	5040.725	5086.632	1.000	0.000	0.000
28421.000	10.000	9.000	1.000	5683.357	0.000	5670.701	5729.843	1.000	0.000	0.000
28422.000	244.000	223.000	21.000	6529.174	0.000	6506.950	6589.425	1.000	0.000	0.000
28423.000	108.000	92.000	16.000	10275.083	0.000	10022.696	10332.241	1.000	0.000	0.000
28424.000	1.000	0.000	1.000	251266.716	0.000	80000.000	10000000000.000	1.000	0.000	0.000
28425.000	27.000	26.000	2.000	3862.143	0.000	0.000	4200.000	1.000	0.000	0.000
28426.000	114.000	107.000	8.000	4552.717	0.000	4536.973	4574.610	1.000	0.000	0.000
28427.000	90.000	84.000	6.000	5080.047	0.000	5040.725	5086.632	1.000	0.000	0.000
28428.000	19.000	17.000	2.000	5700.111	0.000	5670.701	5729.843	1.000	0.000	0.000
28429.000	195.000	178.000	17.000	6531.526	0.000	6506.950	6589.425	1.000	0.000	0.000
28430.000	153.000	137.000	16.000	7829.156	0.000	7710.000	7869.902	1.000	0.000	0.000
28431.000	7.000	6.000	1.000	10246.287	0.000	10022.696	10332.241	1.000	0.000	0.000
28432.000	1.000	0.000	1.000	204594.482	0.000	80000.000	10000000000.000	1.000	0.000	0.000
28433.000	128.000	127.000	5.000	4199.596	0.000	0.000	4200.000	1.000	0.000	0.000
28434.000	16.000	15.000	1.000	4544.964	0.000	4536.973	4574.610	1.000	0.000	0.000
28435.000	104.000	97.000	7.000	5061.078	0.000	5040.725	5086.632	1.000	0.000	0.000
28436.000	123.000	113.000	10.000	5721.624	0.000	5670.701	5729.843	1.000	0.000	0.000
28437.000	252.000	224.000	28.000	6520.562	0.000	6506.950	6589.425	1.000	0.000	0.000
28438.000	1.000	0.000	1.000	7866.598	0.000	7710.000	7869.902	1.000	0.000	0.000
28439.000	3.000	0.000	3.000	97561.252	0.000	80000.000	10000000000.000	1.000	0.000	0.000
28440.000	14.000	13.000	1.000	4188.881	0.000	0.000	4200.000	1.000	0.000	0.000
28441.000	24.000	22.000	2.000	4544.703	0.000	4536.973	4574.610	1.000	0.000	0.000
28442.000	33.000	30.000	3.000	5060.136	0.000	5040.725	5086.632	1.000	0.000	0.000
28443.000	39.000	35.000	4.000	5686.403	0.000	5670.701	5729.843	1.000	0.000	0.000
28444.000	224.000	200.000	24.000	6521.882	0.000	6506.950	6589.425	1.000	0.000	0.000
28445.000	7.000	6.000	1.000	7866.883	0.000	7710.000	7869.902	1.000	0.000	0.000
28446.000	197.000	168.000	29.000	10293.437	0.000	10022.696	10332.241	1.000	0.000	0.000
28447.000	2.000	0.000	2.000	84308.677	0.000	80000.000	10000000000.000	1.000	0.000	0.000
28448.000	27.000	26.000	2.000	3907.337	0.000	0.000	4200.000	1.000	0.000	0.000
28449.000	95.000	87.000	8.000	4570.628	0.000	4536.973	4574.610	1.000	0.000	0.000
28450.000	246.000	227.000	20.000	5077.438	0.000	5040.725	5086.632	1.000	0.000	0.000
28451.000	11.000	10.000	1.000	5723.770	0.000	5670.701	5729.843	1.000	0.000	0.000
28452.000	154.000	135.000	19.000	6582.965	0.000	6506.950	6589.425	1.000	0.000	0.000
28453.000	37.000	32.000	5.000	7803.319	0.000	7710.000	7869.902	1.000	0.000	0.000
28454.000	97.000	82.000	15.000	10312.957	0.000	10022.696	10332.241	1.000	0.000	0.000
28455.000	41.000	40.000	2.000	4087.908	0.000	0.000	4200.000	1.000	0.000	0.000
28200.000	55.000	51.000	4.000	5063.610	0.000	5040.725	5086.632	1.000	0.000	0.000
28201.000	34.000	31.000	3.000	5683.877	0.000	5670.701	5729.843	1.000	0.000	0.000
28202.000	20.000	18.000	2.000	6513.144	0.000	6506.950	6589.425	1.000	0.000	0.000
28203.000	152.000	131.000	21.000	7741.256	0.000	7710.000	7869.902	1.000	0.000	0.000
28204.000	407.000	361.000	46.000	10165.371	0.000	10022.696	10332.241	1.000	0.000	0.000
28205.000	2.000	0.000	2.000	83053.351	0.000	80000.000	10000000000.000	1.000	0.000	0.000
28206.000	13.000	12.000	1.000	4137.985	0.000	0.000	4200.000	1.000	0.000	0.000
28207.000	30.000	0.000	30.000	4567.845	0.000	4536.973	4574.610	1.000	0.000	0.000
28208.000	36.000	33.000	3.000	5056.725	0.000	5040.725	5086.632	1.000	0.000	0.000
28209.000	55.000	51.000	4.000	5711.522	0.000	5670.701	5729.843	1.000	0.000	0.000
28210.000	63.000	57.000	6.000	6541.297	0.000	6506.950	6589.425	1.000	0.000	0.000
28211.000	9.000	8.000	1.000	7867.381	0.000	7710.000	7869.902	1.000	0.000	0.000
28212.000	191.000	168.000	23.000	10091.570	0.000	10022.696	10332.241	1.000	0.000	0.000
28213.000	1.000	0.000	1.000	106792.842	0.000	80000.000	10000000000.000	1.000	0.000	0.000
28214.000	27.000	26.000	2.000	4559.850	0.000	4536.973	4574.610	1.000	0.000	0.000
28215.000	9.000	8.000	1.000	5046.665	0.000	5040.725	5086.632	1.000	0.000	0.000
28216.000	68.000	62.000	6.000	5728.480	0.000	5670.701	5729.843	1.000	0.000	0.000
28217.000	149.000	3.000	146.000	6583.861	0.000	6506.950	6589.425	1.000	0.000	0.000
28218.000	277.000	244.000	33.000	7730.322	0.000	7710.000	7869.902	1.000	0.000	0.000
28219.000	27.000	23.000	4.000	10084.904	0.000	10022.696	10332.241	1.000	0.000	0.000
28220.000	3.000	0.000	3.000	83869.869	0.000	80000.000	10000000000.000	1.000	0.000	0.000
28221.000	95.000	94.000	4.000	4150.321	0.000	0.000	4200.000	1.000	0.000	0.000
28222.000	122.000	112.000	10.000	4541.217	0.000	4536.973	4574.610	1.000	0.000	0.000
28223.000	10.000	9.000	1.000	5048.129	0.000	5040.725	5086.632	1.000	0.000	0.000
28224.000	469.000	430.000	39.000	5723.167	0.000	5670.701	5729.843	1.000	0.000	0.000
28225.000	247.000	224.000	23.000	6508.467	0.000	6506.950	6589.425	1.000	0.000	0.000
28226.000	223.000	200.000	23.000	7814.391	0.000	7710.000	7869.902	1.000	0.000	0.000
28227.000	155.000	137.000	18.000	10279.939	0.000	10022.696	10332.241	1.000	0.000	0.000
28228.000	15.000	0.000	15.000	84983.866	0.000	80000.000	10000000000.000	1.000	0.000	0.000
28229.000	26.000	25.000	1.000	4105.401	0.000	0.000	4200.000	1.000	0.000	0.000
28230.000	12.000	11.000	1.000	5043.097	0.000	5040.725	5086.632	1.000	0.000	0.000
28231.000	40.000	36.000	4.000	5726.896	0.000	5670.701	5729.843	1.000	0.000	0.000
28232.000	245.000	218.000	27.000	6526.823	0.000	6506.950	6589.425	1.000	0.000	0.000
28233.000	7.000	6.000	1.000	7745.942	0.000	7710.000	7869.902	1.000	0.000	0.000
28234.000	47.000	40.000	7.000	10332.182	0.000	10022.696	10332.241	1.000	0.000	0.000
28235.000	2.000	0.000	2.000	98914.255	0.000	80000.000	10000000000.000	1.000	0.000	0.000
28236.000	25.000	24.000	1.000	4198.177	0.000	0.000	4200.000	1.000	0.000	0.000
28237.000	102.000	97.000	5.000	4561.093	0.000	4536.973	4574.610	1.000	0.000	0.000
28238.000	324.000	303.000	21.000	5058.577	0.000	5040.725	5086.632	1.000	0.000	0.000
28239.000	675.000	601.000	74.000	5720.797	0.000	5670.701	5729.843	1.000	0.000	0.000
28240.000	50.000	45.000	5.000	6540.166	0.000	6506.950	6589.425	1.000	0.000	0.000
28241.000	69.000	61.000	8.000	7766.060	0.000	7710.000	7869.902	1.000	0.000	0.000
28242.000	148.000	126.000	22.000	10081.982	0.000	10022.696	10332.241	1.000	0.000	0.000
28243.000	200.000	0.000	200.000	53852.721	0.000	80000.000	10000000000.000	0.000	0.000	0.000
28244.000	27.000	26.000	2.000	3686.650	0.000	0.000	4200.000	1.000	0.000	0.000
28245.000	18.000	17.000	1.000	4569.932	0.000	4536.973	4574.610	1.000	0.000	0.000
28246.000	24.000	21.000	3.000	5690.493	0.000	5670.701	5729.843	1.000	0.000	0.000
28247.000	120.000	109.000	11.000	6538.200	0.000	6506.950	6589.425	1.000	0.000	0.000
28248.000	7.000	6.000	1.000	7806.609	0.000	7710.000	7869.902	1.000	0.000	0.000
28249.000	9.000	8.000	1.000	10116.561	0.000	10022.696	10332.241	1.000	0.000	0.000
28250.000	200.000	0.000	200.000	38587.737	0.000	80000.000	10000000000.000	0.000	0.000	0.000
28251.000	100.000	99.000	4.000	4175.975	0.000	0.000	4200.000	1.000	0.000	0.000
28252.000	109.000	99.000	10.000	4553.026	0.000	4536.973	4574.610	1.000	0.000	0.000
28253.000	81.000	74.000	7.000	5043.565	0.000	5040.725	5086.632	1.000	0.000	0.000
28254.000	160.000	140.000	20.000	5681.910	0.000	5670.701	5729.843	1.000	0.000	0.000
28255.000	75.000	68.000	7.000	6520.904	0.000	6506.950	6589.425	1.000	0.000	0.000
28256.000	28.000	24.000	4.000	7796.258	0.000	7710.000	7869.902	1.000	0.000	0.000
28257.000	129.000	110.000	19.000	10190.848	0.000	10022.696	10332.241	1.000	0.000	0.000
28258.000	5.000	0.000	5.000	112451.231	0.000	80000.000	10000000000.000	1.000	0.000	0.000
28259.000	78.000	77.000	3.000	4185.919	0.000	0.000	4200.000	1.000	0.000	0.000
28260.000	16.000	14.000	2.000	4558.059	0.000	4536.973	4574.610	1.000	0.000	0.000
28261.000	229.000	216.000	13.000	5048.334	0.000	5040.725	5086.632	1.000	0.000	0.000
28262.000	130.000	117.000	13.000	6549.519	0.000	6506.950	6589.425	1.000	0.000	0.000
28263.000	272.000	244.000	28.000	7796.328	0.000	7710.000	7869.902	1.000	0.000	0.000
28264.000	18.000	15.000	3.000	10175.118	0.000	10022.696	10332.241	1.000	0.000	0.000
28265.000	3.000	0.000	3.000	83275.905	0.000	80000.000	10000000000.000	1.000	0.000	0.000
28266.000	71.000	70.000	3.000	4118.712	0.000	0.000	4200.000	1.000	0.000	0.000
28267.000	96.000	87.000	9.000	4560.400	0.000	4536.973	4574.610	1.000	0.000	0.000
28268.000	23.000	21.000	2.000	5083.846	0.000	5040.725	5086.632	1.000	0.000	0.000
28269.000	37.000	34.000	3.000	5680.908	0.000	5670.701	5729.843	1.000	0.000	0.000
28270.000	9.000	8.000	1.000	6560.778	0.000	6506.950	6589.425	1.000	0.000	0.000
28271.000	8.000	7.000	1.000	7766.545	0.000	7710.000	7869.902	1.000	0.000	0.000
28272.000	83.000	71.000	12.000	10071.713	0.000	10022.696	10332.241	1.000	0.000	0.000
28273.000	15.000	0.000	15.000	88999.640	0.000	80000.000	10000000000.000	1.000	0.000	0.000
28274.000	221.000	220.000	9.000	4073.059	0.000	0.000	4200.000	1.000	0.000	0.000
28275.000	81.000	44.000	37.000	4545.962	0.000	4536.973	4574.610	1.000	0.000	0.000
28276.000	185.000	167.000	18.000	5041.957	0.000	5040.725	5086.632	1.000	0.000	0.000
28277.000	108.000	97.000	11.000	5722.189	0.000	5670.701	5729.843	1.000	0.000	0.000
28278.000	271.000	240.000	31.000	7865.105	0.000	7710.000	7869.902	1.000	0.000	0.000
28279.000	92.000	80.000	12.000	10119.267	0.000	10022.696	10332.241	1.000	0.000	0.000
28280.000	2.000	0.000	2.000	83902.216	0.000	80000.000	10000000000.000	1.000	0.000	0.000
28281.000	27.000	26.000	2.000	3649.112	0.000	0.000	4200.000	1.000	0.000	0.000
28282.000	351.000	325.000	26.000	4560.854	0.000	4536.973	4574.610	1.000	0.000	0.000
28283.000	226.000	213.000	13.000	5048.774	0.000	5040.725	5086.632	1.000	0.000	0.000
28284.000	95.000	85.000	10.000	5694.962	0.000	5670.701	5729.843	1.000	0.000	0.000
28285.000	79.000	69.000	10.000	6513.485	0.000	6506.950	6589.425	1.000	0.000	0.000
28286.000	54.000	48.000	6.000	7741.463	0.000	7710.000	7869.902	1.000	0.000	0.000
28287.000	33.000	28.000	5.000	10252.082	0.000	10022.696	10332.241	1.000	0.000	0.000
28288.000	3.000	0.000	3.000	118921.295	0.000	80000.000	10000000000.000	1.000	0.000	0.000
28289.000	155.000	154.000	6.000	4187.067	0.000	0.000	4200.000	1.000	0.000	0.000
28290.000	200.000	0.000	200.000	3367.543	0.000	4536.973	4574.610	0.000	0.000	0.000
28291.000	29.000	26.000	3.000	5081.975	0.000	5040.725	5086.632	1.000	0.000	0.000
28292.000	95.000	87.000	8.000	5671.910	0.000	5670.701	5729.843	1.000	0.000	0.000
28293.000	63.000	57.000	6.000	6518.071	0.000	6506.950	6589.425	1.000	0.000	0.000
28294.000	37.000	31.000	6.000	10290.272	0.000	10022.696	10332.241	1.000	0.000	0.000
28295.000	1.000	0.000	1.000	127681.059	0.000	80000.000	10000000000.000	1.000	0.000	0.000
28296.000	67.000	66.000	3.000	4197.489	0.000	0.000	4200.000	1.000	0.000	0.000
28297.000	18.000	17.000	1.000	4574.256	0.000	4536.973	4574.610	1.000	0.000	0.000
28298.000	38.000	35.000	3.000	5066.913	0.000	5040.725	5086.632	1.000	0.000	0.000
28299.000	200.000	0.000	200.000	3766.894	0.000	5670.701	5729.843	0.000	0.000	0.000
28300.000	189.000	173.000	16.000	6523.398	0.000	6506.950	6589.425	1.000	0.000	0.000
28301.000	16.000	14.000	2.000	7864.323	0.000	7710.000	7869.902	1.000	0.000	0.000
28302.000	33.000	28.000	5.000	10117.031	0.000	10022.696	10332.241	1.000	0.000	0.000
28303.000	194.000	0.000	194.000	82338.192	0.000	80000.000	10000000000.000	1.000	0.000	0.000
28304.000	27.000	26.000	2.000	3868.530	0.000	0.000	4200.000	1.000	0.000	0.000
28305.000	83.000	79.000	4.000	4538.872	0.000	4536.973	4574.610	1.000	0.000	0.000
28306.000	105.000	98.000	7.000	5061.078	0.000	5040.725	5086.632	1.000	0.000	0.000
28307.000	59.000	55.000	4.000	5687.109	0.000	5670.701	5729.843	1.000	0.000	0.000
28308.000	379.000	325.000	54.000	6534.076	0.000	6506.950	6589.425	1.000	0.000	0.000
28309.000	115.000	99.000	16.000	7718.185	0.000	7710.000	7869.902	1.000	0.000	0.000
28310.000	3.000	0.000	3.000	107266.770	0.000	80000.000	10000000000.000	1.000	0.000	0.000
28311.000	35.000	34.000	2.000	4149.885	0.000	0.000	4200.000	1.000	0.000	0.000
28312.000	168.000	159.000	9.000	4542.829	0.000	4536.973	4574.610	1.000	0.000	0.000
28313.000	336.000	282.000	55.000	5060.636	0.000	5040.725	5086.632	1.000	0.000	0.000
28314.000	19.000	17.000	2.000	5689.414	0.000	5670.701	5729.843	1.000	0.000	0.000
28315.000	119.000	104.000	15.000	6520.074	0.000	6506.950	6589.425	1.000	0.000	0.000
28316.000	216.000	185.000	31.000	7819.447	0.000	7710.000	7869.902	1.000	0.000	0.000
28317.000	111.000	93.000	18.000	10184.526	0.000	10022.696	10332.241	1.000	0.000	0.000
28318.000	1.000	0.000	1.000	100875.092	0.000	80000.000	10000000000.000	1.000	0.000	0.000
28319.000	51.000	50.000	2.000	4190.717	0.000	0.000	4200.000	1.000	0.000	0.000
28320.000	17.000	1.000	16.000	4556.770	0.000	4536.973	4574.610	1.000	0.000	0.000
28321.000	31.000	29.000	2.000	5050.063	0.000	5040.725	5086.632	1.000	0.000	0.000
28322.000	38.000	34.000	4.000	5681.799	0.000	5670.701	5729.843	1.000	0.000	0.000
28323.000	47.000	43.000	4.000	6571.877	0.000	6506.950	6589.425	1.000	0.000	0.000
28324.000	47.000	42.000	5.000	7768.209	0.000	7710.000	7869.902	1.000	0.000	0.000
28325.000	147.000	130.000	17.000	10262.117	0.000	10022.696	10332.241	1.000	0.000	0.000
28326.000	24.000	23.000	1.000	4123.396	0.000	0.000	4200.000	1.000	0.000	0.000
28327.000	165.000	154.000	12.000	4564.873	0.000	4536.973	4574.610	1.000	0.000	0.000
28328.000	147.000	136.000	11.000	5079.572	0.000	5040.725	5086.632	1.000	0.000	0.000
28329.000	28.000	25.000	3.000	5709.798	0.000	5670.701	5729.843	1.000	0.000	0.000
28330.000	45.000	41.000	4.000	6519.097	0.000	6506.950	6589.425	1.000	0.000	0.000
28331.000	131.000	117.000	14.000	7733.001	0.000	7710.000	7869.902	1.000	0.000	0.000
28332.000	159.000	137.000	22.000	10195.385	0.000	10022.696	10332.241	1.000	0.000	0.000
28333.000	2.000	0.000	2.000	132623.995	0.000	80000.000	10000000000.000	1.000	0.000	0.000
28334.000	204.000	203.000	8.000	4179.886	0.000	0.000	4200.000	1.000	0.000	0.000
28335.000	234.000	220.000	15.000	4540.056	0.000	4536.973	4574.610	1.000	0.000	0.000
28336.000	23.000	21.000	2.000	5060.872	0.000	5040.725	5086.632	1.000	0.000	0.000
28337.000	184.000	167.000	17.000	5706.652	0.000	5670.701	5729.843	1.000	0.000	0.000
28338.000	200.000	0.000	200.000	4545.083	0.000	6506.950	6589.425	0.000	0.000	0.000
28339.000	16.000	14.000	2.000	7722.363	0.000	7710.000	7869.902	1.000	0.000	0.000
28340.000	189.000	164.000	25.000	10161.453	0.000	10022.696	10332.241	1.000	0.000	0.000
28341.000	2.000	0.000	2.000	101986.457	0.000	80000.000	10000000000.000	1.000	0.000	0.000
28342.000	40.000	39.000	2.000	4547.054	0.000	4536.973	4574.610	1.000	0.000	0.000
28343.000	25.000	23.000	2.000	5065.703	0.000	5040.725	5086.632	1.000	0.000	0.000
28344.000	83.000	76.000	7.000	5725.276	0.000	5670.701	5729.843	1.000	0.000	0.000
28345.000	58.000	52.000	6.000	6570.042	0.000	6506.950	6589.425	1.000	0.000	0.000
28346.000	36.000	32.000	4.000	7753.465	0.000	7710.000	7869.902	1.000	0.000	0.000
28347.000	6.000	5.000	1.000	10085.722	0.000	10022.696	10332.241	1.000	0.000	0.000
28348.000	1.000	0.000	1.000	93968.584	0.000	80000.000	10000000000.000	1.000	0.000	0.000
28349.000	26.000	25.000	1.000	4102.885	0.000	0.000	4200.000	1.000	0.000	0.000
28350.000	84.000	76.000	8.000	4546.057	0.000	4536.973	4574.610	1.000	0.000	0.000
28351.000	75.000	70.000	5.000	5052.409	0.000	5040.725	5086.632	1.000	0.000	0.000
28352.000	171.000	157.000	14.000	5684.397	0.000	5670.701	5729.843	1.000	0.000	0.000
28353.000	29.000	26.000	3.000	6570.339	0.000	6506.950	6589.425	1.000	0.000	0.000
28354.000	8.000	0.000	8.000	7773.622	0.000	7710.000	7869.902	1.000	0.000	0.000
28355.000	50.000	43.000	7.000	10127.982	0.000	10022.696	10332.241	1.000	0.000	0.000
28356.000	1.000	0.000	1.000	106596.605	0.000	80000.000	10000000000.000	1.000	0.000	0.000
28357.000	252.000	251.000	10.000	4153.114	0.000	0.000	4200.000	1.000	0.000	0.000
28358.000	133.000	124.000	9.000	5044.939	0.000	5040.725	5086.632	1.000	0.000	0.000
28359.000	50.000	45.000	5.000	5724.560	0.000	5670.701	5729.843	1.000	0.000	0.000
28360.000	63.000	58.000	5.000	6566.868	0.000	6506.950	6589.425	1.000	0.000	0.000
28361.000	16.000	14.000	2.000	7859.351	0.000	7710.000	7869.902	1.000	0.000	0.000
28362.000	18.000	16.000	2.000	10304.652	0.000	10022.696	10332.241	1.000	0.000	0.000
28363.000	48.000	0.000	48.000	91507.970	0.000	80000.000	10000000000.000	1.000	0.000	0.000
28364.000	179.000	178.000	7.000	4173.471	0.000	0.000	4200.000	1.000	0.000	0.000
28365.000	66.000	60.000	6.000	4572.910	0.000	4536.973	4574.610	1.000	0.000	0.000
28366.000	237.000	222.000	15.000	5075.780	0.000	5040.725	5086.632	1.000	0.000	0.000
28367.000	29.000	26.000	3.000	5686.588	0.000	5670.701	5729.843	1.000	0.000	0.000
28368.000	64.000	58.000	6.000	6539.527	0.000	6506.950	6589.425	1.000	0.000	0.000
28369.000	13.000	7.000	6.000	7799.612	0.000	7710.000	7869.902	1.000	0.000	0.000
28370.000	56.000	48.000	8.000	10223.775	0.000	10022.696	10332.241	1.000	0.000	0.000
28371.000	2.000	0.000	2.000	109150.513	0.000	80000.000	10000000000.000	1.000	0.000	0.000
28372.000	201.000	200.000	8.000	4182.780	0.000	0.000	4200.000	1.000	0.000	0.000
28373.000	88.000	82.000	6.000	4560.591	0.000	4536.973	4574.610	1.000	0.000	0.000
28374.000	25.000	22.000	3.000	5726.896	0.000	5670.701	5729.843	1.000	0.000	0.000
28375.000	229.000	208.000	21.000	6562.065	0.000	6506.950	6589.425	1.000	0.000	0.000
28376.000	24.000	21.000	3.000	7803.809	0.000	7710.000	7869.902	1.000	0.000	0.000
28377.000	196.000	167.000	29.000	10185.480	0.000	10022.696	10332.241	1.000	0.000	0.000
28378.000	1.000	0.000	1.000	116704.304	0.000	80000.000	10000000000.000	1.000	0.000	0.000
28379.000	90.000	89.000	4.000	4181.493	0.000	0.000	4200.000	1.000	0.000	0.000
28380.000	47.000	43.000	4.000	4558.775	0.000	4536.973	4574.610	1.000	0.000	0.000
28381.000	205.000	192.000	13.000	5053.054	0.000	5040.725	5086.632	1.000	0.000	0.000
28382.000	122.000	112.000	10.000	5701.903	0.000	5670.701	5729.843	1.000	0.000	0.000
28383.000	77.000	70.000	7.000	6558.157	0.000	6506.950	6589.425	1.000	0.000	0.000
28384.000	21.000	18.000	3.000	7737.058	0.000	7710.000	7869.902	1.000	0.000	0.000
28385.000	70.000	60.000	10.000	10093.560	0.000	10022.696	10332.241	1.000	0.000	0.000
28386.000	1.000	0.000	1.000	83395.623	0.000	80000.000	10000000000.000	1.000	0.000	0.000
28387.000	25.000	24.000	1.000	4113.047	0.000	0.000	4200.000	1.000	0.000	0.000
28388.000	166.000	157.000	9.000	4545.083	0.000	4536.973	4574.610	1.000	0.000	0.000
28389.000	37.000	10.000	27.000	5065.674	0.000	5040.725	5086.632	1.000	0.000	0.000
28390.000	44.000	38.000	6.000	6551.689	0.000	6506.950	6589.425	1.000	0.000	0.000
28391.000	277.000	236.000	41.000	7776.818	0.000	7710.000	7869.902	1.000	0.000	0.000
28392.000	19.000	16.000	3.000	10188.700	0.000	10022.696	10332.241	1.000	0.000	0.000
28393.000	2.000	0.000	2.000	108160.095	0.000	80000.000	10000000000.000	1.000	0.000	0.000
28394.000	226.000	225.000	9.000	4176.255	0.000	0.000	4200.000	1.000	0.000	0.000
28395.000	25.000	24.000	1.000	4548.695	0.000	4536.973	4574.610	1.000	0.000	0.000
28396.000	133.000	121.000	12.000	5049.828	0.000	5040.725	5086.632	1.000	0.000	0.000
28397.000	23.000	21.000	2.000	5709.760	0.000	5670.701	5729.843	1.000	0.000	0.000
28398.000	340.000	306.000	34.000	6542.576	0.000	6506.950	6589.425	1.000	0.000	0.000
28399.000	8.000	7.000	1.000	7839.596	0.000	7710.000	7869.902	1.000	0.000	0.000
28400.000	92.000	81.000	11.000	10106.808	0.000	10022.696	10332.241	1.000	0.000	0.000
28401.000	1.000	0.000	1.000	107055.617	0.000	80000.000	10000000000.000	1.000	0.000	0.000
28402.000	334.000	333.000	13.000	4155.553	0.000	0.000	4200.000	1.000	0.000	0.000
28403.000	105.000	98.000	7.000	4570.388	0.000	4536.973	4574.610	1.000	0.000	0.000
28404.000	73.000	66.000	7.000	5049.653	0.000	5040.725	5086.632	1.000	0.000	0.000
28405.000	45.000	41.000	4.000	5722.791	0.000	5670.701	5729.843	1.000	0.000	0.000
28406.000	119.000	102.000	17.000	7768.486	0.000	7710.000	7869.902	1.000	0.000	0.000
28407.000	34.000	30.000	4.000	10208.542	0.000	10022.696	10332.241	1.000	0.000	0.000
28408.000	1.000	0.000	1.000	95937.038	0.000	80000.000	10000000000.000	1.000	0.000	0.000
28409.000	76.000	75.000	3.000	4188.518	0.000	0.000	4200.000	1.000	0.000	0.000
28410.000	6.000	0.000	6.000	4545.629	0.000	4536.973	4574.610	1.000	0.000	0.000
28411.000	36.000	33.000	3.000	5065.585	0.000	5040.725	5086.632	1.000	0.000	0.000
28412.000	165.000	152.000	13.000	5677.683	0.000	5670.701	5729.843	1.000	0.000	0.000
28413.000	198.000	178.000	20.000	6577.789	0.000	6506.950	6589.425	1.000	0.000	0.000
28414.000	15.000	13.000	2.000	7830.002	0.000	7710.000	7869.902	1.000	0.000	0.000
28415.000	24.000	20.000	4.000	10082.333	0.000	10022.696	10332.241	1.000	0.000	0.000
28416.000	6.000	0.000	6.000	86573.443	0.000	80000.000	10000000000.000	1.000	0.000	0.000
28417.000	27.000	26.000	2.000	3874.197	0.000	0.000	4200.000	1.000	0.000	0.000
28418.000	13.000	12.000	1.000	4549.027	0.000	4536.973	4574.610	1.000	0.000	0.000
28419.000	9.000	8.000	1.000	5084.945	0.000	5040.725	5086.632	1.000	0.000	0.000
28420.000	44.000	40.000	4.000	5727.613	0.000	5670.701	5729.843	1.000	0.000	0.000
28421.000	262.000	237.000	25.000	6531.036	0.000	6506.950	6589.425	1.000	0.000	0.000
28422.000	57.000	50.000	7.000	10151.258	0.000	10022.696	10332.241	1.000	0.000	0.000
28423.000	1.000	0.000	1.000	81413.743	0.000	80000.000	10000000000.000	1.000	0.000	0.000
28424.000	144.000	143.000	6.000	4180.549	0.000	0.000	4200.000	1.000	0.000	0.000
28425.000	13.000	12.000	1.000	4569.596	0.000	4536.973	4574.610	1.000	0.000	0.000
28426.000	916.000	843.000	75.000	5059.812	0.000	5040.725	5086.632	1.000	0.000	0.000
28427.000	12.000	11.000	1.000	5672.908	0.000	5670.701	5729.843	1.000	0.000	0.000
28428.000	9.000	8.000	1.000	6527.606	0.000	6506.950	6589.425	1.000	0.000	0.000
28429.000	8.000	7.000	1.000	7715.721	0.000	7710.000	7869.902	1.000	0.000	0.000
28430.000	36.000	32.000	4.000	10221.493	0.000	10022.696	10332.241	1.000	0.000	0.000
28431.000	8.000	0.000	8.000	90105.560	0.000	80000.000	10000000000.000	1.000	0.000	0.000
28432.000	124.000	123.000	5.000	4180.208	0.000	0.000	4200.000	1.000	0.000	0.000
28433.000	238.000	226.000	12.000	4558.751	0.000	4536.973	4574.610	1.000	0.000	0.000
28434.000	47.000	43.000	4.000	5061.931	0.000	5040.725	5086.632	1.000	0.000	0.000
28435.000	108.000	99.000	9.000	5692.206	0.000	5670.701	5729.843	1.000	0.000	0.000
28436.000	31.000	28.000	3.000	6535.990	0.000	6506.950	6589.425	1.000	0.000	0.000
28437.000	53.000	46.000	7.000	7760.726	0.000	7710.000	7869.902	1.000	0.000	0.000
28438.000	29.000	0.000	29.000	118290.805	0.000	80000.000	10000000000.000	1.000	0.000	0.000
28439.000	151.000	150.000	6.000	4138.064	0.000	0.000	4200.000	1.000	0.000	0.000
28440.000	12.000	11.000	1.000	4554.122	0.000	4536.973	4574.610	1.000	0.000	0.000
28441.000	113.000	102.000	11.000	5068.329	0.000	5040.725	5086.632	1.000	0.000	0.000
28442.000	57.000	52.000	5.000	5696.454	0.000	5670.701	5729.843	1.000	0.000	0.000
28443.000	150.000	134.000	16.000	6570.835	0.000	6506.950	6589.425	1.000	0.000	0.000
28444.000	112.000	98.000	14.000	7741.670	0.000	7710.000	7869.902	1.000	0.000	0.000
28445.000	6.000	5.000	1.000	10150.430	0.000	10022.696	10332.241	1.000	0.000	0.000
28446.000	1.000	0.000	1.000	130280.913	0.000	80000.000	10000000000.000	1.000	0.000	0.000
28447.000	45.000	44.000	2.000	4186.503	0.000	0.000	4200.000	1.000	0.000	0.000
28448.000	13.000	12.000	1.000	4547.482	0.000	4536.973	4574.610	1.000	0.000	0.000
28449.000	118.000	105.000	13.000	5046.958	0.000	5040.725	5086.632	1.000	0.000	0.000
28450.000	39.000	35.000	4.000	5727.801	0.000	5670.701	5729.843	1.000	0.000	0.000
28451.000	80.000	72.000	8.000	6522.420	0.000	6506.950	6589.425	1.000	0.000	0.000
28452.000	14.000	12.000	2.000	7854.456	0.000	7710.000	7869.902	1.000	0.000	0.000
28453.000	100.000	85.000	15.000	10172.025	0.000	10022.696	10332.241	1.000	0.000	0.000
28454.000	38.000	37.000	2.000	4184.831	0.000	0.000	4200.000	1.000	0.000	0.000
28455.000	113.000	104.000	9.000	4539.629	0.000	4536.973	4574.610	1.000	0.000	0.000
