68.000	335.000	0.000	333.000	77044.795	3667859486.524	73045.679	71524.644	64462.329	66303.022	61041.450	62609.457	60954.919	62728.984	63839.658	65754.764
68.000	347.000	0.000	333.000	63010.422	3667859486.647	66564.053	62092.669	61820.449	63074.322	64005.073	61045.729	62997.885	62697.366	61613.757	62604.955
68.000	359.000	0.000	333.000	71001.204	3667859486.719	70747.376	69960.110	66404.150	66418.079	66247.534	66146.882	66007.734	66376.309	65453.255	65302.311
68.000	371.000	0.000	333.000	65291.294	3667859486.799	65350.096	65153.281	65230.154	65337.837	65456.946	65370.947	62855.773	62833.094	65375.855	65329.258
68.000	383.000	0.000	333.000	65336.611	3667859486.919	65263.155	62803.637	62628.596	62671.419	62886.415	62802.504	62862.580	62786.654	63025.244	62967.135
68.000	395.000	0.000	333.000	63003.583	3667859486.993	62884.144	62934.140	63042.356	62808.167	62870.523	62734.633	62606.081	62534.142	62643.239	62727.854
68.000	407.000	0.000	333.000	62753.848	3667859487.069	62635.353	62639.859	62668.036	63757.855	63740.352	63972.157	63934.579	63748.519	62909.132	62886.415
68.000	419.000	0.000	333.000	62962.582	3667859487.144	60921.868	60986.939	60923.999	61069.277	61024.338	61011.510	61001.893	60846.303	60945.320	62841.030
68.000	431.000	0.000	333.000	62977.381	3667859487.216	62981.937	62983.076	62807.034	63411.938	63769.528	63902.908	62713.171	62777.601	63967.457	63943.970
68.000	443.000	0.000	333.000	62888.686	3667859487.289	62922.770	62895.500	64114.647	63989.787	64033.315	63911.116	62986.493	62926.180	63018.402	62976.243
68.000	455.000	0.000	333.000	63017.262	3667859487.360	63028.666	63383.088	62926.180	62993.328	62911.404	62846.699	62848.968	62879.603	62964.858	63080.034
68.000	467.000	0.000	333.000	62812.698	3667859487.433	62993.328	62826.294	62906.859	62976.243	63706.542	62888.686	62993.328	62884.144	64314.728	63622.755
68.000	479.000	0.000	333.000	62751.587	3667859487.503	62583.582	62864.849	62851.236	62822.894	62797.975	62991.049	62929.591	64008.602	64108.746	63003.583
68.000	491.000	0.000	333.000	60883.530	3667859487.733	60979.465	61158.281	60914.409	60959.187	60984.803	61223.859	61214.174	62879.603	63070.896	63034.369
68.000	503.000	0.000	333.000	63132.630	3667859487.813	62870.523	63022.964	63021.823	63301.299	62818.362	62879.603	60958.120	60900.563	61086.414	64261.330
68.000	515.000	0.000	333.000	65243.595	3667859487.896	65051.064	65839.286	65297.414	66029.007	65395.495	65970.226	65935.258	64370.594	65287.622	64224.596
68.000	527.000	0.000	333.000	59565.339	3667859487.967	59900.321	59903.412	58963.333	53553.579	55253.571	62339.390	59491.068	60745.489	60580.664	60783.653
68.000	539.000	0.000	333.000	58311.805	3667859488.040	60033.509	59431.176	59475.830	59616.317	59635.711	59243.151	62464.608	62391.876	62011.966	62604.955
68.000	551.000	0.000	333.000	43316.678	3667859488.124	43450.693	43165.826	45761.038	45236.825	48335.565	48197.110	50645.090	50650.982	50741.006	50702.596
68.000	740.000	0.000	510.000	35311.646	3667859490.372	38077.666	37594.328	40708.807	40582.636	40702.147	40985.692	43407.913	43153.525	43394.393	43444.190
68.000	1038.000	0.000	796.000	27193.874	3667859493.896	27231.507	27600.952	27822.981	27596.141	27670.243	28073.931	46101.444	45245.640	45605.250	50709.240
68.000	1132.000	0.000	878.000	37917.243	3667859494.956	37464.118	37315.607	37377.678	37838.564	37202.014	37733.212	37478.228	37449.214	37248.563	37161.131
68.000	1303.000	0.000	1037.000	30281.642	3667859496.912	29071.458	28915.785	28269.436	29540.929	28554.036	28951.117	28287.804	29842.638	29846.474	29934.717
68.000	1540.000	0.000	1262.000	35825.593	3667859499.658	40649.893	42218.259	42784.578	43058.563	42795.092	39995.914	40186.039	39623.715	40299.025	39715.434
68.000	1783.000	0.000	1493.000	20950.161	3667859502.513	20710.233	20653.251	20666.976	20785.502	20550.644	30337.031	30314.059	31415.131	30309.047	31196.218
68.000	2028.000	0.000	1726.000	21007.275	3667859505.399	19435.967	20198.474	19335.944	19503.554	20552.705	24315.923	23587.410	23683.162	23556.780	23683.001
68.000	2293.000	0.000	1979.000	12112.720	3667859508.478	12384.489	12216.983	12324.322	12254.595	12239.006	13475.000	13518.672	13460.159	13457.091	13557.665
68.000	2484.000	0.000	2158.000	13523.554	3667859510.738	15435.524	15487.481	16168.099	16247.897	16217.107	16408.643	17048.199	16786.988	16811.864	16720.984
68.000	2663.000	0.000	2325.000	11351.742	3667859512.780	10518.578	10542.936	10545.553	10535.091	10527.767	10550.664	10576.070	10547.150	10548.140	10526.748
68.000	2906.000	0.000	2556.000	10058.899	3667859515.609	10885.624	11179.435	11105.399	11098.464	11132.376	11043.076	11053.625	11039.961	11091.572	11031.569
68.000	3171.000	0.000	2809.000	11225.808	3667859518.701	12778.613	12713.172	12886.027	12099.549	11175.740	11371.942	11390.835	11338.697	11312.255	11267.426
68.000	3372.000	0.000	2998.000	9806.333	3667859521.077	9832.743	9806.029	9741.358	9807.465	9880.245	9786.466	9845.028	9800.869	9950.189	9952.037
68.000	3594.000	0.000	3208.000	9842.441	3667859523.626	9822.206	9853.439	9857.734	9847.700	11523.684	11810.582	11778.669	10841.170	10878.144	10839.314
68.000	3866.000	0.000	3468.000	8267.085	3667859526.836	8292.930	8277.655	8035.224	8052.240	8049.784	8035.799	8032.944	8074.791	8160.131	8125.958
68.000	4130.000	0.000	3720.000	8137.558	3667859529.933	8286.163	7922.129	7930.878	8114.731	8114.447	8123.096	8082.211	7942.018	8462.917	8744.575
68.000	4395.000	0.000	3973.000	8494.910	3667859533.016	8516.242	8486.714	8536.886	8369.432	8257.853	8419.872	8240.991	8339.812	8235.516	8228.570
68.000	4686.000	0.000	4252.000	7289.388	3667859536.458	7295.556	7267.531	7284.372	7243.710	7341.103	7305.350	7350.910	7338.999	7303.833	7282.316
68.000	5000.000	0.000	4554.000	6605.982	3667859540.193	6730.977	6652.617	6622.335	6633.080	6636.101	6662.811	6818.245	7014.709	7151.657	7174.565
68.000	5315.000	0.000	4857.000	6369.734	3667859543.929	6361.486	6335.554	6318.440	6322.099	6324.934	6339.244	6441.119	6439.440	6403.779	6430.832
68.000	5608.000	0.000	5138.000	6747.825	3667859547.372	6814.857	6856.728	6874.783	6867.382	6584.613	6528.310	6458.138	6514.317	6551.987	6566.019
68.000	5908.000	0.000	5426.000	6339.163	3667859550.914	6327.957	6266.522	6261.407	6304.544	6310.998	6260.788	6283.389	6218.824	6312.989	6260.451
68.000	6226.000	0.000	5732.000	6183.867	3667859554.670	6024.889	6014.392	6022.868	6028.539	6136.484	6138.961	6144.539	6023.399	6034.639	6048.777
68.000	6523.000	0.000	6017.000	5848.374	3667859558.168	5870.999	5792.708	5798.543	5839.510	5779.760	5759.822	5781.871	5766.077	5774.231	5805.550
68.000	6823.000	0.000	6305.000	5670.724	3667859561.695	5697.840	5682.826	5697.094	5701.114	5705.381	5648.624	5662.068	5659.317	5669.118	5664.130
68.000	7098.000	0.000	6568.000	5752.316	3667859564.909	5716.712	5756.109	5735.578	5752.278	5776.798	5783.109	5824.550	5790.031	5752.449	5770.299
68.000	7416.000	0.000	6874.000	5595.600	3667859568.693	5613.013	5577.901	5595.465	5567.629	5593.515	5593.802	5594.377	5737.487	5562.881	5569.704
68.000	7738.000	0.000	7184.000	5464.133	3667859572.509	5428.408	5428.670	5371.654	5471.464	5458.738	5466.758	5430.067	5425.093	5418.982	5431.870
68.000	8056.000	0.000	7490.000	5277.283	3667859576.262	5328.754	5336.715	5344.954	5357.591	5353.564	5368.143	5345.380	5345.864	5351.178	5362.317
68.000	8371.000	0.000	7793.000	5275.204	3667859579.972	5256.456	5257.201	5262.849	5302.994	5256.194	5254.489	5264.353	5266.821	5329.651	5265.953
68.000	8671.000	0.000	8081.000	5100.270	3667859583.518	5181.101	5154.640	5151.780	5159.634	5154.037	5157.479	5155.983	5146.954	5153.427	5145.973
68.000	9005.000	0.000	8403.000	5057.060	3667859587.466	5036.526	5044.411	5048.360	5043.812	5050.504	5052.277	5050.182	5049.333	5042.425	5070.961
68.000	9371.000	0.000	8757.000	90033.967	3667859591.826	78448.670	75491.776	76459.598	75339.910	75128.647	73100.870	81371.961	84056.473	84208.893	83733.148
68.000	9383.000	0.000	8757.000	82626.718	3667859591.909	89117.110	89167.303	89508.738	88932.796	89423.708	90475.998	90211.195	85276.890	85969.394	85461.024
68.000	9395.000	0.000	8757.000	85990.619	3667859591.994	86060.735	85675.449	86297.424	92122.408	89274.722	88996.423	89598.539	89660.815	89605.454	90886.802
68.000	9407.000	0.000	8757.000	89297.611	3667859592.068	89446.673	89350.299	89391.577	89021.444	89497.238	89501.838	89589.321	89504.138	89352.591	89504.138
68.000	9419.000	0.000	8757.000	89455.863	3667859592.143	89442.079	89183.285	89396.166	89345.715	89419.117	74535.386	73726.008	73802.557	74165.582	73838.543
68.000	9431.000	0.000	8757.000	75187.032	3667859592.216	74281.048	75063.880	74783.443	74137.166	71932.343	71176.770	72777.050	71242.285	71410.261	72466.639
68.000	9443.000	0.000	8757.000	81136.908	3667859592.290	80571.945	80953.980	80784.989	80663.379	80710.109	80927.646	80637.234	80508.623	80927.646	80786.863
68.000	9455.000	0.000	8757.000	80991.630	3667859592.364	80931.407	80717.591	80771.875	80644.702	81360.556	80555.174	80682.064	81014.236	80536.547	81474.749
68.000	9467.000	0.000	8757.000	80408.256	3667859592.437	80527.237	80306.288	80698.889	81061.374	80132.613	80304.437	81273.224	80542.134	80415.682	81167.161
68.000	9479.000	0.000	8757.000	81184.188	3667859592.509	74810.749	77902.974	77471.508	77696.173	77800.305	74380.986	74281.048	81564.424	81871.187	74637.610
68.000	9491.000	0.000	8757.000	73785.358	3667859592.584	74097.735	74217.734	74257.293	74067.796	74007.991	79059.449	74260.459	73693.250	81025.544	81153.922
68.000	9503.000	0.000	8757.000	70887.045	3667859592.657	70839.467	70606.825	77798.567	70914.467	70707.161	77172.827	77412.963	71035.958	70940.466	70855.319
68.000	9515.000	0.000	8757.000	71189.863	3667859592.733	70807.784	70822.181	71009.889	70995.415	70786.198	77904.716	70616.846	70645.492	71136.066	71223.346
68.000	9527.000	0.000	8757.000	70861.085	3667859592.809	72347.723	70626.869	70618.277	71188.408	71153.505	71107.020	70941.911	71366.365	71296.243	71259.776
68.000	9539.000	0.000	8757.000	71432.229	3667859592.919	71727.914	70842.348	71011.337	71655.606	71822.577	71664.453	71809.250	72005.211	70789.075	69898.334
68.000	9551.000	0.000	8757.000	69242.442	3667859593.002	70023.403	70595.376	68651.478	68642.007	69682.974	69859.078	70419.815	69805.874	69783.496	69511.916
68.000	9563.000	0.000	8757.000	66090.400	3667859593.092	66626.446	66524.640	65720.023	68037.273	64605.815	67949.668	67625.118	66263.918	64957.647	66565.325
68.000	9575.000	0.000	8757.000	65624.676	3667859593.181	66381.369	66361.133	69575.790	69678.791	68912.272	65250.929	65859.205	62017.487	61867.668	61843.500
68.000	9587.000	0.000	8757.000	67953.645	3667859593.270	67964.253	67933.764	68111.782	68091.808	70202.650	69577.180	69234.183	68934.095	69312.718	69132.492
68.000	9599.000	0.000	8757.000	48915.287	3667859593.359	59964.260	60052.140	60307.934	59757.469	59716.487	57243.226	57321.420	56873.077	54568.820	53007.505
68.000	9611.000	0.000	8757.000	56155.103	3667859593.432	53903.337	54001.955	54461.309	53616.233	53991.910	53705.520	54058.950	57147.425	57094.964	57234.760
68.000	9625.000	0.000	8759.000	42240.788	3667859593.539	32755.560	31318.241	30950.053	31218.867	31632.253	30765.245	31211.314	30619.196	30929.439	31660.720
68.000	9767.000	0.000	8889.000	28518.732	3667859595.144	29311.219	29502.144	29635.186	29748.330	29517.646	30048.348	29921.087	29405.751	29802.293	30188.467
68.000	9966.000	0.000	9076.000	18428.870	3667859597.418	17263.335	17460.393	17416.388	17388.651	17323.957	17270.526	17399.249	17130.877	17658.419	17060.141
68.000	10162.000	0.000	9260.000	17723.205	3667859599.663	14797.763	15424.792	12469.932	13778.311	12124.484	12055.242	12364.880	13546.803	13317.953	13096.164
68.000	10428.000	0.000	9514.000	18670.206	3667859602.821	18649.712	18887.170	18868.957	16228.970	16335.992	16369.082	16357.243	15869.598	16379.012	16362.699
68.000	10651.000	0.000	9725.000	12558.599	3667859605.406	11403.702	14653.575	15385.409	16312.656	16243.654	15599.367	16086.183	15627.013	19620.123	16363.161
68.000	10866.000	0.000	9928.000	18914.145	3667859607.944	20250.145	19435.208	18812.089	18152.635	18668.805	18429.747	18833.145	18404.233	18114.588	18255.965
68.000	11131.000	0.000	10181.000	11493.718	3667859611.089	12165.946	12385.238	12353.522	12877.832	12819.013	12896.954	12854.875	12893.946	12765.686	12650.098
68.000	11350.000	0.000	10388.000	9592.380	3667859613.596	9881.871	9986.937	9939.201	9942.832	9942.094	9962.114	9960.775	9990.117	9995.564	9984.675
68.000	11595.000	0.000	10621.000	11136.434	3667859616.491	12009.269	12301.296	12290.574	12362.423	12304.685	12309.773	11175.812	11380.786	11310.198	11273.954
68.000	11835.000	0.000	10849.000	9500.669	3667859619.247	9526.212	9997.888	10088.121	9913.739	9985.477	9503.624	8965.320	8969.037	9203.016	9531.218
68.000	12106.000	0.000	11108.000	9115.464	3667859622.477	9202.165	9322.909	9179.077	9387.158	9493.651	9335.203	9606.296	9613.667	9408.357	9355.941
68.000	12345.000	0.000	11335.000	8042.237	3667859625.297	8063.985	8046.659	8046.659	8015.530	8030.463	8036.410	8046.417	8029.481	8019.295	8046.287
68.000	12609.000	0.000	11587.000	7573.275	3667859628.373	7470.838	7464.593	7473.467	7503.688	7481.541	7463.777	7490.890	7575.894	7600.825	7561.519
68.000	12860.000	0.000	11826.000	7825.848	3667859631.296	7977.892	8083.262	7885.897	7906.717	8095.869	8072.134	8110.725	8054.698	8028.389	8020.421
68.000	13110.000	0.000	12064.000	7502.492	3667859634.239	7446.384	7456.874	7464.065	7472.216	7496.727	7497.808	7494.613	7512.914	7491.631	7463.809
68.000	13376.000	0.000	12318.000	7522.601	3667859637.343	7442.947	7403.663	7474.429	7403.537	7358.816	7308.339	7401.271	7279.652	7242.430	7303.389
68.000	13627.000	0.000	12557.000	7172.201	3667859640.286	7240.397	7252.126	7239.675	7249.500	7255.117	7268.335	7260.729	7289.205	7250.783	7256.599
68.000	13913.000	0.000	12831.000	6180.334	3667859643.731	6211.238	6192.377	6195.747	6198.449	6223.647	6199.420	6201.639	6194.414	6198.151	6197.500
68.000	14188.000	0.000	13094.000	6131.386	3667859646.980	6067.903	6047.065	6040.657	6018.788	6043.896	6044.515	6042.564	6029.770	6074.433	6075.195
68.000	14481.000	0.000	13375.000	6329.474	3667859650.435	6410.733	6448.310	6414.724	6448.775	6459.659	6414.216	6521.672	6516.255	6504.026	6504.183
68.000	14797.000	0.000	13679.000	6070.367	3667859654.146	6075.619	6065.018	6056.097	6063.910	6070.917	6053.181	6071.193	6066.286	6054.265	6052.813
68.000	15133.000	0.000	14003.000	6196.563	3667859658.119	6159.262	6207.563	6176.487	6223.013	6216.293	6219.601	6231.318	6234.118	6237.959	6186.558
68.000	15431.000	0.000	14289.000	5629.888	3667859661.663	5627.560	5628.396	5662.445	5646.555	5643.215	5651.915	5670.558	5643.298	5651.511	5808.154
68.000	15731.000	0.000	14577.000	5680.676	3667859665.202	5620.785	5590.346	5602.017	5577.910	5610.825	5598.757	5594.665	5614.913	5601.800	5608.530
68.000	16004.000	0.000	14838.000	5542.776	3667859668.420	5534.752	5529.849	5527.471	5561.726	5534.524	5524.639	5527.295	5537.779	5568.992	5531.386
68.000	16302.000	0.000	15124.000	5469.805	3667859671.964	5451.817	5444.888	5432.438	5440.117	5433.514	5441.451	5541.603	5440.262	5433.777	5435.550
68.000	16624.000	0.000	15434.000	5287.329	3667859675.745	5262.913	5260.957	5272.258	5249.721	5254.552	5266.255	5259.718	5281.123	5271.755	5276.307
68.000	16935.000	0.000	15733.000	5203.697	3667859679.409	5184.587	5212.926	5166.729	5166.277	5170.349	5179.745	5154.617	5193.067	5159.244	5175.074
68.000	17272.000	0.000	16058.000	5138.146	3667859683.380	5123.038	5119.236	5188.093	5120.982	5135.676	5194.206	5162.777	5196.407	5135.457	5146.520
68.000	17590.000	0.000	16364.000	64499.335	3667859687.151	64541.167	65722.504	64524.428	67711.888	64511.281	63927.539	61361.923	61491.924	61463.711	61570.190
68.000	17602.000	0.000	16364.000	61702.170	3667859687.241	61725.133	61520.164	61684.686	61357.599	61697.798	62021.904	61880.858	62081.601	61764.538	61887.455
68.000	17614.000	0.000	16364.000	62232.460	3667859687.325	61832.521	61970.039	62120.355	61732.791	61977.758	61929.270	61933.675	61961.220	61881.957	62060.584
68.000	17626.000	0.000	16364.000	62078.282	3667859687.409	61919.362	61722.945	62038.475	62308.164	61643.200	62236.908	61809.478	61995.409	61924.866	62130.329
68.000	17638.000	0.000	16364.000	61841.304	3667859687.485	61594.144	61418.189	61884.156	61858.877	61986.583	61561.484	61756.872	61680.316	61528.858	61821.546
68.000	17650.000	0.000	16364.000	61672.671	3667859687.558	61484.326	61106.777	61324.109	61424.688	61408.443	61130.372	61608.308	61522.337	61845.696	61737.168
68.000	17662.000	0.000	16364.000	61760.158	3667859687.634	61844.598	61557.132	61963.424	61917.160	62570.090	61493.010	61329.508	61798.511	61630.111	61617.027
68.000	17674.000	0.000	16364.000	61280.950	3667859687.712	62299.248	61784.260	62055.055	61629.020	61786.452	61836.912	61404.113	61940.284	62052.844	61888.555
68.000	17686.000	0.000	16364.000	61626.839	3667859687.792	61687.963	61612.667	61642.109	61409.526	61469.134	61790.837	61846.795	61553.868	61738.263	61962.322
68.000	17698.000	0.000	16364.000	62282.538	3667859687.867	61994.306	61694.519	62132.545	61865.470	62028.532	61745.924	63592.552	61377.061	62003.135	61227.087
68.000	17710.000	0.000	16364.000	61662.844	3667859687.945	61646.473	61699.984	61741.546	61835.814	61637.746	61803.994	61887.455	61764.538	61771.111	61941.385
68.000	17722.000	0.000	16364.000	61364.085	3667859688.020	61589.788	61497.353	62292.563	61821.546	61393.289	61584.343	61413.857	61710.916	61493.010	61733.886
68.000	17734.000	0.000	16364.000	61491.924	3667859688.095	61583.254	61771.111	61500.611	61825.936	61594.144	61649.747	61681.408	61745.924	61730.603	61809.478
68.000	17746.000	0.000	16364.000	61675.947	3667859688.181	61414.940	61068.206	61340.309	61419.272	61328.428	61811.672	61802.897	61274.482	61814.963	61343.550
68.000	17758.000	0.000	16364.000	61702.170	3667859688.258	61620.298	61391.125	61488.668	61614.847	61509.300	61545.167	61457.203	61802.897	62052.844	61970.039
68.000	17770.000	0.000	16364.000	62310.394	3667859688.335	62019.696	62191.345	61858.877	62018.591	62391.876	61960.118	62730.113	62355.015	61932.574	62122.571
68.000	17782.000	0.000	16364.000	66711.948	3667859688.419	66172.016	66005.232	65849.244	65232.597	64940.691	64972.188	64408.686	64743.923	65225.268	65075.372
68.000	17794.000	0.000	16364.000	55729.209	3667859688.505	55710.490	55569.165	55854.327	55580.693	55627.741	56849.869	56443.582	57944.136	55254.448	56341.321
68.000	17808.000	0.000	16366.000	48889.883	3667859688.632	44752.645	47324.811	47850.801	47371.154	47997.852	44352.585	45085.163	44727.358	45232.126	47777.941
68.000	18012.000	0.000	16558.000	60515.404	3667859690.978	60311.067	59948.779	60256.809	58538.196	60265.150	60167.290	60220.345	60497.535	59855.028	59313.773
68.000	18202.000	0.000	16736.000	57634.434	3667859693.147	61606.129	61167.947	62220.231	61755.777	61685.778	59661.250	60788.957	59964.260	60986.939	61210.947
68.000	18214.000	0.000	16736.000	59997.314	3667859693.223	58280.581	58651.558	58736.620	59900.321	59459.585	59740.045	59759.520	59670.449	59622.440	59427.120
68.000	18242.000	0.000	16752.000	55200.154	3667859693.450	56861.935	57090.285	56714.715	57184.017	57271.464	57602.979	57517.366	57499.325	57490.783	57396.989
68.000	18433.000	0.000	16931.000	33036.424	3667859695.692	32966.694	32986.051	31338.529	45786.906	46987.712	44375.188	45174.632	44571.672	44631.071	45071.745
68.000	18581.000	0.000	17067.000	14857.858	3667859697.366	15671.380	15969.648	17343.280	16313.726	16295.560	15975.947	15546.241	16328.028	16646.263	16561.411
68.000	18830.000	0.000	17304.000	16380.630	3667859700.254	18226.445	18862.622	19350.661	18193.598	14918.124	16767.269	17109.922	17173.109	17178.446	17145.803
68.000	19081.000	0.000	17543.000	17271.810	3667859703.217	17329.904	17355.119	17094.303	17406.553	17534.847	21495.135	21845.258	17515.359	17187.177	17524.877
68.000	19371.000	0.000	17821.000	24111.902	3667859706.636	33711.760	36177.995	39776.211	37473.792	37718.093	34499.823	37147.259	38156.507	37408.991	41010.304
68.000	19585.000	0.000	18023.000	20860.195	3667859709.097	22535.435	22559.958	22569.167	22556.597	23043.098	22618.854	22514.167	22580.434	19808.928	18798.280
68.000	19876.000	0.000	18302.000	9678.449	3667859712.535	9763.860	9780.640	9785.641	9806.250	9833.882	9835.798	9828.249	9807.796	9824.783	9803.959
68.000	20145.000	0.000	18559.000	11931.065	3667859715.718	11975.245	11924.856	11703.902	11670.098	11675.575	11493.490	10990.320	11367.599	11492.201	11392.176
68.000	20399.000	0.000	18801.000	9795.411	3667859718.731	9705.094	9688.491	9710.804	9754.208	10224.436	10257.649	10193.763	10233.087	10237.448	10253.089
68.000	20671.000	0.000	19061.000	9408.789	3667859721.921	9409.450	9447.018	9453.838	9493.030	9464.782	9432.205	9425.594	9412.476	9501.317	9445.019
68.000	20943.000	0.000	19321.000	7820.120	3667859725.097	7825.585	7822.983	7798.845	7820.208	7918.293	7889.416	7822.421	7801.098	7794.116	8012.008
68.000	21232.000	0.000	19598.000	7614.518	3667859728.515	7689.002	7767.036	7839.058	7663.136	7832.941	7862.772	7923.427	7725.825	7917.483	7873.170
68.000	21482.000	0.000	19836.000	7034.131	3667859731.440	7075.931	7061.799	7076.147	7075.586	7038.438	7056.606	7045.230	7033.151	7027.404	7031.149
68.000	21777.000	0.000	20119.000	6991.756	3667859734.921	7000.919	7130.427	7086.325	7107.931	7088.330	7115.264	7124.958	6937.208	6924.781	6970.348
68.000	22067.000	0.000	20397.000	6488.069	3667859738.345	6558.748	6568.854	6572.251	6581.267	6573.268	6575.427	6577.600	6501.209	6525.411	6463.939
68.000	22355.000	0.000	20673.000	6569.015	3667859741.757	6583.269	6591.866	6598.135	6578.731	6598.485	6590.881	6626.594	6600.086	6599.510	6598.510
68.000	22655.000	0.000	20961.000	6130.112	3667859745.303	6034.597	6046.225	6093.828	6080.371	6088.662	6084.992	6085.375	6083.185	6085.991	6081.666
68.000	22926.000	0.000	21220.000	6520.146	3667859748.487	6374.864	6475.476	6473.586	6643.671	6674.493	6641.340	6535.917	6572.834	6557.266	6582.834
68.000	23248.000	0.000	21530.000	6193.313	3667859752.285	6226.461	6167.169	6128.839	6135.663	6094.874	6102.872	6099.687	6109.413	6090.120	6095.759
68.000	23551.000	0.000	21821.000	6323.694	3667859755.866	6333.687	6196.640	6184.790	6172.470	6167.802	6177.363	6162.346	6166.252	6177.506	6170.458
68.000	23915.000	0.000	22173.000	5719.388	3667859760.169	5707.298	5703.924	5704.858	5677.509	5691.444	5708.065	5685.331	5699.565	5706.092	5694.542
68.000	24212.000	0.000	22458.000	5722.094	3667859763.686	5755.472	5756.728	5752.164	5746.546	5759.527	5758.232	5756.966	5720.027	5717.726	5739.368
68.000	24459.000	0.000	22693.000	5572.466	3667859766.594	5641.789	5643.764	5668.435	5657.056	5686.806	5648.377	5661.267	5651.401	5642.932	5595.393
68.000	24806.000	0.000	23028.000	5305.604	3667859770.728	5305.482	5280.275	5286.229	5281.195	5288.356	5293.098	5300.622	5280.331	5288.549	5338.924
68.000	25126.000	0.000	23336.000	5346.931	3667859774.500	5348.943	5347.506	5340.872	5337.385	5340.160	5323.574	5340.708	5338.907	5330.287	5343.404
68.000	25402.000	0.000	23600.000	5238.895	3667859777.756	5323.607	5274.813	5247.886	5355.012	5260.981	5254.798	5253.443	5291.522	5238.588	5320.906
68.000	25689.000	0.000	23875.000	5233.794	3667859781.144	5228.640	5190.227	5194.841	5206.863	5200.736	5220.638	5234.604	5219.457	5202.880	5205.727
68.000	25977.000	0.000	24151.000	5272.346	3667859784.543	5274.182	5287.898	5280.955	5303.551	5251.494	5260.791	5309.308	5301.291	5320.874	5310.295
68.000	26295.000	0.000	24457.000	54677.615	3667859788.301	56058.394	53613.757	55364.236	50855.843	48098.603	46522.021	46678.516	46907.976	47668.740	47387.267
68.000	26441.000	0.000	24591.000	62997.885	3667859789.966	63185.314	63027.525	63378.475	62981.937	63104.035	63410.783	62339.390	63157.816	63285.197	63335.832
68.000	26453.000	0.000	24591.000	63029.807	3667859790.044	64241.180	63265.655	61989.892	63228.902	62852.370	63160.107	63303.600	62743.674	62868.253	63122.333
68.000	26465.000	0.000	24591.000	62272.516	3667859790.117	62716.559	63074.322	62784.391	62975.104	62750.456	63120.045	63285.197	62847.833	62897.771	63420.020
68.000	26477.000	0.000	24591.000	63169.271	3667859790.192	63065.186	63002.443	63014.982	62894.364	62791.182	62852.370	62242.469	63239.235	63187.607	62950.064
68.000	26489.000	0.000	24591.000	63298.998	3667859790.268	62987.632	62820.628	62580.209	63070.896	62850.102	64932.216	62892.093	62816.096	62917.087	63576.301
68.000	26501.000	0.000	24591.000	63301.299	3667859790.347	63456.995	63277.148	63257.611	63938.100	63240.383	63242.679	62938.689	63282.897	65488.945	63459.307
68.000	26513.000	0.000	24591.000	64671.793	3667859790.423	63616.944	63712.369	62926.180	63485.912	63294.397	63446.591	63338.136	62389.641	63310.504	63285.197
68.000	26525.000	0.000	24591.000	62466.849	3667859790.497	63292.097	63417.711	63377.322	65937.755	63413.092	63269.102	63808.081	63000.164	63282.897	62334.928
68.000	26537.000	0.000	24591.000	62485.900	3667859790.572	63362.333	63409.629	63598.358	63951.014	63476.655	63338.136	65779.601	63253.016	63258.760	63272.550
68.000	26549.000	0.000	24591.000	63406.166	3667859790.649	63049.203	63332.377	65981.474	64494.557	62564.471	63393.471	63205.954	62362.831	65202.068	63342.743
68.000	26561.000	0.000	24591.000	62509.451	3667859790.724	63590.230	63531.074	62566.718	63561.218	63453.527	63034.369	63884.154	62820.628	63500.959	63448.903
68.000	26573.000	0.000	24591.000	63176.146	3667859790.802	63084.604	63350.808	63562.378	63038.933	63441.969	63390.010	65731.186	63323.166	63371.556	62194.677
68.000	26585.000	0.000	24591.000	63480.126	3667859790.878	63590.230	63481.283	64245.920	63790.551	63652.986	63459.307	63512.538	65010.995	63320.863	63481.283
68.000	26597.000	0.000	24591.000	64119.368	3667859790.972	63826.790	63713.535	63742.686	63469.715	63738.020	63279.448	63768.360	62839.896	62727.854	63600.681
68.000	26609.000	0.000	24591.000	63558.899	3667859791.068	63312.806	63990.962	63360.028	63655.313	65821.867	63078.892	63573.980	63267.953	65629.623	66145.626
68.000	26621.000	0.000	24591.000	52901.230	3667859791.164	53260.404	53081.827	53209.956	53082.636	52880.348	53087.491	53030.103	52592.095	52868.308	53106.918
68.000	26860.000	0.000	24818.000	50172.344	3667859793.932	50233.127	49609.927	49868.478	49790.772	49602.861	50683.413	49271.656	48606.056	48555.912	48628.450
68.000	26982.000	0.000	24928.000	47442.778	3667859795.319	52885.968	52302.256	52353.357	52508.844	52137.840	52603.216	63267.953	63171.562	63485.912	62999.025
68.000	26994.000	0.000	24928.000	54606.464	3667859795.394	67949.668	61010.442	67675.049	67801.520	67182.919	67414.383	64532.796	65139.877	63518.330	65109.434
68.000	27006.000	0.000	24928.000	50773.552	3667859795.471	45210.402	50475.546	50870.699	50957.778	51187.692	51375.699	51255.487	50946.597	50584.775	50422.203
68.000	27148.000	0.000	25058.000	37652.852	3667859797.082	37518.600	37327.205	37384.498	37535.582	37267.295	37304.416	37234.228	37312.009	36049.932	36160.342
68.000	27390.000	0.000	25288.000	37192.083	3667859799.919	38595.394	39141.905	41535.557	41119.240	41110.989	40505.706	39827.153	39681.498	39709.095	39454.498
68.000	27632.000	0.000	25518.000	31693.564	3667859802.723	31764.669	31834.348	31684.337	31868.427	31312.328	31433.844	31336.274	31147.675	31036.929	30593.646
68.000	27908.000	0.000	25782.000	35060.339	3667859805.991	35320.598	38184.953	39864.532	37959.807	30385.464	31697.890	31164.676	31014.543	31080.412	29606.217
68.000	28082.000	0.000	25944.000	17259.144	3667859807.991	18958.622	17121.698	17183.870	17222.191	17292.820	17307.772	17199.399	19412.785	19300.905	19192.635
68.000	28285.000	0.000	26135.000	13181.063	3667859810.356	13144.055	15162.242	16054.817	16205.110	16130.883	15799.554	15857.388	15891.538	15721.959	15927.874
68.000	28500.000	0.000	26338.000	13802.008	3667859812.860	13796.267	13781.910	13548.173	13593.276	13747.259	13948.260	13952.562	13950.159	14012.738	14027.920
68.000	28690.000	0.000	26516.000	17255.809	3667859815.042	15733.038	16168.549	16335.303	16350.793	16353.864	16317.548	16744.215	17178.785	17150.700	17180.310
68.000	28956.000	0.000	26770.000	13099.859	3667859818.194	16349.488	16196.594	17538.732	16959.707	17672.217	16844.467	16264.665	16572.680	16426.984	16277.435
68.000	29176.000	0.000	26978.000	8806.372	3667859820.755	8661.677	8602.609	8772.171	8770.161	8755.060	8757.592	8887.448	8928.342	8666.656	9039.616
68.000	29444.000	0.000	27234.000	8601.908	3667859823.901	8677.862	8817.452	8605.606	8797.830	8589.922	8724.860	8689.098	8810.627	8826.413	8972.411
68.000	29688.000	0.000	27466.000	8737.095	3667859826.802	9167.867	9104.599	9284.661	9284.364	9265.174	9094.827	9437.342	9418.075	9460.489	9415.147
68.000	29931.000	0.000	27697.000	7888.612	3667859829.609	7898.612	7888.576	7825.233	7643.779	7772.218	7748.909	7749.461	7725.277	7683.591	7664.670
68.000	30219.000	0.000	27973.000	7216.141	3667859833.002	7474.268	7514.048	7480.160	7454.640	7474.317	7351.252	7408.639	7441.484	7452.997	7412.628
68.000	30527.000	0.000	28269.000	7858.248	3667859836.638	7883.291	7868.421	7806.694	7846.352	7907.309	7909.734	8029.426	8041.624	8040.232	8059.414
68.000	30795.000	0.000	28525.000	7339.030	3667859839.771	7333.328	7321.782	7357.696	7345.113	7378.099	7359.935	7363.950	7374.381	7358.956	7185.044
68.000	31062.000	0.000	28780.000	6807.730	3667859842.930	6876.045	6928.446	6943.446	6854.232	6920.819	6919.554	6924.534	6927.770	6926.007	6928.308
68.000	31379.000	0.000	29085.000	6851.589	3667859846.667	6787.406	6792.701	6710.539	6710.022	6719.679	6584.053	6540.655	6552.665	6561.120	6540.348
68.000	31696.000	0.000	29390.000	6078.058	3667859850.405	6069.849	6064.079	6026.098	5981.330	6050.216	6042.868	6054.897	6040.940	6041.160	6100.596
68.000	31982.000	0.000	29664.000	6263.648	3667859853.789	6268.225	6403.238	6418.069	6220.523	6219.823	6213.454	6214.219	6215.905	6213.809	6218.679
68.000	32300.000	0.000	29970.000	6647.310	3667859857.531	6618.711	6673.279	6664.659	6664.621	6671.285	6635.267	6644.735	6766.348	6831.713	6835.037
68.000	32589.000	0.000	30247.000	5894.837	3667859860.949	5967.699	5973.257	6010.188	5997.387	6008.571	6007.970	6007.358	6000.745	6001.086	6006.612
68.000	32912.000	0.000	30558.000	6164.255	3667859864.754	6206.346	6170.851	6217.625	6171.956	6174.768	6198.636	6210.131	6118.310	6200.490	6006.146
68.000	33165.000	0.000	30799.000	5955.618	3667859867.770	5793.575	5788.992	5793.739	5800.339	5781.784	5790.897	5790.647	5782.888	5792.708	5790.156
68.000	33455.000	0.000	31077.000	5546.899	3667859871.204	5593.245	5606.553	5615.755	5600.665	5588.955	5612.769	5606.950	5613.357	5609.930	5617.249
68.000	33748.000	0.000	31358.000	5470.759	3667859874.654	5461.940	5387.191	5372.897	5439.030	5404.922	5413.558	5374.124	5384.442	5404.151	5379.910
68.000	34048.000	0.000	31646.000	5449.915	3667859878.185	5427.198	5491.417	5452.065	5450.921	5432.175	5428.340	5430.583	5513.095	5529.506	5500.940
68.000	34367.000	0.000	31953.000	5437.841	3667859881.964	5462.565	5469.711	5454.686	5454.823	5462.154	5460.287	5459.851	5469.058	5460.861	5462.154
68.000	34676.000	0.000	32250.000	5217.455	3667859885.617	5211.350	5207.735	5208.934	5204.490	5231.333	5232.214	5224.843	5237.832	5229.150	5229.927
68.000	34947.000	0.000	32509.000	5098.762	3667859888.787	5183.507	5125.881	5088.661	5132.573	5133.390	5079.384	5081.889	5095.264	5081.934	5104.015
68.000	35270.000	0.000	32820.000	62923.907	3667859892.616	59107.424	58397.842	59020.285	57443.374	57990.445	58681.203	57580.124	59674.538	58447.821	60461.828
68.000	35282.000	0.000	32820.000	59930.211	3667859892.692	59540.901	59676.583	59953.938	60100.844	64652.585	58634.772	60328.826	58501.816	58698.015	58381.201
68.000	35471.000	0.000	32997.000	61136.810	3667859894.859	60860.125	60738.074	60669.304	61078.916	60694.678	61200.191	61136.810	60583.825	60914.409	60886.723
68.000	35483.000	0.000	32997.000	60764.565	3667859894.935	61166.873	60878.209	60758.205	60837.801	60344.504	60967.723	60188.085	60659.795	60375.886	60390.541
68.000	35495.000	0.000	32997.000	62397.465	3667859895.011	61330.588	61070.348	60839.926	61338.149	61090.700	61775.493	61440.941	61903.954	61511.472	61264.781
68.000	35507.000	0.000	32997.000	61885.256	3667859895.089	61042.520	60827.176	60819.741	60436.649	61056.431	61133.591	60740.192	60683.046	60988.007	61200.191
68.000	35519.000	0.000	32997.000	60271.407	3667859895.168	60366.468	61601.770	61308.996	61466.965	60351.824	60278.709	60859.061	60548.016	61126.081	61008.304
68.000	35531.000	0.000	32997.000	62464.608	3667859895.245	60298.537	60854.808	60825.051	61166.873	60906.953	61265.859	61120.718	60715.839	60659.795	61021.131
68.000	35543.000	0.000	32997.000	60592.257	3667859895.322	60506.994	60733.837	60113.291	60054.211	60902.693	60796.385	60939.988	60915.475	60937.856	61035.032
68.000	35555.000	0.000	32997.000	60800.630	3667859895.418	60867.570	60950.653	60671.418	61030.754	61024.338	61096.058	61377.061	61249.698	61372.735	61582.165
68.000	35567.000	0.000	32997.000	60622.841	3667859895.511	61161.503	60345.550	60324.646	60610.182	61038.241	60452.384	60331.961	61036.101	60945.320	61379.224
68.000	35579.000	0.000	32997.000	60978.397	3667859895.603	60983.736	60802.753	60656.625	61660.661	61521.251	60925.065	60735.955	61203.418	61071.419	60713.722
68.000	35591.000	0.000	32997.000	60787.896	3667859895.697	60981.600	60728.542	60548.016	61142.177	61182.990	61229.240	61209.871	61141.103	60554.332	60863.315
68.000	35603.000	0.000	32997.000	61291.734	3667859895.773	61060.712	60853.745	61153.985	61483.240	60791.079	63533.392	61411.692	61224.935	61709.822	61140.030
68.000	35615.000	0.000	32997.000	61393.289	3667859895.850	61266.937	61398.701	61633.383	61306.838	60851.619	60791.079	61021.131	61522.337	60933.591	61631.201
68.000	35627.000	0.000	32997.000	58540.163	3667859895.935	57966.317	58515.576	58345.016	58359.681	58262.058	58884.581	60477.576	60492.281	60397.872	60242.218
68.000	35639.000	0.000	32997.000	66791.265	3667859896.012	66411.747	66216.047	66663.427	66733.677	65956.484	66335.855	66217.306	66047.788	66192.137	66126.788
68.000	35651.000	0.000	32997.000	61341.389	3667859896.089	61516.904	61338.149	61299.285	61633.383	61147.544	61352.195	61755.777	61409.526	61401.948	61377.061
68.000	35663.000	0.000	32997.000	55752.403	3667859896.166	56130.668	52926.955	53330.538	53126.359	53489.428	53808.403	56333.119	55825.679	56695.328	55373.919
68.000	35711.000	0.000	33033.000	52523.097	3667859896.599	53705.520	53324.823	52194.094	50236.750	52078.591	52623.880	52644.560	52703.509	52933.390	52901.230
68.000	36000.000	0.000	33310.000	15295.144	3667859900.027	15785.161	15867.791	16208.805	16076.901	16302.120	16206.241	16187.260	16170.351	16182.823	16201.868
68.000	36250.000	0.000	33548.000	37502.037	3667859902.981	36668.956	36005.584	36418.965	36652.749	36535.100	36489.169	36137.831	36581.915	36552.354	42476.726
68.000	36445.000	0.000	33731.000	42796.669	3667859905.210	43238.705	41042.199	41811.793	43083.064	41761.659	33864.833	55712.272	55896.457	55517.790	55528.412
68.000	36650.000	0.000	33924.000	17505.236	3667859907.581	17884.375	17265.817	17744.424	17204.071	17106.477	17057.216	18096.611	17193.031	17025.615	16826.402
68.000	36890.000	0.000	34152.000	25834.947	3667859910.392	17901.197	34831.035	17974.363	18084.490	18252.329	18108.937	38604.805	38537.743	17854.488	38553.953
68.000	37146.000	0.000	34396.000	15193.726	3667859913.414	14846.838	14870.990	16144.118	14927.011	14787.773	16908.989	25632.459	22151.751	21519.173	21661.707
68.000	37349.000	0.000	34587.000	17889.979	3667859915.738	17091.031	16843.897	16850.335	16822.176	16895.455	16741.962	16792.896	16490.683	16796.702	16834.291
68.000	37527.000	0.000	34753.000	15387.924	3667859917.775	15637.677	15656.516	15489.548	15755.670	15541.385	14651.047	15540.275	15517.151	15538.750	15538.611
68.000	37771.000	0.000	34985.000	12222.814	3667859920.664	12347.916	12431.344	12440.402	12411.498	12398.288	13593.116	13575.474	13597.521	13581.614	13564.212
68.000	38039.000	0.000	35241.000	9597.137	3667859923.774	9673.503	9536.959	9626.181	9587.257	9605.501	9587.468	9599.068	9509.618	9517.128	9741.440
68.000	38241.000	0.000	35431.000	9410.822	3667859926.126	10163.452	10150.035	10120.718	10150.360	9790.263	9767.885	9786.796	9900.382	9903.619	9882.460
68.000	38502.000	0.000	35680.000	9274.549	3667859929.188	9306.244	9293.208	9198.617	8921.824	8950.253	9009.336	8957.089	8965.713	8952.876	8956.560
68.000	38748.000	0.000	35914.000	10036.985	3667859932.041	10033.313	10256.109	10231.945	10216.248	10392.689	10435.223	10376.496	10382.373	10369.113	10360.815
68.000	39033.000	0.000	36187.000	7972.414	3667859935.430	8622.415	8632.459	8618.361	8617.167	8611.394	8632.887	8639.976	8628.033	8614.823	8636.334
68.000	39324.000	0.000	36466.000	8603.396	3667859938.867	8580.547	8798.519	8950.575	8772.061	8786.312	8756.623	8631.197	8552.944	8544.363	8573.978
68.000	39544.000	0.000	36674.000	7624.202	3667859941.436	7651.117	7631.318	7925.482	7996.428	7996.465	7967.563	7998.724	7970.243	7978.916	8026.576
68.000	39817.000	0.000	36935.000	7438.877	3667859944.644	7464.289	7357.168	7310.824	7362.424	7322.782	7411.146	7400.265	7391.847	7367.486	7457.912
68.000	40108.000	0.000	37214.000	6752.941	3667859948.083	6738.009	6756.635	6766.125	6738.973	6763.339	6770.886	6758.431	6753.478	6749.316	6766.822
68.000	40423.000	0.000	37517.000	6320.986	3667859951.811	6363.508	6356.934	6408.327	6369.000	6351.590	6383.334	6394.491	6425.363	6435.716	6421.643
68.000	40740.000	0.000	37822.000	6304.259	3667859955.584	6398.709	6434.646	6451.594	6444.504	6436.881	6455.505	6427.070	6400.825	6412.728	6427.236
68.000	41034.000	0.000	38104.000	6012.045	3667859959.025	6027.485	6018.497	6025.452	6064.184	6067.227	6028.038	6009.587	6046.928	6010.354	6004.955
68.000	41332.000	0.000	38390.000	6387.338	3667859962.531	6393.282	6386.483	6409.035	6408.056	6400.366	6404.132	6485.025	6404.886	6442.525	6406.052
68.000	41632.000	0.000	38678.000	5875.644	3667859966.053	5962.510	6026.067	6004.686	6026.401	6000.517	6034.921	5998.378	6010.074	5995.115	5882.124
68.000	41954.000	0.000	38988.000	5898.810	3667859969.862	5833.916	5846.489	5838.737	5838.903	5822.203	5841.655	5829.922	5855.473	5860.606	5845.498
68.000	42272.000	0.000	39294.000	5572.252	3667859973.602	5569.624	5583.946	5549.241	5566.944	5509.729	5523.193	5520.969	5532.669	5536.855	5584.913
68.000	42591.000	0.000	39601.000	5541.903	3667859977.363	5481.496	5558.779	5567.042	5570.817	5593.299	5553.381	5546.934	5545.530	5564.623	5560.980
68.000	42931.000	0.000	39929.000	5501.600	3667859981.381	5515.750	5523.272	5452.910	5421.201	5409.590	5434.591	5458.721	5443.356	5423.607	5428.239
68.000	43276.000	0.000	40262.000	5339.325	3667859985.501	5451.100	5376.007	5393.564	5357.764	5386.508	5381.065	5374.671	5435.855	5350.258	5382.379
68.000	43571.000	0.000	40545.000	5498.352	3667859988.985	5498.422	5512.083	5504.609	5489.729	5616.280	5511.534	5503.713	5525.313	5505.357	5506.550
68.000	43894.000	0.000	40856.000	5220.810	3667859992.817	5233.102	5230.092	5229.111	5229.990	5232.976	5231.310	5222.681	5228.200	5236.351	5236.028
68.000	44214.000	0.000	41164.000	5437.077	3667859996.586	5485.804	5495.854	5467.573	5474.603	5475.446	5484.923	5500.011	5492.655	5487.636	5471.808
68.000	44509.000	0.000	41447.000	66227.379	3667860000.071	68647.418	68721.914	69009.215	68609.555	68388.621	68583.886	68431.618	68639.301	68492.175	67790.962
68.000	44521.000	0.000	41447.000	68614.962	3667860000.155	68353.725	66713.225	62827.427	62783.259	63043.497	62769.681	65407.776	63225.459	63644.844	63129.197
68.000	44533.000	0.000	41447.000	66713.225	3667860000.240	62768.550	66440.885	66750.303	66724.728	66922.165	66863.068	67116.894	66672.360	66585.686	66850.235
68.000	44545.000	0.000	41447.000	66476.392	3667860000.321	66565.325	66486.544	66423.146	66802.794	66452.294	67141.476	66832.276	66685.125	67169.963	66859.217
68.000	44557.000	0.000	41447.000	66435.816	3667860000.401	66285.357	66636.643	66552.606	66325.749	66229.897	66217.306	66179.560	67098.792	66839.971	66813.046
68.000	44569.000	0.000	41447.000	48084.658	3667860000.476	47388.556	48030.285	49004.068	50491.644	48100.596	48141.151	47974.052	48186.441	49275.142	48793.311
68.000	44860.000	0.000	41726.000	50734.354	3667860003.915	61299.285	50702.596	50666.455	50687.101	50696.692	50675.301	50499.697	61666.119	50836.544	61393.289
68.000	44875.000	0.000	41729.000	50852.873	3667860004.028	62093.776	59227.032	62109.278	50471.158	61896.254	62048.422	61905.055	61963.424	61906.155	62050.633
68.000	44888.000	0.000	41730.000	61416.023	3667860004.117	61433.355	61504.955	61551.693	61550.605	61638.836	61352.195	61610.488	52775.382	56513.185	50501.894
68.000	44900.000	0.000	41730.000	61544.079	3667860004.197	61600.681	61504.955	61507.127	61898.454	61978.861	50732.876	61850.089	62063.901	62038.475	50858.813
68.000	44912.000	0.000	41730.000	50904.155	3667860004.274	50868.470	62321.543	62280.311	62387.406	51024.218	51262.276	50753.575	61559.308	62355.015	62194.677
68.000	44924.000	0.000	41730.000	50940.636	3667860004.354	62216.897	62634.227	62288.107	62381.819	51024.218	51087.833	62455.647	62386.288	62275.856	50862.527
68.000	44938.000	0.000	41732.000	51030.946	3667860004.454	51082.588	62566.718	62521.794	50965.980	50903.411	62471.330	51011.513	50951.814	51010.019	50858.071
68.000	44953.000	0.000	41735.000	51063.865	3667860004.559	62179.132	62094.883	50890.024	62286.993	50775.032	61977.758	50789.100	50805.399	50556.139	62401.936
68.000	44966.000	0.000	41736.000	62504.964	3667860004.660	62397.465	62246.919	62185.793	62095.990	51036.180	62140.305	61932.574	61764.538	62067.219	61876.461
68.000	44979.000	0.000	41737.000	50936.166	3667860004.768	54507.334	50912.340	51010.766	59819.048	50919.039	50894.485	62255.820	62131.437	54468.975	62132.545
68.000	44994.000	0.000	41740.000	61713.103	3667860004.891	61772.206	62275.856	61884.156	62000.927	50990.603	61797.415	50812.069	50822.450	50689.314	62215.785
68.000	45006.000	0.000	41740.000	39020.873	3667860004.986	38976.770	32920.266	33010.436	33009.811	33010.124	33095.441	33004.806	33004.493	32915.600	33016.069
68.000	45222.000	0.000	41944.000	65778.358	3667860007.445	65153.281	63236.938	63165.834	63269.102	63188.753	63072.038	63380.781	62238.020	61104.633	61238.929
68.000	45234.000	0.000	41944.000	55471.812	3667860007.521	55874.039	55936.853	55773.829	55719.402	55721.185	55714.054	55783.656	53046.256	52468.502	55670.419
68.000	45272.000	0.000	41970.000	33977.818	3667860007.846	34523.077	33491.650	33140.472	34303.427	34276.083	40512.302	40635.665	40712.614	40430.475	40271.534
68.000	45564.000	0.000	42250.000	26708.209	3667860011.295	33421.911	33306.534	33212.841	33780.749	33745.075	33862.528	33824.053	33839.498	33829.966	33978.149
68.000	45902.000	0.000	42576.000	54936.342	3667860015.327	53207.518	50994.336	50890.767	50526.070	50829.125	50738.788	51144.847	50328.215	50586.979	50696.692
68.000	45933.000	0.000	42595.000	17253.928	3667860015.583	16954.836	17382.750	18139.494	15908.523	15473.376	15325.968	15492.717	16480.071	16400.067	16414.443
68.000	46178.000	0.000	42828.000	20997.903	3667860018.405	21041.033	20314.870	21472.607	21276.897	20993.094	21374.960	21218.050	21129.748	20967.944	21567.143
68.000	46327.000	0.000	42965.000	20037.764	3667860020.104	20456.498	19810.731	20057.496	20522.672	19772.493	16426.442	21979.114	21988.271	22066.703	22036.685
68.000	46520.000	0.000	43146.000	11920.244	3667860022.359	11938.754	11921.101	11938.222	11929.921	11907.204	11638.161	11629.069	11622.898	11616.928	11641.507
68.000	46700.000	0.000	43314.000	11170.794	3667860024.417	11082.078	11551.430	11539.987	11604.891	11586.360	11135.544	10643.618	11116.600	10848.531	10787.713
68.000	46899.000	0.000	43501.000	11608.023	3667860026.689	11972.858	11880.884	12312.515	12058.664	12092.072	12062.381	12044.902	12457.488	12042.903	12004.095
68.000	47146.000	0.000	43736.000	9141.782	3667860029.616	9431.260	9415.580	9438.058	9417.031	9444.968	9435.015	9420.240	9442.715	9436.319	8877.775
68.000	47318.000	0.000	43896.000	11080.386	3667860031.575	11065.882	11080.844	11075.418	11087.017	11103.842	11125.904	11119.013	12901.158	12936.665	12922.650
68.000	47533.000	0.000	44099.000	10609.219	3667860034.051	10772.865	10774.598	10901.365	10856.951	10752.379	11159.806	11176.386	11131.558	11138.856	11154.302
68.000	47849.000	0.000	44403.000	8089.495	3667860037.800	8143.018	8170.065	8145.246	8138.604	8114.334	8171.676	8152.777	8162.311	8165.775	8194.323
68.000	48172.000	0.000	44714.000	7979.976	3667860041.656	7995.382	8009.337	7990.668	8043.370	7990.668	7914.335	7529.464	7520.912	7522.487	7498.341
68.000	48471.000	0.000	45001.000	7079.455	3667860045.177	7078.433	7071.865	7073.962	7065.266	7136.608	7080.908	7059.996	7047.567	7066.628	7046.912
68.000	48741.000	0.000	45259.000	7145.905	3667860048.320	7191.348	7160.508	7154.375	7145.935	7142.725	7169.219	7118.376	7117.212	7137.046	7118.041
68.000	48988.000	0.000	45494.000	7271.840	3667860051.220	7349.468	7742.088	7927.755	7907.704	7905.228	7753.411	7425.350	7408.797	7421.616	7417.648
68.000	49255.000	0.000	45749.000	6791.138	3667860054.381	6753.098	6747.459	6747.172	6795.550	6787.340	6754.067	6799.703	6806.746	6785.859	6789.338
68.000	49545.000	0.000	46027.000	7107.597	3667860057.800	7191.452	7129.172	7162.054	7151.642	7138.670	7124.724	7247.599	7247.328	7211.240	7211.972
68.000	49834.000	0.000	46304.000	6635.001	3667860061.226	6742.966	6734.113	6699.309	6627.363	6601.074	6648.604	6672.588	6651.931	6727.701	6614.990
68.000	50158.000	0.000	46616.000	6187.580	3667860065.052	6174.604	6201.009	6218.746	6203.859	6259.787	6279.583	6134.420	6118.966	6119.901	6132.228
68.000	50419.000	0.000	46865.000	5974.948	3667860068.105	5987.232	5976.444	5981.063	5984.557	6043.476	5989.239	5990.960	5992.135	5990.259	5995.219
68.000	50758.000	0.000	47192.000	5796.207	3667860072.144	6026.839	5992.671	5983.632	5983.837	5987.345	6022.535	5995.177	6006.757	5994.445	5996.674
68.000	51056.000	0.000	47478.000	5978.476	3667860075.663	5984.773	5976.403	6078.026	6094.799	6065.272	6051.436	6148.986	6099.506	6118.718	6050.563
68.000	51368.000	0.000	47778.000	5824.842	3667860079.356	5865.541	5792.718	5846.156	5844.753	5846.018	5794.693	5813.593	5826.323	5815.709	5878.232
68.000	51661.000	0.000	48059.000	5520.322	3667860082.814	5525.927	5555.791	5602.476	5578.178	5651.612	5618.871	5737.279	5700.834	5675.103	5726.732
68.000	51995.000	0.000	48381.000	5466.131	3667860086.807	5472.100	5457.977	5463.610	5508.100	5497.458	5482.471	5479.331	5470.570	5472.599	5469.307
68.000	52336.000	0.000	48710.000	5327.727	3667860090.866	5307.657	5336.053	5336.927	5350.151	5336.331	5313.665	5319.501	5318.802	5421.496	5325.764
68.000	52630.000	0.000	48992.000	5277.834	3667860094.349	5285.828	5318.802	5321.158	5320.094	5317.827	5353.917	5355.070	5362.870	5416.362	5342.920
68.000	52953.000	0.000	49303.000	5279.178	3667860098.205	5279.338	5330.556	5333.618	5296.599	5280.891	5280.747	5361.409	5340.102	5337.966	5343.609
68.000	53300.000	0.000	49638.000	5163.542	3667860102.330	5174.143	5116.423	5111.678	5142.220	5094.928	5120.892	5101.435	5103.170	5100.345	5118.799
68.000	53620.000	0.000	49946.000	64228.149	3667860106.119	55504.519	55282.512	55268.476	55109.320	55157.320	55299.189	55196.655	55020.522	55237.798	55023.999
68.000	53844.000	0.000	50158.000	60441.893	3667860108.722	60728.542	60577.503	60063.532	59949.811	60256.809	60096.696	60190.165	60290.187	60111.216	60239.093
68.000	53856.000	0.000	50158.000	60636.561	3667860108.817	59226.025	59096.393	59155.611	59098.398	58895.534	58406.656	58836.835	57717.526	57893.090	57805.654
68.000	54055.000	0.000	50345.000	62580.209	3667860111.106	62483.658	62504.964	62565.595	62529.651	62565.595	62358.364	62510.573	62534.142	62429.899	62431.018
68.000	54067.000	0.000	50345.000	62485.900	3667860111.182	62298.134	62738.023	62384.053	62575.711	62361.714	62375.116	62184.683	62256.932	62507.207	62406.409
68.000	54079.000	0.000	50345.000	62504.964	3667860111.259	62454.527	62107.063	62299.248	62386.288	62264.723	62302.592	63394.625	62525.161	62534.142	62583.582
68.000	54091.000	0.000	50345.000	62131.437	3667860111.338	63257.611	63311.655	63380.781	63296.698	63293.247	62406.409	62586.956	62434.376	62537.510	62666.908
68.000	54103.000	0.000	50345.000	62489.264	3667860111.415	62284.765	62465.728	62348.318	62571.215	62506.085	63049.203	62474.692	62455.647	62629.722	62224.677
68.000	54115.000	0.000	50345.000	62169.143	3667860111.489	63207.101	62111.493	62420.949	62298.134	62148.066	62341.622	62612.833	62436.614	62395.229	62163.595
68.000	54127.000	0.000	50345.000	62442.211	3667860111.565	62478.054	62451.168	62302.592	63179.584	63380.781	63339.288	63343.895	63381.935	63212.837	63429.260
68.000	54139.000	0.000	50345.000	63165.834	3667860111.639	62953.477	63043.497	63208.248	62322.658	62518.427	62454.527	62128.112	62248.031	62195.787	62261.384
68.000	54151.000	0.000	50345.000	62618.462	3667860111.716	62589.205	62864.849	62881.873	62988.771	63050.345	63149.800	62864.849	63110.895	63129.197	63109.752
68.000	54163.000	0.000	50345.000	62805.902	3667860111.802	62820.628	62911.404	62738.023	62744.804	62701.881	62822.894	62682.697	62818.362	62757.240	62747.065
68.000	54358.000	0.000	50528.000	57313.874	3667860114.095	57199.043	57072.511	57301.616	57008.055	56682.411	56745.208	56548.969	56392.405	57801.817	57825.808
68.000	54453.000	0.000	50611.000	58712.857	3667860115.079	58002.033	57992.376	59710.344	58095.878	58039.728	57789.350	57832.530	57869.043	57985.617	58025.224
68.000	54548.000	0.000	50694.000	54294.909	3667860116.151	53809.234	53671.589	54830.832	54724.866	54627.876	54706.815	54399.214	54638.159	54696.506	54687.918
68.000	54792.000	0.000	50926.000	60220.345	3667860119.000	63149.800	64075.723	62922.770	63484.754	63208.248	63180.730	62879.603	62960.305	62782.127	62831.961
68.000	54804.000	0.000	50926.000	62943.238	3667860119.087	62903.451	62812.698	62483.658	62403.055	62835.361	62539.756	62608.331	62318.198	63215.131	63086.890
68.000	54816.000	0.000	50926.000	68590.639	3667860119.189	67663.217	67611.990	67735.591	67739.543	67935.089	67810.760	67690.832	65081.452	65570.317	65220.382
68.000	54828.000	0.000	50926.000	68484.094	3667860119.276	68243.903	69557.727	68546.093	69007.847	69131.120	68624.425	69242.442	69131.120	69352.742	69242.442
68.000	54840.000	0.000	50926.000	31755.980	3667860119.356	32676.275	32055.554	32049.950	32138.671	31535.449	31666.189	31727.342	32116.148	31979.912	32023.134
68.000	55114.000	0.000	51188.000	42887.309	3667860122.600	36028.303	35946.499	36541.233	33154.983	32856.603	16242.290	34837.654	16267.324	16244.184	17570.584
68.000	55305.000	0.000	51367.000	43866.047	3667860124.789	43943.529	43850.031	43789.939	43729.461	43713.545	43605.185	43882.074	43848.927	43771.778	43845.615
68.000	55583.000	0.000	51633.000	72698.060	3667860128.081	71637.921	70646.925	70882.717	70595.376	70151.747	70230.961	71455.677	70424.087	70804.905	71073.647
68.000	55595.000	0.000	51633.000	34011.661	3667860128.157	34904.337	35403.533	35345.330	35565.492	35638.274	34737.933	34785.811	35047.638	34750.411	34760.468
68.000	55735.000	0.000	51761.000	21125.775	3667860129.728	25052.971	27476.189	24966.053	27776.384	24882.226	24943.882	26781.937	24845.839	25189.223	25245.091
68.000	55933.000	0.000	51947.000	15845.917	3667860131.996	16433.960	16939.581	16440.011	16470.174	16478.980	16614.263	16601.909	16275.990	15389.284	16010.390
68.000	56135.000	0.000	52137.000	15539.929	3667860134.305	16490.761	16564.956	16447.774	16584.201	16910.795	16722.509	16792.572	17252.390	17339.999	19089.442
68.000	56372.000	0.000	52362.000	15674.695	3667860137.108	15285.679	15524.413	15344.401	15338.049	15257.288	15481.699	15526.351	15255.350	15762.658	15478.052
68.000	56568.000	0.000	52546.000	12430.678	3667860139.352	15490.994	15031.955	14376.078	14728.367	14445.241	14361.022	18275.122	20812.081	20622.801	20622.801
68.000	56762.000	0.000	52728.000	10555.940	3667860141.607	10585.423	10634.616	10650.485	10638.416	10651.951	10636.207	10648.369	10615.848	10643.488	10652.049
68.000	56951.000	0.000	52905.000	9672.859	3667860143.833	9598.565	9673.047	9573.817	9444.891	9555.117	9535.680	9540.512	9523.972	9412.755	9440.155
68.000	57171.000	0.000	53113.000	9085.930	3667860146.351	9106.360	9110.672	9111.124	9106.836	9103.147	9098.985	9110.981	9107.622	9042.597	9071.353
68.000	57394.000	0.000	53324.000	8548.221	3667860148.960	8424.108	8458.621	8487.624	8489.548	8520.826	8543.168	8540.550	8838.710	8815.912	8801.343
68.000	57670.000	0.000	53588.000	7942.236	3667860152.183	7928.838	7952.409	8176.471	8122.281	8175.531	8181.023	8217.213	8170.085	8198.567	8182.984
68.000	57963.000	0.000	53869.000	8205.211	3667860155.632	8320.746	8453.058	8467.134	8467.505	8461.683	8445.372	8381.456	8354.776	8365.271	8346.348
68.000	58236.000	0.000	54130.000	7289.723	3667860158.824	7545.286	7433.321	7560.304	7552.779	7541.528	7552.419	7549.996	7548.360	7553.893	7552.534
68.000	58504.000	0.000	54386.000	6662.097	3667860161.991	6665.424	6664.315	6692.243	6690.417	6684.177	6687.771	6689.145	6700.843	6682.600	6687.540
68.000	58756.000	0.000	54626.000	6456.354	3667860164.974	6462.056	6477.583	6472.287	6482.514	6467.756	6473.021	6463.423	6466.555	6482.333	6482.068
68.000	59033.000	0.000	54891.000	6475.440	3667860168.248	6510.445	6566.489	6554.157	6535.280	6527.527	6520.109	6501.355	6549.461	6567.021	6553.454
68.000	59298.000	0.000	55144.000	5858.310	3667860171.342	5805.637	5823.430	5822.086	5815.379	5819.149	5826.752	5826.996	5822.310	5808.997	5833.329
68.000	59549.000	0.000	55383.000	6365.787	3667860174.280	6421.157	6336.579	6359.302	6393.576	6393.869	6391.429	6402.673	6392.531	6408.940	6389.799
68.000	59863.000	0.000	55685.000	5852.630	3667860177.984	5891.995	5890.888	5868.239	5852.128	5873.741	5921.697	5888.020	5908.847	5908.376	5878.986
68.000	60198.000	0.000	56008.000	5991.341	3667860181.957	5968.916	5978.250	6027.026	6059.163	6019.547	6023.837	6008.778	5998.130	6012.211	5986.336
68.000	60482.000	0.000	56280.000	5688.348	3667860185.294	5723.194	5670.982	5765.523	5677.102	5674.068	5686.667	5685.498	5708.888	5674.105	5673.578
68.000	60762.000	0.000	56548.000	5539.982	3667860188.596	5561.957	5586.400	5570.577	5586.123	5578.214	5573.403	5580.287	5573.126	5577.106	5605.316
68.000	61037.000	0.000	56811.000	5496.504	3667860191.850	5519.185	5614.822	5543.861	5520.007	5548.259	5540.457	5529.243	5527.120	5522.037	5526.971
68.000	61379.000	0.000	57141.000	5290.999	3667860195.906	5320.809	5367.333	5328.420	5377.127	5410.699	5346.143	5390.868	5329.121	5334.295	5320.988
68.000	61722.000	0.000	57472.000	5082.720	3667860200.024	5064.789	5056.774	5043.878	5042.191	5060.646	5054.961	5050.197	5055.159	5077.126	5040.681
68.000	62066.000	0.000	57804.000	5196.554	3667860204.089	5209.285	5236.808	5218.237	5222.274	5229.692	5229.386	5227.871	5216.392	5215.697	5202.570
68.000	62408.000	0.000	58134.000	5240.622	3667860208.112	5110.928	5115.582	5109.630	5107.630	5111.505	5147.517	5155.746	5143.868	5146.543	5126.100
68.000	62708.000	0.000	58422.000	52451.119	3667860211.662	50605.354	50313.674	50878.130	51491.907	50418.554	48108.568	48803.566	48099.931	48547.790	48281.961
68.000	62848.000	0.000	58550.000	57982.721	3667860213.248	57918.121	57497.426	57943.172	57360.124	58428.211	57940.281	57762.514	58012.660	57765.388	57555.385
68.000	62870.000	0.000	58560.000	59864.287	3667860213.424	59199.852	58956.347	59081.356	59994.214	59318.824	51823.654	59302.665	58824.910	59745.169	59098.398
68.000	62890.000	0.000	58568.000	62006.446	3667860213.595	60069.747	60101.881	60704.198	59549.045	59747.218	59963.228	59945.683	60345.550	58790.158	59948.779
68.000	62904.000	0.000	58570.000	59175.713	3667860213.707	59693.970	57954.742	60297.493	58865.672	58966.328	59305.694	59735.946	57307.272	57865.197	57096.836
68.000	62922.000	0.000	58576.000	59756.444	3667860213.860	59092.382	59288.532	59749.268	58368.483	58366.526	58975.314	58710.877	59018.285	59509.365	59549.045
68.000	63003.000	0.000	58645.000	60957.053	3667860214.668	58836.835	58203.641	57918.121	59149.584	58603.202	58614.050	58371.417	59393.678	58259.134	60174.567
68.000	63015.000	0.000	58645.000	58823.916	3667860214.746	59900.321	56765.554	56212.200	56417.982	56627.117	56015.119	55695.345	55577.145	55268.476	56230.350
68.000	63031.000	0.000	58649.000	58305.948	3667860214.879	59452.480	59163.650	58423.311	57744.319	58415.472	52701.117	57387.532	58262.058	57572.509	59458.570
68.000	63054.000	0.000	58660.000	57590.597	3667860215.078	59199.852	57543.974	58376.309	54951.077	57965.352	57287.478	58188.083	54880.942	55405.630	55831.048
68.000	63080.000	0.000	58674.000	59371.405	3667860215.305	57524.016	58409.594	60366.468	59833.435	58574.621	58284.482	57693.624	58291.311	58267.906	57795.103
68.000	63096.000	0.000	58678.000	58994.293	3667860215.423	59045.299	57876.736	60986.939	58300.092	58916.455	58495.920	57627.759	58388.052	59478.877	51649.971
68.000	63116.000	0.000	58686.000	59312.763	3667860215.568	59667.382	58928.417	58250.365	57999.136	58954.351	59078.349	59514.449	53196.953	58827.891	58617.010
68.000	63137.000	0.000	58695.000	59970.455	3667860215.723	60051.105	58660.448	58181.279	58850.753	58465.481	58124.964	58701.972	58524.425	58982.305	58483.152
68.000	63182.000	0.000	58728.000	59461.615	3667860216.122	58879.604	58514.593	57578.220	54983.173	58628.850	57709.875	58160.877	58324.499	58672.306	58399.800
68.000	63208.000	0.000	58742.000	51483.535	3667860216.327	57729.962	58040.696	57773.054	59739.020	58450.763	59011.286	57533.518	57870.966	58774.284	57895.015
68.000	63236.000	0.000	58758.000	48454.586	3667860216.573	44512.430	43070.278	43391.690	43221.534	43547.394	43460.995	43441.480	43569.729	43860.523	43803.707
68.000	63482.000	0.000	58992.000	62342.738	3667860219.408	56836.882	56677.799	56289.419	56661.202	62734.633	63648.333	60622.841	62282.538	63246.125	62368.414
68.000	63494.000	0.000	58992.000	60946.386	3667860219.486	58799.090	57819.089	57846.937	58445.859	57686.935	58408.615	60520.662	58143.400	60381.119	58312.781
68.000	63506.000	0.000	58992.000	41755.151	3667860219.566	34113.931	37383.294	41939.169	41323.654	42063.768	42032.803	36426.583	41836.402	42093.762	39535.110
68.000	63749.000	0.000	59223.000	41803.763	3667860222.451	41683.192	42318.285	41969.491	41826.354	42602.981	42388.844	42374.920	42352.763	42414.137	42446.702
68.000	63937.000	0.000	59399.000	42737.854	3667860224.611	43520.731	43424.149	43417.653	43513.119	43425.232	43606.823	43539.229	43538.684	43535.963	43390.608
68.000	64104.000	0.000	59554.000	18519.805	3667860226.524	35363.632	34004.024	34407.802	34775.045	32149.647	24518.593	23710.893	24059.103	24848.320	24434.138
68.000	64374.000	0.000	59812.000	18410.069	3667860229.714	18689.341	18496.201	18549.395	18729.843	18698.672	18820.526	18961.615	18772.647	18788.647	18930.079
68.000	64570.000	0.000	59996.000	22161.054	3667860231.961	24125.430	21315.049	21643.938	22033.479	21672.895	21129.107	21431.120	23227.039	23134.011	23310.049
68.000	64811.000	0.000	60225.000	18198.161	3667860234.820	18199.873	18258.644	18159.544	18171.197	18196.449	18190.177	18205.295	18143.651	18181.062	18233.887
68.000	65055.000	0.000	60457.000	12676.941	3667860237.655	12762.505	12698.016	12817.409	14645.688	14527.908	12092.744	12092.996	12089.806	12067.438	12055.242
68.000	65274.000	0.000	60664.000	12517.122	3667860240.237	12046.736	11666.072	12005.171	11599.634	11729.127	11386.255	11366.635	10767.536	10613.325	10598.630
68.000	65537.000	0.000	60915.000	10805.585	3667860243.356	11404.411	11594.306	11627.438	11413.193	11508.643	11511.458	11379.967	11141.457	11302.821	10916.980
68.000	65785.000	0.000	61151.000	10688.398	3667860246.226	10699.693	10715.626	10735.708	10726.417	10703.179	10702.817	10716.186	10684.890	10714.670	10731.275
68.000	66032.000	0.000	61386.000	9574.264	3667860249.139	9690.891	9732.104	9718.634	9753.170	9713.160	9731.098	9730.364	9766.653	9761.397	9781.794
68.000	66272.000	0.000	61614.000	10384.664	3667860251.957	10140.726	10169.684	10166.181	10164.016	10267.416	10208.283	10327.758	10236.004	10259.794	10963.854
68.000	66517.000	0.000	61847.000	9326.329	3667860254.789	9265.840	9202.408	9227.104	9159.525	9200.925	9217.434	9296.160	9292.786	9282.286	9300.603
68.000	66792.000	0.000	62110.000	7439.656	3667860258.049	7490.471	7388.334	7467.570	7226.892	7184.673	7379.005	7266.515	7258.096	7265.742	7270.838
68.000	67133.000	0.000	62439.000	7236.742	3667860262.083	7072.612	7113.026	6983.233	7156.227	7042.124	6976.603	6982.813	6976.197	6983.079	7028.652
68.000	67402.000	0.000	62696.000	7262.348	3667860265.256	7113.084	7065.252	7050.021	7060.697	7064.177	7251.160	7140.455	7200.387	7270.823	7166.121
68.000	67704.000	0.000	62986.000	7317.967	3667860268.828	7454.991	7271.400	7366.457	7352.571	7278.496	7266.151	7270.292	7275.303	7263.060	7471.879
68.000	68044.000	0.000	63314.000	6303.449	3667860272.860	6757.657	6508.547	6570.515	6543.125	6530.231	6480.886	6500.348	6566.724	6509.885	6509.483
68.000	68368.000	0.000	63626.000	6828.565	3667860276.696	6878.937	6847.023	6995.365	7066.929	7029.773	7069.769	7039.918	7023.890	6949.015	7025.987
68.000	68705.000	0.000	63951.000	6530.146	3667860280.692	6929.934	6872.138	6853.301	7019.275	7043.648	7030.099	7036.021	7028.524	7014.553	7019.077
68.000	68975.000	0.000	64209.000	6113.070	3667860283.873	6137.166	6132.498	6151.571	6221.934	6194.668	6151.723	6214.020	6224.047	6302.502	6261.937
68.000	69273.000	0.000	64495.000	6428.802	3667860287.409	6421.406	6364.206	6370.468	6421.726	6476.307	6447.152	6461.109	6477.692	6629.974	6627.350
68.000	69566.000	0.000	64776.000	5852.531	3667860290.859	5919.251	5846.646	5890.291	5893.081	5893.889	5944.568	5945.066	5936.797	5951.679	5952.177
68.000	69866.000	0.000	65064.000	5933.409	3667860294.405	5948.762	5953.897	5976.906	5969.530	5965.389	6029.499	5981.607	5969.142	5975.891	5981.895
68.000	70176.000	0.000	65362.000	5755.377	3667860298.076	5917.561	5979.204	5931.994	5831.356	5842.047	5857.186	5837.660	5832.460	5834.551	5838.052
68.000	70518.000	0.000	65692.000	5606.390	3667860302.108	5642.612	5627.451	5633.822	5642.054	5633.084	5650.154	5642.968	5648.716	5633.968	5644.907
68.000	70833.000	0.000	65995.000	5415.898	3667860305.816	5412.010	5407.834	5407.121	5400.949	5402.575	5406.911	5407.188	5410.136	5415.932	5410.270
68.000	71153.000	0.000	66303.000	5371.124	3667860309.585	5347.063	5306.355	5354.625	5344.642	5351.145	5354.107	5361.756	5349.600	5349.329	5359.520
68.000	71494.000	0.000	66632.000	5476.230	3667860313.642	5531.676	5489.158	5491.867	5566.989	5555.738	5521.197	5495.212	5468.054	5572.877	5473.992
68.000	71840.000	0.000	66966.000	5166.629	3667860317.780	5161.132	5136.987	5143.260	5136.267	5153.457	5160.528	5128.326	5134.609	5161.270	5126.469
68.000	72139.000	0.000	67253.000	5214.971	3667860321.300	5228.914	5206.746	5201.544	5202.880	5216.322	5208.716	5204.575	5228.255	5205.096	5203.269
68.000	72481.000	0.000	67583.000	85914.258	3667860325.312	82149.253	86186.381	85354.213	81135.018	82487.780	83528.323	80354.459	80835.613	80740.044	80371.147
68.000	72493.000	0.000	67583.000	80616.703	3667860325.388	80570.081	80527.237	77213.888	76980.087	76585.691	76567.171	78461.040	75344.800	78217.881	78058.360
68.000	72505.000	0.000	67583.000	77509.437	3667860325.465	78411.582	77323.596	77229.297	77595.777	77890.778	77765.563	77399.201	77866.399	77089.131	77309.865
68.000	72517.000	0.000	67583.000	76790.000	3667860325.541	76786.615	76327.228	76901.902	75838.611	76560.439	75678.770	55791.698	55738.127	54532.936	55186.160
68.000	72683.000	0.000	67737.000	67680.309	3667860327.434	67862.288	67483.610	68201.141	67334.881	67715.837	67907.274	67289.351	67958.949	67642.191	56870.291
68.000	72695.000	0.000	67737.000	63544.983	3667860327.507	57388.478	57631.573	58585.459	63655.313	54769.615	53825.034	58361.636	64476.649	62590.330	62058.372
68.000	72707.000	0.000	67737.000	62525.161	3667860327.585	62653.381	65214.276	58097.816	58256.211	62888.686	62540.879	62787.786	63078.892	57329.911	57137.112
68.000	72721.000	0.000	67739.000	61917.160	3667860327.694	63013.842	62059.478	61921.563	62822.894	56910.248	57084.671	61870.965	62442.211	62693.980	57421.592
68.000	72733.000	0.000	67739.000	61146.470	3667860327.783	56041.257	57571.558	58326.452	56880.507	56900.021	58316.686	57284.652	56878.649	57641.110	57271.464
68.000	72752.000	0.000	67746.000	61770.015	3667860327.944	58337.198	61137.884	60499.637	60812.307	60585.933	60703.140	61119.645	62646.619	60598.582	60466.027
68.000	72764.000	0.000	67746.000	61047.869	3667860328.034	56553.560	61289.577	61177.617	61028.615	61339.229	56731.343	56581.122	60750.786	60512.250	60729.601
68.000	72776.000	0.000	67746.000	60252.640	3667860328.121	60466.027	59983.882	57123.993	61010.442	61968.937	63637.867	56366.851	56631.721	56583.879	61511.472
68.000	72788.000	0.000	67746.000	62107.063	3667860328.197	60654.513	56802.585	56173.216	62584.706	60363.329	56532.448	60900.563	60454.482	57196.225	56474.699
68.000	72803.000	0.000	67749.000	62662.398	3667860328.301	56824.827	59619.379	59830.352	59707.273	58899.518	58802.068	59316.804	60838.863	60822.927	60611.236
68.000	72816.000	0.000	67750.000	61943.588	3667860328.392	59881.784	60971.992	62901.179	56766.479	56380.538	62320.428	59767.724	57011.787	54081.614	56964.233
68.000	72828.000	0.000	67750.000	69655.102	3667860328.474	59244.159	59144.562	61870.965	64394.396	58893.542	59248.190	59481.925	58816.963	66491.621	59385.577
68.000	72853.000	0.000	67763.000	68742.260	3667860328.663	64763.185	52099.625	66990.385	66296.712	66022.749	66034.014	66037.770	66178.303	65723.744	65900.327
68.000	72865.000	0.000	67763.000	67319.264	3667860328.743	68093.139	67831.890	68061.204	68157.099	68277.348	68162.434	67735.591	67688.201	67466.616	67532.023
68.000	72877.000	0.000	67763.000	64722.267	3667860328.821	64417.024	65225.268	66861.784	67176.440	66825.865	67057.452	67132.417	67433.961	67298.452	66367.456
68.000	72889.000	0.000	67763.000	65870.415	3667860328.897	65850.489	65877.891	66074.101	66011.487	65885.368	61764.538	62154.721	62027.427	61564.749	61814.963
68.000	72901.000	0.000	67763.000	67202.363	3667860328.971	66680.018	66636.643	69426.010	70499.637	72879.079	72631.356	70760.312	70126.323	70425.511	72313.175
68.000	72913.000	0.000	67763.000	52828.213	3667860329.048	52832.220	51341.619	54213.777	63005.863	54102.616	54603.040	54253.467	54209.558	54692.212	54285.600
68.000	72942.000	0.000	67780.000	61575.633	3667860329.303	64275.561	64200.919	54922.482	54919.884	54988.382	54945.876	56283.052	54718.848	55063.144	55707.816
68.000	72954.000	0.000	67780.000	40810.406	3667860329.395	41927.558	40940.888	41188.777	41195.110	41105.652	41107.108	40959.183	40925.013	41085.287	47561.984
68.000	73065.000	0.000	67879.000	42396.584	3667860330.578	41695.667	42511.982	28398.051	31063.780	30822.419	30503.619	30438.041	27257.080	34366.044	35278.025
68.000	73288.000	0.000	68090.000	16299.221	3667860333.212	16520.563	16490.215	16420.866	13584.740	13833.308	14856.210	15157.689	19441.283	19506.066	19859.529
68.000	73507.000	0.000	68297.000	16817.952	3667860335.725	16386.256	16389.649	15639.503	15126.946	15937.422	16398.986	16308.379	16551.574	15832.303	16773.325
68.000	73746.000	0.000	68524.000	12157.113	3667860338.559	12552.353	12764.844	12669.471	12691.076	12555.928	12731.203	12601.811	12591.242	12667.029	12736.277
68.000	73937.000	0.000	68703.000	11524.751	3667860340.749	12241.975	12331.128	12230.454	12253.517	12262.750	12271.131	12267.760	12283.378	12265.384	12280.996
68.000	74157.000	0.000	68911.000	12003.971	3667860343.333	12018.261	12013.991	12032.461	12017.722	12053.406	12030.590	12019.671	12032.918	12036.328	12017.100
68.000	74359.000	0.000	69101.000	11338.069	3667860345.671	11419.967	11356.073	11336.187	11319.424	11401.985	11239.393	11419.630	11510.469	11408.707	11414.727
68.000	74549.000	0.000	69279.000	10116.221	3667860347.852	10111.081	10073.096	10100.672	10129.136	10102.987	10120.483	10090.109	10177.143	10411.764	10097.012
68.000	74768.000	0.000	69486.000	10045.583	3667860350.436	9571.581	10346.196	9584.830	9594.996	9777.840	9580.480	9602.111	9592.142	9554.828	9590.980
68.000	74987.000	0.000	69693.000	8174.361	3667860352.970	8116.017	8207.802	8213.957	8173.881	8203.278	8213.337	8207.144	8196.232	8172.864	8188.524
68.000	75263.000	0.000	69957.000	8369.030	3667860356.222	8551.264	8511.913	8765.857	8728.949	8604.862	8423.741	8509.251	8225.033	8103.422	8117.133
68.000	75442.000	0.000	70124.000	7669.599	3667860358.254	7660.321	7668.687	7675.176	7670.410	7733.133	7729.906	7742.054	7680.965	7683.659	7678.560
68.000	75752.000	0.000	70422.000	7759.595	3667860361.922	7881.828	7950.176	7911.782	7931.023	7928.116	7804.035	7808.234	7815.137	7812.893	7806.414
68.000	76022.000	0.000	70680.000	7013.635	3667860365.111	7059.423	7046.584	7045.230	7080.923	7058.937	7061.427	7050.421	7060.325	7069.439	7051.448
68.000	76319.000	0.000	70965.000	6626.443	3667860368.611	6627.363	6767.269	6625.069	6603.815	6615.304	6609.028	6607.849	6612.127	6611.336	6613.495
68.000	76617.000	0.000	71251.000	6541.687	3667860372.125	6553.960	6619.755	6613.156	6640.909	6556.983	6642.581	6505.192	6516.803	6513.878	6508.243
68.000	76955.000	0.000	71577.000	6561.083	3667860376.114	6418.850	6522.087	6530.819	6603.314	6665.999	6639.289	6597.635	6584.526	6679.972	6603.264
68.000	77276.000	0.000	71886.000	6342.187	3667860379.898	6294.722	6264.031	6289.755	6283.151	6370.678	6343.619	6274.537	6311.696	6320.664	6259.044
68.000	77638.000	0.000	72236.000	5688.079	3667860384.199	5785.491	5699.276	5722.188	5784.828	5704.242	5701.058	5704.559	5701.067	5700.395	5730.548
68.000	77904.000	0.000	72490.000	5572.208	3667860387.291	5558.868	5557.901	5541.074	5552.700	5540.387	5550.974	5550.558	5559.303	5536.177	5553.860
68.000	78198.000	0.000	72772.000	5786.597	3667860390.773	5791.620	5805.424	5782.956	5778.446	5785.001	5787.020	5785.607	5790.926	5788.857	5785.453
68.000	78520.000	0.000	73082.000	5673.615	3667860394.572	5648.597	5670.724	5659.464	5651.236	5725.029	5651.869	5718.684	5674.632	5659.611	5647.598
68.000	78840.000	0.000	73390.000	5415.486	3667860398.387	5487.316	5428.289	5373.734	5353.202	5353.103	5359.478	5353.514	5355.210	5363.225	5369.228
68.000	79162.000	0.000	73700.000	5309.267	3667860402.218	5275.420	5289.553	5339.316	5272.689	5262.603	5282.661	5264.687	5272.162	5309.842	5278.306
68.000	79486.000	0.000	74012.000	5320.524	3667860406.064	5328.534	5329.235	5345.946	5318.956	5341.470	5352.691	5368.284	5349.304	5382.587	5323.582
68.000	79784.000	0.000	74298.000	5290.083	3667860409.577	5316.301	5306.679	5330.605	5334.647	5331.560	5332.066	5330.638	5339.292	5338.253	5326.953
68.000	80104.000	0.000	74606.000	5197.577	3667860413.352	5218.893	5195.825	5190.645	5191.179	5191.457	5205.400	5193.516	5183.831	5186.378	5195.066
68.000	80393.000	0.000	74883.000	76939.275	3667860416.774	76562.122	76735.862	76795.080	76769.690	77537.045	77068.662	76835.739	76605.904	77407.802	76478.065
68.000	80405.000	0.000	74883.000	77225.872	3667860416.852	73854.200	74025.293	74030.013	74503.499	73466.305	74159.265	75382.306	73381.174	72554.193	75023.458
68.000	80417.000	0.000	74883.000	73874.564	3667860416.930	73971.839	74078.824	74012.709	73821.328	73523.686	73882.399	74212.990	73655.847	74412.769	73909.052
68.000	80429.000	0.000	74883.000	73691.690	3667860417.007	73546.974	73971.839	73970.268	74303.233	73449.263	73819.763	74671.213	72554.193	74509.874	74108.772
68.000	80441.000	0.000	74883.000	74306.404	3667860417.082	73987.553	73868.297	73785.358	73777.544	74022.146	74244.629	74588.060	74011.136	74548.149	74393.696
68.000	80453.000	0.000	74883.000	73588.930	3667860417.158	73286.987	74422.309	74736.906	73872.997	72979.865	72866.881	74373.045	73637.161	73531.447	74605.635
68.000	80465.000	0.000	74883.000	74371.457	3667860417.233	74360.342	75305.703	74083.551	73680.778	74907.285	73793.175	73733.812	74176.638	72828.790	74342.883
68.000	80477.000	0.000	74883.000	73615.371	3667860417.309	74138.744	73649.617	73979.695	73331.734	74179.798	73627.821	73912.188	74096.159	73791.611	74171.899
68.000	80489.000	0.000	74883.000	73894.939	3667860417.386	73443.068	74045.751	74004.846	74292.139	74887.958	74189.278	72778.571	74179.798	73987.553	73797.865
68.000	80501.000	0.000	74883.000	72860.784	3667860417.461	74293.724	74374.633	73455.459	74009.563	74562.512	73710.405	73981.267	73565.615	73096.268	74323.846
68.000	80513.000	0.000	74883.000	73508.169	3667860417.538	74227.224	74599.243	73696.368	74025.293	73100.870	72799.867	73888.668	72021.589	72578.384	72564.775
68.000	80525.000	0.000	74883.000	72528.509	3667860417.615	72244.178	72401.864	72496.806	73191.503	73005.870	72839.452	73548.527	72269.661	72453.072	72935.546
68.000	80537.000	0.000	74883.000	72463.623	3667860417.705	72802.911	72963.048	73334.822	72292.162	72057.350	72534.551	72326.689	72436.496	72229.196	72610.158
68.000	80549.000	0.000	74883.000	72840.975	3667860417.799	72105.086	72463.623	72037.975	72427.459	72754.247	72179.800	72319.181	72540.594	73333.278	72711.719
68.000	80561.000	0.000	74883.000	72350.728	3667860417.893	72235.188	70959.255	72552.682	72508.880	72655.598	73041.083	73093.200	73557.847	73073.264	73087.064
68.000	80573.000	0.000	74883.000	73286.987	3667860417.985	73044.147	71916.005	73134.639	72949.294	72827.267	72860.784	73683.895	73385.813	72871.455	73885.534
68.000	80585.000	0.000	74883.000	63093.746	3667860418.064	65264.378	64737.906	64893.503	63445.436	65401.635	65264.378	64947.957	64260.144	64611.807	64439.668
68.000	80597.000	0.000	74883.000	67602.804	3667860418.142	67706.622	67879.481	70452.577	67898.007	65420.062	67547.739	66188.364	66411.747	67276.353	67973.538
68.000	80609.000	0.000	74883.000	41617.944	3667860418.222	41525.653	36550.436	66832.276	64432.516	66194.653	64566.292	65232.597	66105.452	66819.455	64375.353
68.000	80621.000	0.000	74883.000	57729.006	3667860418.302	59766.698	58446.840	58804.054	66769.498	79933.997	82085.363	82829.109	82027.367	79052.272	79780.197
68.000	80633.000	0.000	74883.000	53920.861	3667860418.385	54403.463	54595.337	54195.218	54628.733	55253.571	55495.676	55703.362	55283.389	55355.437	55502.751
68.000	80670.000	0.000	74908.000	60303.757	3667860418.701	60308.978	56299.428	58611.091	58909.480	59142.553	55853.431	58489.044	55259.707	55878.521	56081.863
68.000	80683.000	0.000	74909.000	49725.374	3667860418.801	48058.782	49740.287	54160.666	54029.600	53677.379	55191.407	58141.459	57186.834	57977.896	56952.124
68.000	80713.000	0.000	74927.000	51180.170	3667860419.035	43406.290	43947.411	37904.863	44519.827	42109.029	37894.141	37752.844	37885.073	37936.653	38083.079
68.000	80813.000	0.000	75015.000	14749.386	3667860420.146	14684.775	16400.299	16369.544	16393.120	16290.987	16278.120	16449.250	16836.813	16679.106	16688.216
68.000	81013.000	0.000	75203.000	15511.139	3667860422.450	15602.581	15617.483	15654.757	15522.614	15597.970	15610.483	15584.081	15593.989	15610.833	15622.316
68.000	81162.000	0.000	75340.000	19657.218	3667860424.151	19692.116	19652.449	19751.413	19789.907	19698.130	19516.450	18186.188	18126.749	17430.421	16985.844
68.000	81327.000	0.000	75493.000	13098.726	3667860426.046	13092.817	13050.871	13104.541	13168.107	12548.916	12513.029	12590.878	12555.747	12560.003	12612.398
68.000	81568.000	0.000	75722.000	11672.641	3667860428.867	10443.921	10492.183	10611.708	11082.431	10600.791	10531.619	10880.965	11134.084	11296.369	11117.878
68.000	81759.000	0.000	75901.000	11521.739	3667860431.069	11010.958	10875.970	10923.725	11191.972	11132.163	10637.929	10302.342	10391.666	10307.189	10494.238
68.000	82002.000	0.000	76132.000	9051.715	3667860433.926	9058.212	9048.729	8949.356	9013.323	9005.166	9265.642	9240.544	9276.698	9239.980	9221.436
68.000	82266.000	0.000	76384.000	10625.207	3667860437.061	10648.759	10086.690	10641.536	10638.611	10605.117	11021.690	11015.311	11088.499	11078.025	11027.203
68.000	82541.000	0.000	76647.000	7934.636	3667860440.295	8040.232	8100.821	8061.428	8392.503	9797.891	9291.497	8264.241	8290.660	8315.700	8410.357
68.000	82832.000	0.000	76926.000	7664.164	3667860443.710	7677.883	7699.949	7703.287	7709.135	7728.945	7691.719	7716.292	7688.782	7685.338	7719.421
68.000	83130.000	0.000	77212.000	7387.049	3667860447.213	7367.361	7341.041	7370.947	7388.961	7362.518	7404.843	7392.521	7407.363	7382.618	7383.996
68.000	83447.000	0.000	77517.000	7644.148	3667860450.983	7414.301	7950.231	7978.075	7946.367	7944.826	8005.581	8019.535	8031.629	8027.705	8033.964
68.000	83761.000	0.000	77819.000	7342.109	3667860454.701	7150.424	7150.585	7154.169	7171.787	7172.866	7193.235	7167.950	7132.150	7176.324	7162.246
68.000	84074.000	0.000	78120.000	6813.510	3667860458.393	6796.399	6765.376	6771.373	6778.160	6752.221	6756.609	6751.605	6743.148	6756.569	6730.782
68.000	84374.000	0.000	78408.000	6722.494	3667860461.923	6699.554	6667.568	6677.360	6817.671	6793.827	6770.465	6798.495	6762.880	6775.391	6779.453
68.000	84646.000	0.000	78668.000	6391.640	3667860465.117	6417.833	6365.694	6405.828	6396.417	6361.427	6353.386	6303.015	6315.530	6312.657	6299.037
68.000	84965.000	0.000	78975.000	6259.371	3667860468.897	6134.150	6128.742	6206.634	6139.318	6108.749	6158.620	6076.944	6127.524	6192.002	6184.306
68.000	85261.000	0.000	79259.000	6347.365	3667860472.406	6412.480	6418.377	6403.767	6415.835	6410.899	6406.960	6411.595	6382.515	6391.874	6369.629
68.000	85559.000	0.000	79545.000	6315.644	3667860475.917	6315.393	6308.438	6290.209	6281.395	6299.139	6303.643	6303.449	6296.828	6286.281	6302.502
68.000	85855.000	0.000	79829.000	5757.984	3667860479.453	5775.964	5792.583	5783.359	5797.635	5782.888	5768.531	5771.102	5914.456	5832.753	5817.798
68.000	86129.000	0.000	80091.000	5732.661	3667860482.673	5784.656	5749.050	5730.888	5730.039	5742.396	5734.719	5755.700	5755.900	5725.480	5703.588
68.000	86468.000	0.000	80418.000	5438.588	3667860486.704	5427.613	5387.532	5416.859	5402.533	5387.274	5398.045	5385.233	5381.065	5393.439	5400.204
68.000	86808.000	0.000	80746.000	5370.958	3667860490.724	5396.707	5377.816	5381.705	5372.930	5375.691	5374.621	5375.774	5373.999	5339.447	5328.428
68.000	87125.000	0.000	81051.000	5570.310	3667860494.468	5625.987	5614.135	5618.998	5623.144	5616.887	5615.483	5621.148	5628.933	5647.177	5610.418
68.000	87460.000	0.000	81374.000	5396.372	3667860498.432	5456.412	5423.556	5388.599	5390.426	5399.208	5391.727	5390.551	5390.901	5394.734	5397.359
68.000	87776.000	0.000	81678.000	5180.546	3667860502.183	5183.060	5245.159	5264.122	5230.721	5239.471	5261.816	5264.942	5276.579	5253.570	5254.140
68.000	88070.000	0.000	81960.000	5277.235	3667860505.655	5315.774	5276.419	5303.366	5272.234	5270.710	5249.507	5325.153	5318.030	5251.740	5250.497
