38200.000	2.000	1.000	1.000	4837.722	0.000	0.000	5000.000	1.000	1.000	1.000
38201.000	33.000	8.000	25.000	5841.581	0.000	5770.000	6010.000	1.000	1.000	15.000
38202.000	16.000	5.000	11.000	9220.976	0.000	8510.000	9310.000	1.000	1.000	9.000
38203.000	2.000	0.000	2.000	158872.366	0.000	80000.000	10000000000.000	1.000	1.000	1.000
38204.000	2.000	1.000	1.000	4477.770	0.000	0.000	5000.000	1.000	1.000	1.000
38205.000	11.000	3.000	8.000	5882.931	0.000	5770.000	6010.000	1.000	1.000	5.000
38206.000	34.000	11.000	23.000	5852.779	0.000	8510.000	9310.000	0.000	1.000	20.000
38207.000	81.000	0.000	81.000	3491.869	0.000	80000.000	10000000000.000	0.000	1.000	20.000
38208.000	3.000	2.000	1.000	4608.463	0.000	0.000	5000.000	1.000	1.000	1.000
38209.000	42.000	11.000	31.000	5028.438	0.000	5770.000	6010.000	0.000	1.000	20.000
38210.000	281.000	0.000	281.000	3737.383	0.000	8510.000	9310.000	0.000	1.000	20.000
38211.000	2.000	0.000	2.000	95150.246	0.000	80000.000	10000000000.000	1.000	1.000	1.000
38212.000	4.000	3.000	1.000	4781.892	0.000	0.000	5000.000	1.000	1.000	1.000
38213.000	34.000	11.000	23.000	4544.086	0.000	5770.000	6010.000	0.000	1.000	20.000
38214.000	10.000	3.000	7.000	8635.154	0.000	8510.000	9310.000	1.000	1.000	5.000
38215.000	1.000	0.000	1.000	182995.172	0.000	80000.000	10000000000.000	1.000	1.000	1.000
38216.000	42.000	11.000	31.000	4945.699	0.000	5770.000	6010.000	0.000	1.000	20.000
38217.000	5.000	2.000	3.000	9175.084	0.000	8510.000	9310.000	1.000	1.000	2.000
38218.000	81.000	0.000	81.000	3494.617	0.000	80000.000	10000000000.000	0.000	1.000	20.000
38219.000	1.000	0.000	1.000	3870.974	0.000	0.000	5000.000	1.000	1.000	1.000
38220.000	281.000	0.000	281.000	3634.328	0.000	5770.000	6010.000	0.000	1.000	20.000
38221.000	13.000	4.000	9.000	9268.612	0.000	8510.000	9310.000	1.000	1.000	7.000
38222.000	1.000	0.000	1.000	219898.691	0.000	80000.000	10000000000.000	1.000	1.000	1.000
38223.000	2.000	1.000	1.000	3908.478	0.000	0.000	5000.000	1.000	1.000	1.000
38224.000	281.000	0.000	281.000	3406.046	0.000	5770.000	6010.000	0.000	1.000	20.000
38225.000	32.000	11.000	21.000	5554.176	0.000	8510.000	9310.000	0.000	1.000	20.000
38226.000	1.000	0.000	1.000	307467.204	0.000	80000.000	10000000000.000	1.000	1.000	1.000
38227.000	2.000	1.000	1.000	4294.883	0.000	0.000	5000.000	1.000	1.000	1.000
38228.000	41.000	11.000	30.000	4479.384	0.000	5770.000	6010.000	0.000	1.000	20.000
38229.000	24.000	6.000	18.000	8907.226	0.000	8510.000	9310.000	1.000	1.000	11.000
38230.000	5.000	0.000	5.000	97670.759	0.000	80000.000	10000000000.000	1.000	1.000	1.000
38231.000	1.000	0.000	1.000	4823.027	0.000	0.000	5000.000	1.000	1.000	1.000
38232.000	33.000	11.000	22.000	5101.490	0.000	8510.000	9310.000	0.000	1.000	20.000
38233.000	4.000	0.000	4.000	108470.200	0.000	80000.000	10000000000.000	1.000	1.000	1.000
38234.000	2.000	1.000	1.000	4984.597	0.000	0.000	5000.000	1.000	1.000	1.000
38235.000	10.000	3.000	7.000	5857.783	0.000	5770.000	6010.000	1.000	1.000	5.000
38236.000	14.000	0.000	14.000	8586.584	0.000	8510.000	9310.000	1.000	1.000	1.000
38237.000	3.000	0.000	3.000	262880.881	0.000	80000.000	10000000000.000	1.000	1.000	1.000
38238.000	2.000	1.000	1.000	4633.888	0.000	0.000	5000.000	1.000	1.000	1.000
38239.000	33.000	11.000	22.000	4782.865	0.000	5770.000	6010.000	0.000	1.000	20.000
38240.000	32.000	11.000	21.000	4669.773	0.000	8510.000	9310.000	0.000	1.000	20.000
38241.000	81.000	0.000	81.000	11790.247	0.000	80000.000	10000000000.000	0.000	1.000	20.000
38242.000	2.000	1.000	1.000	4579.022	0.000	0.000	5000.000	1.000	1.000	1.000
38243.000	5.000	0.000	5.000	5931.251	0.000	5770.000	6010.000	1.000	1.000	1.000
38244.000	5.000	1.000	4.000	8964.764	0.000	8510.000	9310.000	1.000	1.000	1.000
38245.000	1.000	0.000	1.000	132765.642	0.000	80000.000	10000000000.000	1.000	1.000	1.000
38246.000	2.000	1.000	1.000	4378.210	0.000	0.000	5000.000	1.000	1.000	1.000
38247.000	6.000	0.000	6.000	5808.320	0.000	5770.000	6010.000	1.000	1.000	1.000
38248.000	81.000	0.000	81.000	5593.952	0.000	80000.000	10000000000.000	0.000	1.000	20.000
38249.000	2.000	1.000	1.000	4837.211	0.000	0.000	5000.000	1.000	1.000	1.000
38250.000	39.000	11.000	28.000	4632.975	0.000	5770.000	6010.000	0.000	1.000	20.000
38251.000	13.000	4.000	9.000	8937.141	0.000	8510.000	9310.000	1.000	1.000	7.000
38252.000	81.000	0.000	81.000	11142.984	0.000	80000.000	10000000000.000	0.000	1.000	20.000
38253.000	4.000	3.000	1.000	4998.771	0.000	0.000	5000.000	1.000	1.000	1.000
38254.000	41.000	11.000	30.000	4491.940	0.000	5770.000	6010.000	0.000	1.000	20.000
38255.000	32.000	11.000	21.000	4806.244	0.000	8510.000	9310.000	0.000	1.000	20.000
38256.000	3.000	0.000	3.000	152176.370	0.000	80000.000	10000000000.000	1.000	1.000	1.000
38257.000	7.000	6.000	1.000	4877.147	0.000	0.000	5000.000	1.000	1.000	1.000
38258.000	8.000	0.000	8.000	5887.668	0.000	5770.000	6010.000	1.000	1.000	1.000
38259.000	30.000	11.000	19.000	5419.237	0.000	8510.000	9310.000	0.000	1.000	20.000
38260.000	1.000	0.000	1.000	122728.746	0.000	80000.000	10000000000.000	1.000	1.000	1.000
38261.000	3.000	2.000	1.000	4937.672	0.000	0.000	5000.000	1.000	1.000	1.000
38262.000	35.000	11.000	24.000	4261.377	0.000	5770.000	6010.000	0.000	1.000	20.000
38263.000	34.000	11.000	23.000	6338.041	0.000	8510.000	9310.000	0.000	1.000	20.000
38264.000	2.000	1.000	1.000	4515.155	0.000	0.000	5000.000	1.000	1.000	1.000
38265.000	38.000	11.000	27.000	4317.557	0.000	5770.000	6010.000	0.000	1.000	20.000
38266.000	13.000	2.000	11.000	8946.790	0.000	8510.000	9310.000	1.000	1.000	2.000
38267.000	4.000	0.000	4.000	104572.557	0.000	80000.000	10000000000.000	1.000	1.000	1.000
38268.000	2.000	1.000	1.000	4622.736	0.000	0.000	5000.000	1.000	1.000	1.000
38269.000	37.000	11.000	26.000	4417.889	0.000	5770.000	6010.000	0.000	1.000	20.000
38270.000	32.000	11.000	21.000	4912.306	0.000	8510.000	9310.000	0.000	1.000	20.000
38271.000	1.000	0.000	1.000	173854.698	0.000	80000.000	10000000000.000	1.000	1.000	1.000
38272.000	2.000	1.000	1.000	4622.319	0.000	0.000	5000.000	1.000	1.000	1.000
38273.000	281.000	0.000	281.000	3840.308	0.000	5770.000	6010.000	0.000	1.000	20.000
38274.000	16.000	0.000	16.000	8703.560	0.000	8510.000	9310.000	1.000	1.000	2.000
38275.000	81.000	0.000	81.000	35306.083	0.000	80000.000	10000000000.000	0.000	1.000	20.000
38276.000	2.000	1.000	1.000	4386.575	0.000	0.000	5000.000	1.000	1.000	1.000
38277.000	25.000	6.000	19.000	5941.579	0.000	5770.000	6010.000	1.000	1.000	11.000
38278.000	32.000	11.000	21.000	4979.434	0.000	8510.000	9310.000	0.000	1.000	20.000
38279.000	1.000	0.000	1.000	296165.106	0.000	80000.000	10000000000.000	1.000	1.000	1.000
38280.000	39.000	11.000	28.000	4190.313	0.000	5770.000	6010.000	0.000	1.000	20.000
38281.000	31.000	11.000	20.000	5430.771	0.000	8510.000	9310.000	0.000	1.000	20.000
38282.000	81.000	0.000	81.000	14907.068	0.000	80000.000	10000000000.000	0.000	1.000	20.000
38283.000	18.000	17.000	1.000	4831.812	0.000	0.000	5000.000	1.000	1.000	1.000
38284.000	10.000	3.000	7.000	5988.810	0.000	5770.000	6010.000	1.000	1.000	5.000
38285.000	25.000	9.000	16.000	9001.860	0.000	8510.000	9310.000	1.000	1.000	16.000
38286.000	1.000	0.000	1.000	285758.262	0.000	80000.000	10000000000.000	1.000	1.000	1.000
38287.000	2.000	1.000	1.000	4645.590	0.000	0.000	5000.000	1.000	1.000	1.000
38288.000	15.000	0.000	15.000	5799.842	0.000	5770.000	6010.000	1.000	1.000	1.000
38289.000	1.000	0.000	1.000	8814.025	0.000	8510.000	9310.000	1.000	1.000	1.000
38290.000	81.000	0.000	81.000	12715.809	0.000	80000.000	10000000000.000	0.000	1.000	20.000
38291.000	4.000	3.000	1.000	4938.317	0.000	0.000	5000.000	1.000	1.000	1.000
38292.000	33.000	11.000	22.000	4353.219	0.000	5770.000	6010.000	0.000	1.000	20.000
38293.000	31.000	10.000	21.000	8562.756	0.000	8510.000	9310.000	1.000	1.000	19.000
38294.000	23.000	0.000	23.000	82314.825	0.000	80000.000	10000000000.000	1.000	1.000	6.000
38295.000	2.000	1.000	1.000	4238.565	0.000	0.000	5000.000	1.000	1.000	1.000
38296.000	281.000	0.000	281.000	3697.962	0.000	8510.000	9310.000	0.000	1.000	20.000
38297.000	1.000	0.000	1.000	102951.772	0.000	80000.000	10000000000.000	1.000	1.000	1.000
38298.000	4.000	3.000	1.000	4912.528	0.000	0.000	5000.000	1.000	1.000	1.000
38299.000	41.000	10.000	31.000	4285.850	0.000	5770.000	6010.000	0.000	1.000	20.000
38300.000	32.000	11.000	21.000	5283.408	0.000	8510.000	9310.000	0.000	1.000	20.000
38301.000	1.000	0.000	1.000	542803.218	0.000	80000.000	10000000000.000	1.000	1.000	1.000
38302.000	2.000	1.000	1.000	4797.950	0.000	0.000	5000.000	1.000	1.000	1.000
38303.000	41.000	11.000	30.000	4233.327	0.000	5770.000	6010.000	0.000	1.000	20.000
38304.000	18.000	4.000	14.000	8670.777	0.000	8510.000	9310.000	1.000	1.000	7.000
38305.000	2.000	0.000	2.000	120585.779	0.000	80000.000	10000000000.000	1.000	1.000	1.000
38306.000	2.000	1.000	1.000	4519.071	0.000	0.000	5000.000	1.000	1.000	1.000
38307.000	16.000	5.000	11.000	5972.368	0.000	5770.000	6010.000	1.000	1.000	9.000
38308.000	281.000	0.000	281.000	3506.828	0.000	8510.000	9310.000	0.000	1.000	20.000
38309.000	81.000	0.000	81.000	11739.664	0.000	80000.000	10000000000.000	0.000	1.000	20.000
38310.000	8.000	7.000	1.000	4792.084	0.000	0.000	5000.000	1.000	1.000	1.000
38311.000	42.000	11.000	31.000	4365.668	0.000	5770.000	6010.000	0.000	1.000	20.000
38312.000	1.000	0.000	1.000	686200.478	0.000	80000.000	10000000000.000	1.000	1.000	1.000
38313.000	2.000	1.000	1.000	4644.425	0.000	0.000	5000.000	1.000	1.000	1.000
38314.000	35.000	11.000	24.000	4782.917	0.000	5770.000	6010.000	0.000	1.000	20.000
38315.000	3.000	1.000	2.000	8813.936	0.000	8510.000	9310.000	1.000	1.000	1.000
38316.000	3.000	0.000	3.000	116298.760	0.000	80000.000	10000000000.000	1.000	1.000	1.000
38317.000	2.000	1.000	1.000	4779.975	0.000	0.000	5000.000	1.000	1.000	1.000
38318.000	7.000	4.000	3.000	5956.587	0.000	5770.000	6010.000	1.000	1.000	2.000
38319.000	36.000	11.000	25.000	5676.535	0.000	8510.000	9310.000	0.000	1.000	20.000
38320.000	1.000	0.000	1.000	135578.965	0.000	80000.000	10000000000.000	1.000	1.000	1.000
38321.000	2.000	1.000	1.000	4340.429	0.000	0.000	5000.000	1.000	1.000	1.000
38322.000	20.000	1.000	19.000	5852.818	0.000	5770.000	6010.000	1.000	1.000	3.000
38323.000	23.000	0.000	23.000	8610.460	0.000	8510.000	9310.000	1.000	1.000	2.000
38324.000	2.000	0.000	2.000	164581.710	0.000	80000.000	10000000000.000	1.000	1.000	1.000
38325.000	2.000	1.000	1.000	4831.839	0.000	0.000	5000.000	1.000	1.000	1.000
38326.000	40.000	11.000	29.000	4545.985	0.000	5770.000	6010.000	0.000	1.000	20.000
38327.000	31.000	11.000	20.000	5174.511	0.000	8510.000	9310.000	0.000	1.000	20.000
38328.000	1.000	0.000	1.000	4527.489	0.000	0.000	5000.000	1.000	1.000	1.000
38329.000	48.000	10.000	38.000	5826.951	0.000	5770.000	6010.000	1.000	1.000	19.000
38330.000	31.000	8.000	23.000	9101.953	0.000	8510.000	9310.000	1.000	1.000	15.000
38331.000	1.000	0.000	1.000	257741.743	0.000	80000.000	10000000000.000	1.000	1.000	1.000
38332.000	2.000	1.000	1.000	4468.940	0.000	0.000	5000.000	1.000	1.000	1.000
38333.000	2.000	1.000	1.000	5924.426	0.000	5770.000	6010.000	1.000	1.000	1.000
38334.000	281.000	0.000	281.000	3626.875	0.000	8510.000	9310.000	0.000	1.000	20.000
38335.000	1.000	0.000	1.000	146365.844	0.000	80000.000	10000000000.000	1.000	1.000	1.000
38336.000	3.000	2.000	1.000	4445.878	0.000	0.000	5000.000	1.000	1.000	1.000
38337.000	281.000	0.000	281.000	4149.925	0.000	5770.000	6010.000	0.000	1.000	20.000
38338.000	17.000	5.000	12.000	9134.247	0.000	8510.000	9310.000	1.000	1.000	9.000
38339.000	1.000	0.000	1.000	82361.572	0.000	80000.000	10000000000.000	1.000	1.000	1.000
38340.000	2.000	1.000	1.000	4459.824	0.000	0.000	5000.000	1.000	1.000	1.000
38341.000	13.000	4.000	9.000	5801.621	0.000	5770.000	6010.000	1.000	1.000	6.000
38342.000	13.000	6.000	7.000	8773.324	0.000	8510.000	9310.000	1.000	1.000	6.000
38343.000	81.000	0.000	81.000	3653.064	0.000	80000.000	10000000000.000	0.000	1.000	20.000
38344.000	14.000	4.000	10.000	5807.390	0.000	5770.000	6010.000	1.000	1.000	7.000
38345.000	26.000	8.000	18.000	9049.606	0.000	8510.000	9310.000	1.000	1.000	15.000
38346.000	1.000	0.000	1.000	213846.055	0.000	80000.000	10000000000.000	1.000	1.000	1.000
38347.000	2.000	1.000	1.000	4673.636	0.000	0.000	5000.000	1.000	1.000	1.000
38348.000	43.000	11.000	32.000	4231.619	0.000	5770.000	6010.000	0.000	1.000	20.000
38349.000	17.000	1.000	16.000	8818.849	0.000	8510.000	9310.000	1.000	1.000	3.000
38350.000	1.000	0.000	1.000	535125.563	0.000	80000.000	10000000000.000	1.000	1.000	1.000
38351.000	15.000	14.000	1.000	4566.598	0.000	0.000	5000.000	1.000	1.000	1.000
38352.000	29.000	7.000	22.000	5942.390	0.000	5770.000	6010.000	1.000	1.000	13.000
38353.000	5.000	2.000	3.000	8838.646	0.000	8510.000	9310.000	1.000	1.000	3.000
38354.000	81.000	0.000	81.000	24051.373	0.000	80000.000	10000000000.000	0.000	1.000	20.000
38355.000	2.000	1.000	1.000	4188.659	0.000	0.000	5000.000	1.000	1.000	1.000
38356.000	36.000	11.000	25.000	4002.430	0.000	5770.000	6010.000	0.000	1.000	20.000
38357.000	33.000	11.000	22.000	5719.932	0.000	8510.000	9310.000	0.000	1.000	20.000
38358.000	3.000	0.000	3.000	109714.770	0.000	80000.000	10000000000.000	1.000	1.000	1.000
38359.000	9.000	8.000	1.000	4785.706	0.000	0.000	5000.000	1.000	1.000	1.000
38360.000	28.000	11.000	17.000	4546.769	0.000	8510.000	9310.000	0.000	1.000	20.000
38361.000	1.000	0.000	1.000	95098.251	0.000	80000.000	10000000000.000	1.000	1.000	1.000
38362.000	7.000	6.000	1.000	4912.528	0.000	0.000	5000.000	1.000	1.000	1.000
38363.000	43.000	11.000	32.000	19930.712	0.000	5770.000	6010.000	0.000	1.000	20.000
38364.000	32.000	11.000	21.000	5918.302	0.000	8510.000	9310.000	0.000	1.000	20.000
38365.000	1.000	0.000	1.000	126991.605	0.000	80000.000	10000000000.000	1.000	1.000	1.000
38366.000	2.000	1.000	1.000	4895.614	0.000	0.000	5000.000	1.000	1.000	1.000
38367.000	23.000	7.000	16.000	5821.727	0.000	5770.000	6010.000	1.000	1.000	13.000
38368.000	30.000	9.000	21.000	9288.498	0.000	8510.000	9310.000	1.000	1.000	17.000
38369.000	4.000	0.000	4.000	134572.514	0.000	80000.000	10000000000.000	1.000	1.000	1.000
38370.000	8.000	7.000	1.000	4960.755	0.000	0.000	5000.000	1.000	1.000	1.000
38371.000	10.000	1.000	9.000	5920.798	0.000	5770.000	6010.000	1.000	1.000	3.000
38372.000	25.000	8.000	17.000	8848.352	0.000	8510.000	9310.000	1.000	1.000	15.000
38373.000	1.000	0.000	1.000	222541.921	0.000	80000.000	10000000000.000	1.000	1.000	1.000
38374.000	2.000	1.000	1.000	4450.494	0.000	0.000	5000.000	1.000	1.000	1.000
38375.000	41.000	11.000	30.000	4235.285	0.000	5770.000	6010.000	0.000	1.000	20.000
38376.000	81.000	0.000	81.000	9468.301	0.000	80000.000	10000000000.000	0.000	1.000	20.000
38377.000	7.000	6.000	1.000	4474.662	0.000	0.000	5000.000	1.000	1.000	1.000
38378.000	33.000	11.000	22.000	4389.363	0.000	5770.000	6010.000	0.000	1.000	20.000
38379.000	11.000	0.000	11.000	8632.327	0.000	8510.000	9310.000	1.000	1.000	1.000
38380.000	2.000	0.000	2.000	152149.761	0.000	80000.000	10000000000.000	1.000	1.000	1.000
38381.000	6.000	5.000	1.000	4982.457	0.000	0.000	5000.000	1.000	1.000	1.000
38382.000	42.000	11.000	31.000	4324.531	0.000	5770.000	6010.000	0.000	1.000	20.000
38383.000	13.000	4.000	9.000	8662.922	0.000	8510.000	9310.000	1.000	1.000	7.000
38384.000	57.000	0.000	57.000	100525.482	0.000	80000.000	10000000000.000	1.000	1.000	14.000
38385.000	11.000	10.000	1.000	4678.863	0.000	0.000	5000.000	1.000	1.000	1.000
38386.000	42.000	11.000	31.000	4362.232	0.000	5770.000	6010.000	0.000	1.000	20.000
38387.000	27.000	1.000	26.000	8529.184	0.000	8510.000	9310.000	1.000	1.000	4.000
38388.000	81.000	0.000	81.000	22392.042	0.000	80000.000	10000000000.000	0.000	1.000	20.000
38389.000	2.000	1.000	1.000	4307.704	0.000	0.000	5000.000	1.000	1.000	1.000
38390.000	40.000	11.000	29.000	5224.468	0.000	5770.000	6010.000	0.000	1.000	20.000
38391.000	34.000	11.000	23.000	6274.606	0.000	8510.000	9310.000	0.000	1.000	20.000
38392.000	2.000	1.000	1.000	4702.200	0.000	0.000	5000.000	1.000	1.000	1.000
38393.000	35.000	11.000	24.000	4935.824	0.000	5770.000	6010.000	0.000	1.000	20.000
38394.000	26.000	8.000	18.000	8737.733	0.000	8510.000	9310.000	1.000	1.000	15.000
38395.000	1.000	0.000	1.000	133131.271	0.000	80000.000	10000000000.000	1.000	1.000	1.000
38396.000	16.000	15.000	1.000	4394.750	0.000	0.000	5000.000	1.000	1.000	1.000
38397.000	13.000	0.000	13.000	6000.455	0.000	5770.000	6010.000	1.000	1.000	1.000
38398.000	35.000	11.000	24.000	6757.391	0.000	8510.000	9310.000	0.000	1.000	20.000
38399.000	1.000	0.000	1.000	434843.630	0.000	80000.000	10000000000.000	1.000	1.000	1.000
38400.000	14.000	13.000	1.000	4931.460	0.000	0.000	5000.000	1.000	1.000	1.000
38401.000	36.000	11.000	25.000	4248.747	0.000	5770.000	6010.000	0.000	1.000	20.000
38402.000	236.000	0.000	236.000	8915.348	0.000	8510.000	9310.000	1.000	1.000	17.000
38403.000	1.000	0.000	1.000	447593.156	0.000	80000.000	10000000000.000	1.000	1.000	1.000
38404.000	2.000	1.000	1.000	3974.859	0.000	0.000	5000.000	1.000	1.000	1.000
38405.000	4.000	1.000	3.000	5844.484	0.000	5770.000	6010.000	1.000	1.000	1.000
38406.000	32.000	11.000	21.000	4806.483	0.000	8510.000	9310.000	0.000	1.000	20.000
38407.000	1.000	0.000	1.000	206243.233	0.000	80000.000	10000000000.000	1.000	1.000	1.000
38408.000	39.000	11.000	28.000	4244.457	0.000	5770.000	6010.000	0.000	1.000	20.000
38409.000	29.000	11.000	18.000	4710.192	0.000	8510.000	9310.000	0.000	1.000	20.000
38410.000	1.000	0.000	1.000	249823.931	0.000	80000.000	10000000000.000	1.000	1.000	1.000
38411.000	4.000	3.000	1.000	4802.160	0.000	0.000	5000.000	1.000	1.000	1.000
38412.000	41.000	11.000	30.000	4422.964	0.000	5770.000	6010.000	0.000	1.000	20.000
38413.000	281.000	0.000	281.000	3485.309	0.000	8510.000	9310.000	0.000	1.000	20.000
38414.000	1.000	0.000	1.000	692205.036	0.000	80000.000	10000000000.000	1.000	1.000	1.000
38415.000	2.000	1.000	1.000	4311.695	0.000	0.000	5000.000	1.000	1.000	1.000
38416.000	281.000	0.000	281.000	3611.686	0.000	5770.000	6010.000	0.000	1.000	20.000
38417.000	32.000	11.000	21.000	5141.855	0.000	8510.000	9310.000	0.000	1.000	20.000
38418.000	1.000	0.000	1.000	200863.487	0.000	80000.000	10000000000.000	1.000	1.000	1.000
38419.000	2.000	1.000	1.000	4433.104	0.000	0.000	5000.000	1.000	1.000	1.000
38420.000	28.000	8.000	20.000	5868.251	0.000	5770.000	6010.000	1.000	1.000	13.000
38421.000	30.000	9.000	21.000	8891.935	0.000	8510.000	9310.000	1.000	1.000	17.000
38422.000	81.000	0.000	81.000	10189.654	0.000	80000.000	10000000000.000	0.000	1.000	20.000
38423.000	2.000	1.000	1.000	3998.292	0.000	0.000	5000.000	1.000	1.000	1.000
38424.000	32.000	11.000	21.000	5130.698	0.000	8510.000	9310.000	0.000	1.000	20.000
38425.000	1.000	0.000	1.000	90953.207	0.000	80000.000	10000000000.000	1.000	1.000	1.000
38426.000	2.000	1.000	1.000	4394.373	0.000	0.000	5000.000	1.000	1.000	1.000
38427.000	16.000	4.000	12.000	5946.492	0.000	5770.000	6010.000	1.000	1.000	7.000
38428.000	32.000	11.000	21.000	4629.303	0.000	8510.000	9310.000	0.000	1.000	20.000
38429.000	81.000	0.000	81.000	15966.152	0.000	80000.000	10000000000.000	0.000	1.000	20.000
38430.000	5.000	4.000	1.000	4815.474	0.000	0.000	5000.000	1.000	1.000	1.000
38431.000	28.000	8.000	20.000	5869.756	0.000	5770.000	6010.000	1.000	1.000	9.000
38432.000	32.000	11.000	21.000	5255.486	0.000	8510.000	9310.000	0.000	1.000	20.000
38433.000	1.000	0.000	1.000	185254.814	0.000	80000.000	10000000000.000	1.000	1.000	1.000
38434.000	14.000	13.000	1.000	4931.516	0.000	0.000	5000.000	1.000	1.000	1.000
38435.000	28.000	8.000	20.000	5856.521	0.000	5770.000	6010.000	1.000	1.000	15.000
38436.000	32.000	11.000	21.000	5470.787	0.000	8510.000	9310.000	0.000	1.000	20.000
38437.000	81.000	0.000	81.000	3532.353	0.000	80000.000	10000000000.000	0.000	1.000	20.000
38438.000	2.000	1.000	1.000	4228.904	0.000	0.000	5000.000	1.000	1.000	1.000
38439.000	41.000	11.000	30.000	4162.750	0.000	5770.000	6010.000	0.000	1.000	20.000
38440.000	1.000	0.000	1.000	101890.921	0.000	80000.000	10000000000.000	1.000	1.000	1.000
38441.000	2.000	1.000	1.000	4373.150	0.000	0.000	5000.000	1.000	1.000	1.000
38442.000	19.000	8.000	11.000	5912.752	0.000	5770.000	6010.000	1.000	1.000	2.000
38443.000	23.000	6.000	17.000	8741.595	0.000	8510.000	9310.000	1.000	1.000	11.000
38444.000	1.000	0.000	1.000	89099.885	0.000	80000.000	10000000000.000	1.000	1.000	1.000
38445.000	4.000	3.000	1.000	4978.352	0.000	0.000	5000.000	1.000	1.000	1.000
38446.000	42.000	11.000	31.000	4416.902	0.000	5770.000	6010.000	0.000	1.000	20.000
38447.000	32.000	11.000	21.000	5179.069	0.000	8510.000	9310.000	0.000	1.000	20.000
38448.000	1.000	0.000	1.000	103404.438	0.000	80000.000	10000000000.000	1.000	1.000	1.000
38449.000	1.000	0.000	1.000	3689.229	0.000	0.000	5000.000	1.000	1.000	1.000
38450.000	37.000	9.000	28.000	5994.338	0.000	5770.000	6010.000	1.000	1.000	17.000
38451.000	16.000	5.000	11.000	8948.538	0.000	8510.000	9310.000	1.000	1.000	9.000
38452.000	2.000	0.000	2.000	233719.588	0.000	80000.000	10000000000.000	1.000	1.000	1.000
38453.000	2.000	1.000	1.000	4697.326	0.000	0.000	5000.000	1.000	1.000	1.000
38454.000	7.000	2.000	5.000	5863.743	0.000	5770.000	6010.000	1.000	1.000	3.000
38455.000	19.000	6.000	13.000	9205.270	0.000	8510.000	9310.000	1.000	1.000	11.000
38200.000	62.000	11.000	51.000	4977.013	0.000	5770.000	6010.000	0.000	1.000	20.000
38201.000	32.000	11.000	21.000	5150.102	0.000	8510.000	9310.000	0.000	1.000	20.000
38202.000	1.000	0.000	1.000	179892.968	0.000	80000.000	10000000000.000	1.000	1.000	1.000
38203.000	6.000	5.000	1.000	4895.944	0.000	0.000	5000.000	1.000	1.000	1.000
38204.000	41.000	11.000	30.000	4194.878	0.000	5770.000	6010.000	0.000	1.000	20.000
38205.000	14.000	5.000	9.000	8624.285	0.000	8510.000	9310.000	1.000	1.000	8.000
38206.000	1.000	0.000	1.000	285196.313	0.000	80000.000	10000000000.000	1.000	1.000	1.000
38207.000	1.000	0.000	1.000	3481.753	0.000	0.000	5000.000	1.000	1.000	1.000
38208.000	9.000	4.000	5.000	5952.227	0.000	5770.000	6010.000	1.000	1.000	4.000
38209.000	38.000	11.000	27.000	6049.766	0.000	8510.000	9310.000	0.000	1.000	20.000
38210.000	81.000	0.000	81.000	3808.257	0.000	80000.000	10000000000.000	0.000	1.000	20.000
38211.000	2.000	1.000	1.000	3840.274	0.000	0.000	5000.000	1.000	1.000	1.000
38212.000	7.000	5.000	2.000	5880.148	0.000	5770.000	6010.000	1.000	1.000	2.000
38213.000	32.000	11.000	21.000	5381.865	0.000	8510.000	9310.000	0.000	1.000	20.000
38214.000	1.000	0.000	1.000	135304.901	0.000	80000.000	10000000000.000	1.000	1.000	1.000
38215.000	42.000	11.000	31.000	4930.873	0.000	5770.000	6010.000	0.000	1.000	20.000
38216.000	31.000	10.000	21.000	8744.757	0.000	8510.000	9310.000	1.000	1.000	19.000
38217.000	1.000	0.000	1.000	108795.688	0.000	80000.000	10000000000.000	1.000	1.000	1.000
38218.000	1.000	0.000	1.000	3486.622	0.000	0.000	5000.000	1.000	1.000	1.000
38219.000	281.000	0.000	281.000	3801.967	0.000	5770.000	6010.000	0.000	1.000	20.000
38220.000	281.000	0.000	281.000	3572.495	0.000	8510.000	9310.000	0.000	1.000	20.000
38221.000	3.000	0.000	3.000	110298.871	0.000	80000.000	10000000000.000	1.000	1.000	1.000
38222.000	17.000	16.000	1.000	4778.636	0.000	0.000	5000.000	1.000	1.000	1.000
38223.000	36.000	11.000	25.000	4336.665	0.000	5770.000	6010.000	0.000	1.000	20.000
38224.000	281.000	0.000	281.000	3407.033	0.000	8510.000	9310.000	0.000	1.000	20.000
38225.000	1.000	0.000	1.000	241503.583	0.000	80000.000	10000000000.000	1.000	1.000	1.000
38226.000	2.000	1.000	1.000	4396.038	0.000	0.000	5000.000	1.000	1.000	1.000
38227.000	24.000	6.000	18.000	5938.416	0.000	5770.000	6010.000	1.000	1.000	11.000
38228.000	27.000	11.000	16.000	5103.525	0.000	8510.000	9310.000	0.000	1.000	20.000
38229.000	1.000	0.000	1.000	156191.736	0.000	80000.000	10000000000.000	1.000	1.000	1.000
38230.000	2.000	1.000	1.000	3977.239	0.000	0.000	5000.000	1.000	1.000	1.000
38231.000	13.000	0.000	13.000	8789.808	0.000	8510.000	9310.000	1.000	1.000	1.000
38232.000	1.000	0.000	1.000	230073.589	0.000	80000.000	10000000000.000	1.000	1.000	1.000
38233.000	2.000	1.000	1.000	4901.073	0.000	0.000	5000.000	1.000	1.000	1.000
38234.000	32.000	8.000	24.000	5900.083	0.000	5770.000	6010.000	1.000	1.000	15.000
38235.000	31.000	11.000	20.000	5233.896	0.000	8510.000	9310.000	0.000	1.000	20.000
38236.000	81.000	0.000	81.000	16396.059	0.000	80000.000	10000000000.000	0.000	1.000	20.000
38237.000	2.000	1.000	1.000	4398.927	0.000	0.000	5000.000	1.000	1.000	1.000
38238.000	12.000	3.000	9.000	5903.005	0.000	5770.000	6010.000	1.000	1.000	5.000
38239.000	32.000	11.000	21.000	5509.060	0.000	8510.000	9310.000	0.000	1.000	20.000
38240.000	1.000	0.000	1.000	119887.991	0.000	80000.000	10000000000.000	1.000	1.000	1.000
38241.000	3.000	2.000	1.000	4988.483	0.000	0.000	5000.000	1.000	1.000	1.000
38242.000	4.000	1.000	3.000	6006.130	0.000	5770.000	6010.000	1.000	1.000	1.000
38243.000	25.000	1.000	24.000	8680.378	0.000	8510.000	9310.000	1.000	1.000	3.000
38244.000	2.000	0.000	2.000	203684.551	0.000	80000.000	10000000000.000	1.000	1.000	1.000
38245.000	3.000	2.000	1.000	4814.621	0.000	0.000	5000.000	1.000	1.000	1.000
38246.000	42.000	11.000	31.000	4435.974	0.000	5770.000	6010.000	0.000	1.000	20.000
38247.000	81.000	0.000	81.000	12273.344	0.000	80000.000	10000000000.000	0.000	1.000	20.000
38248.000	2.000	1.000	1.000	4914.082	0.000	0.000	5000.000	1.000	1.000	1.000
38249.000	22.000	6.000	16.000	5800.576	0.000	5770.000	6010.000	1.000	1.000	11.000
38250.000	31.000	11.000	20.000	5225.472	0.000	8510.000	9310.000	0.000	1.000	20.000
38251.000	1.000	0.000	1.000	81337.642	0.000	80000.000	10000000000.000	1.000	1.000	1.000
38252.000	6.000	5.000	1.000	4958.946	0.000	0.000	5000.000	1.000	1.000	1.000
38253.000	16.000	7.000	9.000	5809.484	0.000	5770.000	6010.000	1.000	1.000	4.000
38254.000	31.000	10.000	21.000	9100.335	0.000	8510.000	9310.000	1.000	1.000	19.000
38255.000	1.000	0.000	1.000	126622.018	0.000	80000.000	10000000000.000	1.000	1.000	1.000
38256.000	17.000	16.000	1.000	4835.840	0.000	0.000	5000.000	1.000	1.000	1.000
38257.000	2.000	1.000	1.000	5823.168	0.000	5770.000	6010.000	1.000	1.000	1.000
38258.000	16.000	2.000	14.000	9265.651	0.000	8510.000	9310.000	1.000	1.000	3.000
38259.000	1.000	0.000	1.000	196464.433	0.000	80000.000	10000000000.000	1.000	1.000	1.000
38260.000	2.000	1.000	1.000	4794.751	0.000	0.000	5000.000	1.000	1.000	1.000
38261.000	38.000	11.000	27.000	4984.483	0.000	5770.000	6010.000	0.000	1.000	20.000
38262.000	12.000	4.000	8.000	9268.217	0.000	8510.000	9310.000	1.000	1.000	7.000
38263.000	6.000	5.000	1.000	4750.668	0.000	0.000	5000.000	1.000	1.000	1.000
38264.000	38.000	11.000	27.000	4697.529	0.000	5770.000	6010.000	0.000	1.000	20.000
38265.000	15.000	4.000	11.000	8970.494	0.000	8510.000	9310.000	1.000	1.000	7.000
38266.000	22.000	0.000	22.000	115266.579	0.000	80000.000	10000000000.000	1.000	1.000	6.000
38267.000	2.000	1.000	1.000	4329.975	0.000	0.000	5000.000	1.000	1.000	1.000
38268.000	8.000	2.000	6.000	5872.687	0.000	5770.000	6010.000	1.000	1.000	3.000
38269.000	29.000	11.000	18.000	4651.401	0.000	8510.000	9310.000	0.000	1.000	20.000
38270.000	1.000	0.000	1.000	119460.059	0.000	80000.000	10000000000.000	1.000	1.000	1.000
38271.000	2.000	1.000	1.000	4672.481	0.000	0.000	5000.000	1.000	1.000	1.000
38272.000	18.000	5.000	13.000	5824.182	0.000	5770.000	6010.000	1.000	1.000	9.000
38273.000	281.000	0.000	281.000	3818.937	0.000	8510.000	9310.000	0.000	1.000	20.000
38274.000	81.000	0.000	81.000	13771.987	0.000	80000.000	10000000000.000	0.000	1.000	20.000
38275.000	12.000	11.000	1.000	4821.023	0.000	0.000	5000.000	1.000	1.000	1.000
38276.000	35.000	11.000	24.000	4846.236	0.000	5770.000	6010.000	0.000	1.000	20.000
38277.000	15.000	8.000	7.000	8806.176	0.000	8510.000	9310.000	1.000	1.000	9.000
38278.000	1.000	0.000	1.000	482862.543	0.000	80000.000	10000000000.000	1.000	1.000	1.000
38279.000	5.000	1.000	4.000	5951.291	0.000	5770.000	6010.000	1.000	1.000	1.000
38280.000	26.000	11.000	15.000	4623.277	0.000	8510.000	9310.000	0.000	1.000	20.000
38281.000	1.000	0.000	1.000	118888.799	0.000	80000.000	10000000000.000	1.000	1.000	1.000
38282.000	8.000	7.000	1.000	4974.083	0.000	0.000	5000.000	1.000	1.000	1.000
38283.000	45.000	11.000	34.000	4659.720	0.000	5770.000	6010.000	0.000	1.000	20.000
38284.000	33.000	11.000	22.000	4822.867	0.000	8510.000	9310.000	0.000	1.000	20.000
38285.000	1.000	0.000	1.000	96383.352	0.000	80000.000	10000000000.000	1.000	1.000	1.000
38286.000	3.000	2.000	1.000	4861.316	0.000	0.000	5000.000	1.000	1.000	1.000
38287.000	8.000	2.000	6.000	5834.844	0.000	5770.000	6010.000	1.000	1.000	3.000
38288.000	96.000	0.000	96.000	8714.718	0.000	8510.000	9310.000	1.000	1.000	7.000
38289.000	81.000	0.000	81.000	16749.215	0.000	80000.000	10000000000.000	0.000	1.000	20.000
38290.000	5.000	4.000	1.000	4818.461	0.000	0.000	5000.000	1.000	1.000	1.000
38291.000	4.000	3.000	1.000	5989.098	0.000	5770.000	6010.000	1.000	1.000	1.000
38292.000	27.000	10.000	17.000	8924.858	0.000	8510.000	9310.000	1.000	1.000	19.000
38293.000	1.000	0.000	1.000	141556.096	0.000	80000.000	10000000000.000	1.000	1.000	1.000
38294.000	8.000	7.000	1.000	4995.729	0.000	0.000	5000.000	1.000	1.000	1.000
38295.000	28.000	11.000	17.000	4703.598	0.000	8510.000	9310.000	0.000	1.000	20.000
38296.000	81.000	0.000	81.000	3772.790	0.000	80000.000	10000000000.000	0.000	1.000	20.000
38297.000	2.000	1.000	1.000	4696.109	0.000	0.000	5000.000	1.000	1.000	1.000
38298.000	14.000	2.000	12.000	5961.320	0.000	5770.000	6010.000	1.000	1.000	5.000
38299.000	3.000	1.000	2.000	9067.334	0.000	8510.000	9310.000	1.000	1.000	1.000
38300.000	1.000	0.000	1.000	213478.810	0.000	80000.000	10000000000.000	1.000	1.000	1.000
38301.000	2.000	1.000	1.000	4832.751	0.000	0.000	5000.000	1.000	1.000	1.000
38302.000	2.000	1.000	1.000	6006.586	0.000	5770.000	6010.000	1.000	1.000	1.000
38303.000	30.000	11.000	19.000	4681.909	0.000	8510.000	9310.000	0.000	1.000	20.000
38304.000	1.000	0.000	1.000	353998.578	0.000	80000.000	10000000000.000	1.000	1.000	1.000
38305.000	7.000	6.000	1.000	4704.589	0.000	0.000	5000.000	1.000	1.000	1.000
38306.000	2.000	1.000	1.000	5858.808	0.000	5770.000	6010.000	1.000	1.000	1.000
38307.000	28.000	10.000	18.000	9208.583	0.000	8510.000	9310.000	1.000	1.000	19.000
38308.000	81.000	0.000	81.000	3504.159	0.000	80000.000	10000000000.000	0.000	1.000	20.000
38309.000	12.000	11.000	1.000	4853.669	0.000	0.000	5000.000	1.000	1.000	1.000
38310.000	7.000	1.000	6.000	5844.367	0.000	5770.000	6010.000	1.000	1.000	1.000
38311.000	1.000	0.000	1.000	209017.531	0.000	80000.000	10000000000.000	1.000	1.000	1.000
38312.000	2.000	1.000	1.000	4520.621	0.000	0.000	5000.000	1.000	1.000	1.000
38313.000	25.000	8.000	17.000	5877.884	0.000	5770.000	6010.000	1.000	1.000	15.000
38314.000	6.000	2.000	4.000	9140.100	0.000	8510.000	9310.000	1.000	1.000	3.000
38315.000	1.000	0.000	1.000	394972.883	0.000	80000.000	10000000000.000	1.000	1.000	1.000
38316.000	2.000	1.000	1.000	3773.330	0.000	0.000	5000.000	1.000	1.000	1.000
38317.000	25.000	7.000	18.000	5870.587	0.000	5770.000	6010.000	1.000	1.000	13.000
38318.000	12.000	0.000	12.000	8707.044	0.000	8510.000	9310.000	1.000	1.000	1.000
38319.000	11.000	0.000	11.000	101180.060	0.000	80000.000	10000000000.000	1.000	1.000	3.000
38320.000	2.000	1.000	1.000	4596.583	0.000	0.000	5000.000	1.000	1.000	1.000
38321.000	39.000	11.000	28.000	4397.260	0.000	5770.000	6010.000	0.000	1.000	20.000
38322.000	36.000	1.000	35.000	8561.156	0.000	8510.000	9310.000	1.000	1.000	4.000
38323.000	81.000	0.000	81.000	7621.581	0.000	80000.000	10000000000.000	0.000	1.000	20.000
38324.000	2.000	1.000	1.000	4505.103	0.000	0.000	5000.000	1.000	1.000	1.000
38325.000	41.000	11.000	30.000	4407.372	0.000	5770.000	6010.000	0.000	1.000	20.000
38326.000	32.000	11.000	21.000	5033.849	0.000	8510.000	9310.000	0.000	1.000	20.000
38327.000	14.000	13.000	1.000	4656.404	0.000	0.000	5000.000	1.000	1.000	1.000
38328.000	281.000	0.000	281.000	3912.151	0.000	5770.000	6010.000	0.000	1.000	20.000
38329.000	14.000	3.000	11.000	8980.492	0.000	8510.000	9310.000	1.000	1.000	5.000
38330.000	1.000	0.000	1.000	235172.408	0.000	80000.000	10000000000.000	1.000	1.000	1.000
38331.000	10.000	9.000	1.000	4996.188	0.000	0.000	5000.000	1.000	1.000	1.000
38332.000	42.000	11.000	31.000	4382.312	0.000	5770.000	6010.000	0.000	1.000	20.000
38333.000	9.000	3.000	6.000	8672.419	0.000	8510.000	9310.000	1.000	1.000	4.000
38334.000	81.000	0.000	81.000	3668.326	0.000	80000.000	10000000000.000	0.000	1.000	20.000
38335.000	2.000	1.000	1.000	4344.915	0.000	0.000	5000.000	1.000	1.000	1.000
38336.000	13.000	4.000	9.000	5979.550	0.000	5770.000	6010.000	1.000	1.000	6.000
38337.000	281.000	0.000	281.000	4148.144	0.000	8510.000	9310.000	0.000	1.000	20.000
38338.000	1.000	0.000	1.000	84521.597	0.000	80000.000	10000000000.000	1.000	1.000	1.000
38339.000	20.000	19.000	1.000	4760.284	0.000	0.000	5000.000	1.000	1.000	1.000
38340.000	34.000	11.000	23.000	4495.444	0.000	5770.000	6010.000	0.000	1.000	20.000
38341.000	31.000	11.000	20.000	4936.860	0.000	8510.000	9310.000	0.000	1.000	20.000
38342.000	4.000	0.000	4.000	81072.404	0.000	80000.000	10000000000.000	1.000	1.000	1.000
38343.000	281.000	0.000	281.000	3711.780	0.000	5770.000	6010.000	0.000	1.000	20.000
38344.000	13.000	4.000	9.000	8997.485	0.000	8510.000	9310.000	1.000	1.000	7.000
38345.000	1.000	0.000	1.000	177002.139	0.000	80000.000	10000000000.000	1.000	1.000	1.000
38346.000	2.000	1.000	1.000	4266.371	0.000	0.000	5000.000	1.000	1.000	1.000
38347.000	4.000	1.000	3.000	5891.973	0.000	5770.000	6010.000	1.000	1.000	1.000
38348.000	9.000	3.000	6.000	9196.806	0.000	8510.000	9310.000	1.000	1.000	5.000
38349.000	81.000	0.000	81.000	16082.120	0.000	80000.000	10000000000.000	0.000	1.000	20.000
38350.000	2.000	1.000	1.000	4871.468	0.000	0.000	5000.000	1.000	1.000	1.000
38351.000	12.000	1.000	11.000	5963.731	0.000	5770.000	6010.000	1.000	1.000	2.000
38352.000	26.000	8.000	18.000	9147.018	0.000	8510.000	9310.000	1.000	1.000	15.000
38353.000	1.000	0.000	1.000	161287.073	0.000	80000.000	10000000000.000	1.000	1.000	1.000
38354.000	4.000	3.000	1.000	4959.115	0.000	0.000	5000.000	1.000	1.000	1.000
38355.000	33.000	11.000	22.000	4285.386	0.000	5770.000	6010.000	0.000	1.000	20.000
38356.000	3.000	1.000	2.000	8798.251	0.000	8510.000	9310.000	1.000	1.000	1.000
38357.000	1.000	0.000	1.000	96064.134	0.000	80000.000	10000000000.000	1.000	1.000	1.000
38358.000	2.000	1.000	1.000	3937.893	0.000	0.000	5000.000	1.000	1.000	1.000
38359.000	11.000	1.000	10.000	9301.207	0.000	8510.000	9310.000	1.000	1.000	3.000
38360.000	3.000	0.000	3.000	127121.470	0.000	80000.000	10000000000.000	1.000	1.000	1.000
38361.000	2.000	1.000	1.000	4679.165	0.000	0.000	5000.000	1.000	1.000	1.000
38362.000	3.000	2.000	1.000	5990.665	0.000	5770.000	6010.000	1.000	1.000	1.000
38363.000	34.000	11.000	23.000	5346.351	0.000	8510.000	9310.000	0.000	1.000	20.000
38364.000	1.000	0.000	1.000	284357.522	0.000	80000.000	10000000000.000	1.000	1.000	1.000
38365.000	2.000	1.000	1.000	4861.724	0.000	0.000	5000.000	1.000	1.000	1.000
38366.000	42.000	11.000	31.000	4505.756	0.000	5770.000	6010.000	0.000	1.000	20.000
38367.000	28.000	9.000	19.000	8938.518	0.000	8510.000	9310.000	1.000	1.000	17.000
38368.000	1.000	0.000	1.000	181392.989	0.000	80000.000	10000000000.000	1.000	1.000	1.000
38369.000	2.000	1.000	1.000	4494.237	0.000	0.000	5000.000	1.000	1.000	1.000
38370.000	9.000	2.000	7.000	5772.103	0.000	5770.000	6010.000	1.000	1.000	3.000
38371.000	15.000	0.000	15.000	8904.218	0.000	8510.000	9310.000	1.000	1.000	1.000
38372.000	1.000	0.000	1.000	86954.097	0.000	80000.000	10000000000.000	1.000	1.000	1.000
38373.000	2.000	1.000	1.000	4943.226	0.000	0.000	5000.000	1.000	1.000	1.000
38374.000	42.000	11.000	31.000	4361.488	0.000	5770.000	6010.000	0.000	1.000	20.000
38375.000	2.000	0.000	2.000	84727.344	0.000	80000.000	10000000000.000	1.000	1.000	1.000
38376.000	7.000	6.000	1.000	4949.834	0.000	0.000	5000.000	1.000	1.000	1.000
38377.000	41.000	11.000	30.000	4467.402	0.000	5770.000	6010.000	0.000	1.000	20.000
38378.000	31.000	11.000	20.000	4987.797	0.000	8510.000	9310.000	0.000	1.000	20.000
38379.000	81.000	0.000	81.000	10285.893	0.000	80000.000	10000000000.000	0.000	1.000	20.000
38380.000	4.000	3.000	1.000	4918.193	0.000	0.000	5000.000	1.000	1.000	1.000
38381.000	12.000	4.000	8.000	5859.834	0.000	5770.000	6010.000	1.000	1.000	4.000
38382.000	32.000	11.000	21.000	4961.491	0.000	8510.000	9310.000	0.000	1.000	20.000
38383.000	2.000	0.000	2.000	199665.150	0.000	80000.000	10000000000.000	1.000	1.000	1.000
38384.000	13.000	12.000	1.000	4698.797	0.000	0.000	5000.000	1.000	1.000	1.000
38385.000	2.000	1.000	1.000	5948.158	0.000	5770.000	6010.000	1.000	1.000	1.000
38386.000	31.000	11.000	20.000	4747.765	0.000	8510.000	9310.000	0.000	1.000	20.000
38387.000	81.000	0.000	81.000	6939.707	0.000	80000.000	10000000000.000	0.000	1.000	20.000
38388.000	12.000	11.000	1.000	4735.621	0.000	0.000	5000.000	1.000	1.000	1.000
38389.000	8.000	2.000	6.000	6005.508	0.000	5770.000	6010.000	1.000	1.000	3.000
38390.000	33.000	11.000	22.000	5930.766	0.000	8510.000	9310.000	0.000	1.000	20.000
38391.000	2.000	1.000	1.000	4496.025	0.000	0.000	5000.000	1.000	1.000	1.000
38392.000	41.000	11.000	30.000	4533.291	0.000	5770.000	6010.000	0.000	1.000	20.000
38393.000	25.000	8.000	17.000	9188.066	0.000	8510.000	9310.000	1.000	1.000	15.000
38394.000	2.000	0.000	2.000	314467.522	0.000	80000.000	10000000000.000	1.000	1.000	1.000
38395.000	2.000	1.000	1.000	4130.894	0.000	0.000	5000.000	1.000	1.000	1.000
38396.000	14.000	2.000	12.000	5903.766	0.000	5770.000	6010.000	1.000	1.000	3.000
38397.000	13.000	0.000	13.000	8804.839	0.000	8510.000	9310.000	1.000	1.000	1.000
38398.000	2.000	0.000	2.000	213793.514	0.000	80000.000	10000000000.000	1.000	1.000	1.000
38399.000	7.000	6.000	1.000	4985.425	0.000	0.000	5000.000	1.000	1.000	1.000
38400.000	11.000	0.000	11.000	5892.372	0.000	5770.000	6010.000	1.000	1.000	1.000
38401.000	27.000	11.000	16.000	4596.146	0.000	8510.000	9310.000	0.000	1.000	20.000
38402.000	81.000	0.000	81.000	8476.507	0.000	80000.000	10000000000.000	0.000	1.000	20.000
38403.000	15.000	14.000	1.000	4988.197	0.000	0.000	5000.000	1.000	1.000	1.000
38404.000	33.000	11.000	22.000	4222.378	0.000	5770.000	6010.000	0.000	1.000	20.000
38405.000	3.000	1.000	2.000	8782.711	0.000	8510.000	9310.000	1.000	1.000	1.000
38406.000	1.000	0.000	1.000	412968.123	0.000	80000.000	10000000000.000	1.000	1.000	1.000
38407.000	14.000	4.000	10.000	5832.614	0.000	5770.000	6010.000	1.000	1.000	6.000
38408.000	33.000	11.000	22.000	4660.120	0.000	8510.000	9310.000	0.000	1.000	20.000
38409.000	1.000	0.000	1.000	103490.525	0.000	80000.000	10000000000.000	1.000	1.000	1.000
38410.000	2.000	1.000	1.000	4476.803	0.000	0.000	5000.000	1.000	1.000	1.000
38411.000	2.000	1.000	1.000	5900.203	0.000	5770.000	6010.000	1.000	1.000	1.000
38412.000	29.000	9.000	20.000	8882.857	0.000	8510.000	9310.000	1.000	1.000	17.000
38413.000	81.000	0.000	81.000	3501.170	0.000	80000.000	10000000000.000	0.000	1.000	20.000
38414.000	7.000	6.000	1.000	4837.587	0.000	0.000	5000.000	1.000	1.000	1.000
38415.000	36.000	11.000	25.000	4307.853	0.000	5770.000	6010.000	0.000	1.000	20.000
38416.000	281.000	0.000	281.000	3578.990	0.000	8510.000	9310.000	0.000	1.000	20.000
38417.000	1.000	0.000	1.000	136622.031	0.000	80000.000	10000000000.000	1.000	1.000	1.000
38418.000	2.000	1.000	1.000	4797.870	0.000	0.000	5000.000	1.000	1.000	1.000
38419.000	30.000	9.000	21.000	5792.622	0.000	5770.000	6010.000	1.000	1.000	17.000
38420.000	15.000	6.000	9.000	9116.066	0.000	8510.000	9310.000	1.000	1.000	7.000
38421.000	1.000	0.000	1.000	329470.067	0.000	80000.000	10000000000.000	1.000	1.000	1.000
38422.000	14.000	13.000	1.000	4948.258	0.000	0.000	5000.000	1.000	1.000	1.000
38423.000	3.000	1.000	2.000	9187.775	0.000	8510.000	9310.000	1.000	1.000	1.000
38424.000	1.000	0.000	1.000	361498.924	0.000	80000.000	10000000000.000	1.000	1.000	1.000
38425.000	2.000	1.000	1.000	4197.651	0.000	0.000	5000.000	1.000	1.000	1.000
38426.000	41.000	11.000	30.000	4621.362	0.000	5770.000	6010.000	0.000	1.000	20.000
38427.000	34.000	11.000	23.000	5220.237	0.000	8510.000	9310.000	0.000	1.000	20.000
38428.000	1.000	0.000	1.000	397136.052	0.000	80000.000	10000000000.000	1.000	1.000	1.000
38429.000	17.000	16.000	1.000	4547.126	0.000	0.000	5000.000	1.000	1.000	1.000
38430.000	4.000	3.000	1.000	5845.662	0.000	5770.000	6010.000	1.000	1.000	1.000
38431.000	18.000	4.000	14.000	8676.137	0.000	8510.000	9310.000	1.000	1.000	6.000
38432.000	1.000	0.000	1.000	457717.145	0.000	80000.000	10000000000.000	1.000	1.000	1.000
38433.000	2.000	1.000	1.000	4486.058	0.000	0.000	5000.000	1.000	1.000	1.000
38434.000	14.000	3.000	11.000	5832.419	0.000	5770.000	6010.000	1.000	1.000	2.000
38435.000	32.000	11.000	21.000	5203.194	0.000	8510.000	9310.000	0.000	1.000	20.000
38436.000	1.000	0.000	1.000	142227.079	0.000	80000.000	10000000000.000	1.000	1.000	1.000
38437.000	1.000	0.000	1.000	3534.361	0.000	0.000	5000.000	1.000	1.000	1.000
38438.000	29.000	8.000	21.000	5996.155	0.000	5770.000	6010.000	1.000	1.000	15.000
38439.000	2.000	0.000	2.000	173438.867	0.000	80000.000	10000000000.000	1.000	1.000	1.000
38440.000	2.000	1.000	1.000	4829.827	0.000	0.000	5000.000	1.000	1.000	1.000
38441.000	29.000	7.000	22.000	6009.780	0.000	5770.000	6010.000	1.000	1.000	13.000
38442.000	33.000	11.000	22.000	13532.744	0.000	8510.000	9310.000	0.000	1.000	20.000
38443.000	1.000	0.000	1.000	80509.822	0.000	80000.000	10000000000.000	1.000	1.000	1.000
38444.000	2.000	1.000	1.000	4289.442	0.000	0.000	5000.000	1.000	1.000	1.000
38445.000	33.000	11.000	22.000	4718.160	0.000	5770.000	6010.000	0.000	1.000	20.000
38446.000	20.000	6.000	14.000	8725.291	0.000	8510.000	9310.000	1.000	1.000	11.000
38447.000	1.000	0.000	1.000	104421.968	0.000	80000.000	10000000000.000	1.000	1.000	1.000
38448.000	2.000	1.000	1.000	4185.093	0.000	0.000	5000.000	1.000	1.000	1.000
38449.000	281.000	0.000	281.000	3693.692	0.000	5770.000	6010.000	0.000	1.000	20.000
38450.000	9.000	3.000	6.000	8597.953	0.000	8510.000	9310.000	1.000	1.000	5.000
38451.000	1.000	0.000	1.000	225074.679	0.000	80000.000	10000000000.000	1.000	1.000	1.000
38452.000	2.000	1.000	1.000	4995.930	0.000	0.000	5000.000	1.000	1.000	1.000
38453.000	2.000	1.000	1.000	5899.003	0.000	5770.000	6010.000	1.000	1.000	1.000
38454.000	37.000	11.000	26.000	6580.774	0.000	8510.000	9310.000	0.000	1.000	20.000
38455.000	2.000	1.000	1.000	4583.653	0.000	0.000	5000.000	1.000	1.000	1.000
38200.000	1.000	0.000	1.000	8553.077	0.000	8510.000	9310.000	1.000	1.000	1.000
38201.000	1.000	0.000	1.000	322629.213	0.000	80000.000	10000000000.000	1.000	1.000	1.000
38202.000	2.000	1.000	1.000	4570.484	0.000	0.000	5000.000	1.000	1.000	1.000
38203.000	37.000	11.000	26.000	4698.594	0.000	5770.000	6010.000	0.000	1.000	20.000
38204.000	22.000	7.000	15.000	9146.249	0.000	8510.000	9310.000	1.000	1.000	13.000
38205.000	1.000	0.000	1.000	338045.753	0.000	80000.000	10000000000.000	1.000	1.000	1.000
38206.000	5.000	4.000	1.000	4603.733	0.000	0.000	5000.000	1.000	1.000	1.000
38207.000	281.000	0.000	281.000	3513.497	0.000	5770.000	6010.000	0.000	1.000	20.000
38208.000	31.000	11.000	20.000	8863.675	0.000	8510.000	9310.000	1.000	1.000	20.000
38209.000	1.000	0.000	1.000	119214.562	0.000	80000.000	10000000000.000	1.000	1.000	1.000
38210.000	1.000	0.000	1.000	3777.474	0.000	0.000	5000.000	1.000	1.000	1.000
38211.000	35.000	11.000	24.000	4041.505	0.000	5770.000	6010.000	0.000	1.000	20.000
38212.000	6.000	4.000	2.000	8960.702	0.000	8510.000	9310.000	1.000	1.000	3.000
38213.000	1.000	0.000	1.000	102370.403	0.000	80000.000	10000000000.000	1.000	1.000	1.000
38214.000	7.000	4.000	3.000	5774.976	0.000	5770.000	6010.000	1.000	1.000	3.000
38215.000	33.000	11.000	22.000	5488.074	0.000	8510.000	9310.000	0.000	1.000	20.000
38216.000	1.000	0.000	1.000	412185.646	0.000	80000.000	10000000000.000	1.000	1.000	1.000
38217.000	2.000	1.000	1.000	4496.443	0.000	0.000	5000.000	1.000	1.000	1.000
38218.000	281.000	0.000	281.000	3501.156	0.000	5770.000	6010.000	0.000	1.000	20.000
38219.000	281.000	0.000	281.000	3758.563	0.000	8510.000	9310.000	0.000	1.000	20.000
38220.000	81.000	0.000	81.000	3558.266	0.000	80000.000	10000000000.000	0.000	1.000	20.000
38221.000	13.000	12.000	1.000	4804.626	0.000	0.000	5000.000	1.000	1.000	1.000
38222.000	41.000	11.000	30.000	4205.299	0.000	5770.000	6010.000	0.000	1.000	20.000
38223.000	31.000	11.000	20.000	4535.347	0.000	8510.000	9310.000	0.000	1.000	20.000
38224.000	81.000	0.000	81.000	3409.289	0.000	80000.000	10000000000.000	0.000	1.000	20.000
38225.000	17.000	16.000	1.000	4946.823	0.000	0.000	5000.000	1.000	1.000	1.000
38226.000	17.000	5.000	12.000	5987.285	0.000	5770.000	6010.000	1.000	1.000	9.000
38227.000	3.000	1.000	2.000	8978.639	0.000	8510.000	9310.000	1.000	1.000	1.000
38228.000	1.000	0.000	1.000	134489.317	0.000	80000.000	10000000000.000	1.000	1.000	1.000
38229.000	3.000	2.000	1.000	4907.458	0.000	0.000	5000.000	1.000	1.000	1.000
38230.000	27.000	11.000	16.000	4593.356	0.000	8510.000	9310.000	0.000	1.000	20.000
38231.000	81.000	0.000	81.000	14795.793	0.000	80000.000	10000000000.000	0.000	1.000	20.000
38232.000	4.000	3.000	1.000	4931.209	0.000	0.000	5000.000	1.000	1.000	1.000
38233.000	4.000	3.000	1.000	5800.886	0.000	5770.000	6010.000	1.000	1.000	1.000
38234.000	32.000	11.000	21.000	4837.264	0.000	8510.000	9310.000	0.000	1.000	20.000
38235.000	1.000	0.000	1.000	239839.455	0.000	80000.000	10000000000.000	1.000	1.000	1.000
38236.000	9.000	8.000	1.000	4980.175	0.000	0.000	5000.000	1.000	1.000	1.000
38237.000	17.000	4.000	13.000	5988.439	0.000	5770.000	6010.000	1.000	1.000	7.000
38238.000	14.000	4.000	10.000	8877.329	0.000	8510.000	9310.000	1.000	1.000	7.000
38239.000	1.000	0.000	1.000	141510.055	0.000	80000.000	10000000000.000	1.000	1.000	1.000
38240.000	3.000	2.000	1.000	4826.452	0.000	0.000	5000.000	1.000	1.000	1.000
38241.000	10.000	2.000	8.000	5919.107	0.000	5770.000	6010.000	1.000	1.000	2.000
38242.000	15.000	5.000	10.000	8748.010	0.000	8510.000	9310.000	1.000	1.000	9.000
38243.000	81.000	0.000	81.000	12799.981	0.000	80000.000	10000000000.000	0.000	1.000	20.000
38244.000	3.000	2.000	1.000	4853.426	0.000	0.000	5000.000	1.000	1.000	1.000
38245.000	10.000	3.000	7.000	5911.547	0.000	5770.000	6010.000	1.000	1.000	5.000
38246.000	2.000	0.000	2.000	181468.647	0.000	80000.000	10000000000.000	1.000	1.000	1.000
38247.000	12.000	11.000	1.000	4989.313	0.000	0.000	5000.000	1.000	1.000	1.000
38248.000	17.000	3.000	14.000	5830.738	0.000	5770.000	6010.000	1.000	1.000	4.000
38249.000	11.000	4.000	7.000	8578.458	0.000	8510.000	9310.000	1.000	1.000	7.000
38250.000	1.000	0.000	1.000	544501.516	0.000	80000.000	10000000000.000	1.000	1.000	1.000
38251.000	2.000	1.000	1.000	4986.254	0.000	0.000	5000.000	1.000	1.000	1.000
38252.000	13.000	4.000	9.000	5989.552	0.000	5770.000	6010.000	1.000	1.000	4.000
38253.000	9.000	0.000	9.000	9061.291	0.000	8510.000	9310.000	1.000	1.000	1.000
38254.000	1.000	0.000	1.000	173924.197	0.000	80000.000	10000000000.000	1.000	1.000	1.000
38255.000	2.000	1.000	1.000	4716.754	0.000	0.000	5000.000	1.000	1.000	1.000
38256.000	20.000	2.000	18.000	5909.018	0.000	5770.000	6010.000	1.000	1.000	5.000
38257.000	10.000	3.000	7.000	8514.079	0.000	8510.000	9310.000	1.000	1.000	5.000
38258.000	81.000	0.000	81.000	17047.159	0.000	80000.000	10000000000.000	0.000	1.000	20.000
38259.000	3.000	2.000	1.000	4584.378	0.000	0.000	5000.000	1.000	1.000	1.000
38260.000	42.000	11.000	31.000	4348.042	0.000	5770.000	6010.000	0.000	1.000	20.000
38261.000	32.000	11.000	21.000	5978.317	0.000	8510.000	9310.000	0.000	1.000	20.000
38262.000	2.000	1.000	1.000	4074.509	0.000	0.000	5000.000	1.000	1.000	1.000
38263.000	21.000	5.000	16.000	5826.054	0.000	5770.000	6010.000	1.000	1.000	9.000
38264.000	22.000	7.000	15.000	9157.029	0.000	8510.000	9310.000	1.000	1.000	13.000
38265.000	1.000	0.000	1.000	191787.821	0.000	80000.000	10000000000.000	1.000	1.000	1.000
38266.000	11.000	10.000	1.000	4627.137	0.000	0.000	5000.000	1.000	1.000	1.000
38267.000	15.000	5.000	10.000	5785.228	0.000	5770.000	6010.000	1.000	1.000	8.000
38268.000	24.000	7.000	17.000	8584.212	0.000	8510.000	9310.000	1.000	1.000	13.000
38269.000	1.000	0.000	1.000	100618.474	0.000	80000.000	10000000000.000	1.000	1.000	1.000
38270.000	3.000	2.000	1.000	4915.359	0.000	0.000	5000.000	1.000	1.000	1.000
38271.000	22.000	6.000	16.000	5973.844	0.000	5770.000	6010.000	1.000	1.000	11.000
38272.000	9.000	3.000	6.000	8801.722	0.000	8510.000	9310.000	1.000	1.000	5.000
38273.000	81.000	0.000	81.000	3909.549	0.000	80000.000	10000000000.000	0.000	1.000	20.000
38274.000	10.000	9.000	1.000	4993.980	0.000	0.000	5000.000	1.000	1.000	1.000
38275.000	17.000	6.000	11.000	5859.795	0.000	5770.000	6010.000	1.000	1.000	2.000
38276.000	32.000	11.000	21.000	5315.943	0.000	8510.000	9310.000	0.000	1.000	20.000
38277.000	3.000	0.000	3.000	84210.768	0.000	80000.000	10000000000.000	1.000	1.000	1.000
38278.000	32.000	8.000	24.000	5788.268	0.000	5770.000	6010.000	1.000	1.000	15.000
38279.000	22.000	7.000	15.000	9187.290	0.000	8510.000	9310.000	1.000	1.000	13.000
38280.000	1.000	0.000	1.000	165426.508	0.000	80000.000	10000000000.000	1.000	1.000	1.000
38281.000	2.000	1.000	1.000	4088.254	0.000	0.000	5000.000	1.000	1.000	1.000
38282.000	4.000	1.000	3.000	6003.685	0.000	5770.000	6010.000	1.000	1.000	1.000
38283.000	30.000	11.000	19.000	6321.419	0.000	8510.000	9310.000	0.000	1.000	20.000
38284.000	1.000	0.000	1.000	263757.396	0.000	80000.000	10000000000.000	1.000	1.000	1.000
38285.000	2.000	1.000	1.000	4674.464	0.000	0.000	5000.000	1.000	1.000	1.000
38286.000	19.000	5.000	14.000	5777.929	0.000	5770.000	6010.000	1.000	1.000	9.000
38287.000	31.000	11.000	20.000	5741.672	0.000	8510.000	9310.000	0.000	1.000	20.000
38288.000	81.000	0.000	81.000	9095.959	0.000	80000.000	10000000000.000	0.000	1.000	20.000
38289.000	10.000	9.000	1.000	4848.612	0.000	0.000	5000.000	1.000	1.000	1.000
38290.000	8.000	0.000	8.000	5882.891	0.000	5770.000	6010.000	1.000	1.000	1.000
38291.000	16.000	3.000	13.000	9073.953	0.000	8510.000	9310.000	1.000	1.000	2.000
38292.000	2.000	0.000	2.000	111272.087	0.000	80000.000	10000000000.000	1.000	1.000	1.000
38293.000	2.000	1.000	1.000	4515.389	0.000	0.000	5000.000	1.000	1.000	1.000
38294.000	12.000	2.000	10.000	8627.107	0.000	8510.000	9310.000	1.000	1.000	2.000
38295.000	1.000	0.000	1.000	114659.040	0.000	80000.000	10000000000.000	1.000	1.000	1.000
38296.000	1.000	0.000	1.000	3786.861	0.000	0.000	5000.000	1.000	1.000	1.000
38297.000	26.000	6.000	20.000	5992.686	0.000	5770.000	6010.000	1.000	1.000	11.000
38298.000	28.000	1.000	27.000	8809.118	0.000	8510.000	9310.000	1.000	1.000	4.000
38299.000	2.000	0.000	2.000	135578.965	0.000	80000.000	10000000000.000	1.000	1.000	1.000
38300.000	4.000	3.000	1.000	4968.743	0.000	0.000	5000.000	1.000	1.000	1.000
38301.000	37.000	10.000	27.000	5948.524	0.000	5770.000	6010.000	1.000	1.000	19.000
38302.000	16.000	5.000	11.000	9292.764	0.000	8510.000	9310.000	1.000	1.000	9.000
38303.000	1.000	0.000	1.000	153221.412	0.000	80000.000	10000000000.000	1.000	1.000	1.000
38304.000	11.000	10.000	1.000	4975.847	0.000	0.000	5000.000	1.000	1.000	1.000
38305.000	33.000	9.000	24.000	6000.331	0.000	5770.000	6010.000	1.000	1.000	17.000
38306.000	17.000	6.000	11.000	8644.333	0.000	8510.000	9310.000	1.000	1.000	11.000
38307.000	1.000	0.000	1.000	202076.296	0.000	80000.000	10000000000.000	1.000	1.000	1.000
38308.000	1.000	0.000	1.000	3485.658	0.000	0.000	5000.000	1.000	1.000	1.000
38309.000	12.000	1.000	11.000	6000.704	0.000	5770.000	6010.000	1.000	1.000	2.000
38310.000	9.000	0.000	9.000	96984.937	0.000	80000.000	10000000000.000	1.000	1.000	2.000
38311.000	2.000	1.000	1.000	4359.522	0.000	0.000	5000.000	1.000	1.000	1.000
38312.000	25.000	7.000	18.000	5781.960	0.000	5770.000	6010.000	1.000	1.000	13.000
38313.000	32.000	11.000	21.000	5552.298	0.000	8510.000	9310.000	0.000	1.000	20.000
38314.000	1.000	0.000	1.000	92089.029	0.000	80000.000	10000000000.000	1.000	1.000	1.000
38315.000	2.000	1.000	1.000	4588.487	0.000	0.000	5000.000	1.000	1.000	1.000
38316.000	35.000	11.000	24.000	4179.425	0.000	5770.000	6010.000	0.000	1.000	20.000
38317.000	8.000	3.000	5.000	8799.408	0.000	8510.000	9310.000	1.000	1.000	5.000
38318.000	81.000	0.000	81.000	9005.028	0.000	80000.000	10000000000.000	0.000	1.000	20.000
38319.000	5.000	4.000	1.000	4785.890	0.000	0.000	5000.000	1.000	1.000	1.000
38320.000	2.000	1.000	1.000	5847.980	0.000	5770.000	6010.000	1.000	1.000	1.000
38321.000	16.000	5.000	11.000	8932.921	0.000	8510.000	9310.000	1.000	1.000	9.000
38322.000	81.000	0.000	81.000	13973.686	0.000	80000.000	10000000000.000	0.000	1.000	20.000
38323.000	6.000	5.000	1.000	4972.974	0.000	0.000	5000.000	1.000	1.000	1.000
38324.000	38.000	11.000	27.000	4382.665	0.000	5770.000	6010.000	0.000	1.000	20.000
38325.000	22.000	7.000	15.000	8914.252	0.000	8510.000	9310.000	1.000	1.000	13.000
38326.000	4.000	3.000	1.000	4988.912	0.000	0.000	5000.000	1.000	1.000	1.000
38327.000	32.000	7.000	25.000	5944.257	0.000	5770.000	6010.000	1.000	1.000	14.000
38328.000	281.000	0.000	281.000	3948.346	0.000	8510.000	9310.000	0.000	1.000	20.000
38329.000	1.000	0.000	1.000	146415.100	0.000	80000.000	10000000000.000	1.000	1.000	1.000
38330.000	2.000	1.000	1.000	4829.988	0.000	0.000	5000.000	1.000	1.000	1.000
38331.000	13.000	3.000	10.000	5992.480	0.000	5770.000	6010.000	1.000	1.000	5.000
38332.000	13.000	5.000	8.000	8910.327	0.000	8510.000	9310.000	1.000	1.000	9.000
38333.000	1.000	0.000	1.000	136173.044	0.000	80000.000	10000000000.000	1.000	1.000	1.000
38334.000	1.000	0.000	1.000	3638.142	0.000	0.000	5000.000	1.000	1.000	1.000
38335.000	42.000	11.000	31.000	4239.763	0.000	5770.000	6010.000	0.000	1.000	20.000
38336.000	19.000	6.000	13.000	9220.585	0.000	8510.000	9310.000	1.000	1.000	11.000
38337.000	81.000	0.000	81.000	4044.811	0.000	80000.000	10000000000.000	0.000	1.000	20.000
38338.000	2.000	1.000	1.000	4635.271	0.000	0.000	5000.000	1.000	1.000	1.000
38339.000	42.000	11.000	31.000	4266.726	0.000	5770.000	6010.000	0.000	1.000	20.000
38340.000	32.000	11.000	21.000	5451.730	0.000	8510.000	9310.000	0.000	1.000	20.000
38341.000	2.000	0.000	2.000	103910.712	0.000	80000.000	10000000000.000	1.000	1.000	1.000
38342.000	12.000	11.000	1.000	5962.301	0.000	5770.000	6010.000	1.000	1.000	1.000
38343.000	281.000	0.000	281.000	3738.330	0.000	8510.000	9310.000	0.000	1.000	20.000
38344.000	1.000	0.000	1.000	100618.474	0.000	80000.000	10000000000.000	1.000	1.000	1.000
38345.000	14.000	13.000	1.000	4994.267	0.000	0.000	5000.000	1.000	1.000	1.000
38346.000	27.000	8.000	19.000	5861.058	0.000	5770.000	6010.000	1.000	1.000	15.000
38347.000	33.000	11.000	22.000	4664.316	0.000	8510.000	9310.000	0.000	1.000	20.000
38348.000	3.000	0.000	3.000	155521.755	0.000	80000.000	10000000000.000	1.000	1.000	1.000
38349.000	13.000	12.000	1.000	4974.168	0.000	0.000	5000.000	1.000	1.000	1.000
38350.000	42.000	11.000	31.000	4541.691	0.000	5770.000	6010.000	0.000	1.000	20.000
38351.000	14.000	0.000	14.000	8650.004	0.000	8510.000	9310.000	1.000	1.000	1.000
38352.000	3.000	0.000	3.000	555272.859	0.000	80000.000	10000000000.000	1.000	1.000	1.000
38353.000	2.000	1.000	1.000	4330.902	0.000	0.000	5000.000	1.000	1.000	1.000
38354.000	12.000	10.000	2.000	5887.309	0.000	5770.000	6010.000	1.000	1.000	3.000
38355.000	27.000	11.000	16.000	4639.620	0.000	8510.000	9310.000	0.000	1.000	20.000
38356.000	2.000	0.000	2.000	112045.797	0.000	80000.000	10000000000.000	1.000	1.000	1.000
38357.000	2.000	1.000	1.000	4452.612	0.000	0.000	5000.000	1.000	1.000	1.000
38358.000	3.000	1.000	2.000	8774.651	0.000	8510.000	9310.000	1.000	1.000	1.000
38359.000	17.000	0.000	17.000	102154.079	0.000	80000.000	10000000000.000	1.000	1.000	4.000
38360.000	2.000	1.000	1.000	4745.720	0.000	0.000	5000.000	1.000	1.000	1.000
38361.000	22.000	7.000	15.000	5890.258	0.000	5770.000	6010.000	1.000	1.000	13.000
38362.000	3.000	0.000	3.000	8645.449	0.000	8510.000	9310.000	1.000	1.000	1.000
38363.000	1.000	0.000	1.000	471865.062	0.000	80000.000	10000000000.000	1.000	1.000	1.000
38364.000	2.000	1.000	1.000	4622.884	0.000	0.000	5000.000	1.000	1.000	1.000
38365.000	18.000	5.000	13.000	5868.291	0.000	5770.000	6010.000	1.000	1.000	9.000
38366.000	26.000	8.000	18.000	8661.456	0.000	8510.000	9310.000	1.000	1.000	15.000
38367.000	2.000	0.000	2.000	84374.076	0.000	80000.000	10000000000.000	1.000	1.000	1.000
38368.000	2.000	1.000	1.000	4741.194	0.000	0.000	5000.000	1.000	1.000	1.000
38369.000	41.000	8.000	33.000	5796.326	0.000	5770.000	6010.000	1.000	1.000	15.000
38370.000	10.000	0.000	10.000	9016.224	0.000	8510.000	9310.000	1.000	1.000	1.000
38371.000	81.000	0.000	81.000	11526.614	0.000	80000.000	10000000000.000	0.000	1.000	20.000
38372.000	2.000	1.000	1.000	4882.456	0.000	0.000	5000.000	1.000	1.000	1.000
38373.000	39.000	10.000	29.000	5879.949	0.000	5770.000	6010.000	1.000	1.000	19.000
38374.000	2.000	0.000	2.000	218682.889	0.000	80000.000	10000000000.000	1.000	1.000	1.000
38375.000	2.000	1.000	1.000	4047.577	0.000	0.000	5000.000	1.000	1.000	1.000
38376.000	1.000	0.000	1.000	5888.783	0.000	5770.000	6010.000	1.000	1.000	1.000
38377.000	31.000	10.000	21.000	9095.008	0.000	8510.000	9310.000	1.000	1.000	19.000
38378.000	1.000	0.000	1.000	160306.529	0.000	80000.000	10000000000.000	1.000	1.000	1.000
38379.000	7.000	6.000	1.000	4596.073	0.000	0.000	5000.000	1.000	1.000	1.000
38380.000	4.000	1.000	3.000	5784.381	0.000	5770.000	6010.000	1.000	1.000	1.000
38381.000	36.000	12.000	24.000	11255.700	0.000	8510.000	9310.000	0.000	1.000	20.000
38382.000	1.000	0.000	1.000	180340.363	0.000	80000.000	10000000000.000	1.000	1.000	1.000
38383.000	2.000	1.000	1.000	4554.504	0.000	0.000	5000.000	1.000	1.000	1.000
38384.000	27.000	16.000	11.000	5960.667	0.000	5770.000	6010.000	1.000	1.000	2.000
38385.000	18.000	4.000	14.000	9021.366	0.000	8510.000	9310.000	1.000	1.000	2.000
38386.000	1.000	0.000	1.000	273026.330	0.000	80000.000	10000000000.000	1.000	1.000	1.000
38387.000	7.000	6.000	1.000	4975.704	0.000	0.000	5000.000	1.000	1.000	1.000
38388.000	9.000	0.000	9.000	5826.093	0.000	5770.000	6010.000	1.000	1.000	1.000
38389.000	35.000	11.000	24.000	4760.883	0.000	8510.000	9310.000	0.000	1.000	20.000
38390.000	2.000	1.000	1.000	4840.790	0.000	0.000	5000.000	1.000	1.000	1.000
38391.000	41.000	11.000	30.000	4487.191	0.000	5770.000	6010.000	0.000	1.000	20.000
38392.000	32.000	11.000	21.000	4922.282	0.000	8510.000	9310.000	0.000	1.000	20.000
38393.000	1.000	0.000	1.000	378480.455	0.000	80000.000	10000000000.000	1.000	1.000	1.000
38394.000	28.000	27.000	1.000	4872.286	0.000	0.000	5000.000	1.000	1.000	1.000
38395.000	26.000	8.000	18.000	5802.549	0.000	5770.000	6010.000	1.000	1.000	15.000
38396.000	12.000	4.000	8.000	9253.433	0.000	8510.000	9310.000	1.000	1.000	7.000
38397.000	81.000	0.000	81.000	21372.899	0.000	80000.000	10000000000.000	0.000	1.000	20.000
38398.000	2.000	1.000	1.000	4493.541	0.000	0.000	5000.000	1.000	1.000	1.000
38399.000	39.000	11.000	28.000	4524.428	0.000	5770.000	6010.000	0.000	1.000	20.000
38400.000	35.000	0.000	35.000	8659.560	0.000	8510.000	9310.000	1.000	1.000	3.000
38401.000	1.000	0.000	1.000	102732.986	0.000	80000.000	10000000000.000	1.000	1.000	1.000
38402.000	17.000	16.000	1.000	4960.218	0.000	0.000	5000.000	1.000	1.000	1.000
38403.000	43.000	11.000	32.000	4217.201	0.000	5770.000	6010.000	0.000	1.000	20.000
38404.000	11.000	5.000	6.000	8839.184	0.000	8510.000	9310.000	1.000	1.000	9.000
38405.000	1.000	0.000	1.000	138912.122	0.000	80000.000	10000000000.000	1.000	1.000	1.000
38406.000	40.000	11.000	29.000	4471.971	0.000	5770.000	6010.000	0.000	1.000	20.000
38407.000	8.000	3.000	5.000	9243.014	0.000	8510.000	9310.000	1.000	1.000	4.000
38408.000	1.000	0.000	1.000	252432.998	0.000	80000.000	10000000000.000	1.000	1.000	1.000
38409.000	2.000	1.000	1.000	4015.432	0.000	0.000	5000.000	1.000	1.000	1.000
38410.000	4.000	1.000	3.000	5992.893	0.000	5770.000	6010.000	1.000	1.000	1.000
38411.000	11.000	0.000	11.000	8769.169	0.000	8510.000	9310.000	1.000	1.000	1.000
38412.000	1.000	0.000	1.000	93514.146	0.000	80000.000	10000000000.000	1.000	1.000	1.000
38413.000	1.000	0.000	1.000	3490.580	0.000	0.000	5000.000	1.000	1.000	1.000
38414.000	43.000	11.000	32.000	27137.202	0.000	5770.000	6010.000	0.000	1.000	20.000
38415.000	32.000	11.000	21.000	4889.919	0.000	8510.000	9310.000	0.000	1.000	20.000
38416.000	81.000	0.000	81.000	3626.936	0.000	80000.000	10000000000.000	0.000	1.000	20.000
38417.000	13.000	12.000	1.000	4655.407	0.000	0.000	5000.000	1.000	1.000	1.000
38418.000	32.000	11.000	21.000	5976.921	0.000	5770.000	6010.000	1.000	1.000	20.000
38419.000	28.000	11.000	17.000	4446.628	0.000	8510.000	9310.000	0.000	1.000	20.000
38420.000	2.000	0.000	2.000	373284.847	0.000	80000.000	10000000000.000	1.000	1.000	1.000
38421.000	38.000	37.000	1.000	4852.235	0.000	0.000	5000.000	1.000	1.000	1.000
38422.000	18.000	0.000	18.000	8544.930	0.000	8510.000	9310.000	1.000	1.000	2.000
38423.000	5.000	0.000	5.000	85501.598	0.000	80000.000	10000000000.000	1.000	1.000	1.000
38424.000	2.000	1.000	1.000	4990.915	0.000	0.000	5000.000	1.000	1.000	1.000
38425.000	4.000	1.000	3.000	5882.096	0.000	5770.000	6010.000	1.000	1.000	1.000
38426.000	31.000	11.000	20.000	4930.817	0.000	8510.000	9310.000	0.000	1.000	20.000
38427.000	1.000	0.000	1.000	316526.544	0.000	80000.000	10000000000.000	1.000	1.000	1.000
38428.000	27.000	26.000	1.000	4997.049	0.000	0.000	5000.000	1.000	1.000	1.000
38429.000	15.000	0.000	15.000	5965.980	0.000	5770.000	6010.000	1.000	1.000	1.000
38430.000	12.000	0.000	12.000	8893.934	0.000	8510.000	9310.000	1.000	1.000	1.000
38431.000	3.000	0.000	3.000	99730.502	0.000	80000.000	10000000000.000	1.000	1.000	1.000
38432.000	2.000	1.000	1.000	4938.429	0.000	0.000	5000.000	1.000	1.000	1.000
38433.000	16.000	4.000	12.000	5829.723	0.000	5770.000	6010.000	1.000	1.000	7.000
38434.000	15.000	0.000	15.000	8895.207	0.000	8510.000	9310.000	1.000	1.000	1.000
38435.000	1.000	0.000	1.000	180377.746	0.000	80000.000	10000000000.000	1.000	1.000	1.000
38436.000	2.000	1.000	1.000	4315.545	0.000	0.000	5000.000	1.000	1.000	1.000
38437.000	281.000	0.000	281.000	3530.633	0.000	5770.000	6010.000	0.000	1.000	20.000
38438.000	1.000	0.000	1.000	94818.462	0.000	80000.000	10000000000.000	1.000	1.000	1.000
38439.000	15.000	14.000	1.000	4929.588	0.000	0.000	5000.000	1.000	1.000	1.000
38440.000	4.000	1.000	3.000	5894.807	0.000	5770.000	6010.000	1.000	1.000	1.000
38441.000	37.000	11.000	26.000	4934.536	0.000	8510.000	9310.000	0.000	1.000	20.000
38442.000	1.000	0.000	1.000	162795.817	0.000	80000.000	10000000000.000	1.000	1.000	1.000
38443.000	3.000	2.000	1.000	4970.106	0.000	0.000	5000.000	1.000	1.000	1.000
38444.000	35.000	11.000	24.000	4020.367	0.000	5770.000	6010.000	0.000	1.000	20.000
38445.000	28.000	9.000	19.000	9007.731	0.000	8510.000	9310.000	1.000	1.000	17.000
38446.000	1.000	0.000	1.000	236129.670	0.000	80000.000	10000000000.000	1.000	1.000	1.000
38447.000	2.000	1.000	1.000	4572.958	0.000	0.000	5000.000	1.000	1.000	1.000
38448.000	38.000	11.000	27.000	4446.333	0.000	5770.000	6010.000	0.000	1.000	20.000
38449.000	281.000	0.000	281.000	3697.616	0.000	8510.000	9310.000	0.000	1.000	20.000
38450.000	3.000	0.000	3.000	185729.312	0.000	80000.000	10000000000.000	1.000	1.000	1.000
38451.000	2.000	1.000	1.000	4620.208	0.000	0.000	5000.000	1.000	1.000	1.000
38452.000	14.000	4.000	10.000	6004.348	0.000	5770.000	6010.000	1.000	1.000	7.000
38453.000	29.000	11.000	18.000	8793.983	0.000	8510.000	9310.000	1.000	1.000	13.000
38454.000	3.000	2.000	1.000	4744.736	0.000	0.000	5000.000	1.000	1.000	1.000
38455.000	38.000	11.000	27.000	4536.434	0.000	5770.000	6010.000	0.000	1.000	20.000
38200.000	3.000	0.000	3.000	173093.858	0.000	80000.000	10000000000.000	1.000	1.000	1.000
38201.000	4.000	3.000	1.000	4854.861	0.000	0.000	5000.000	1.000	1.000	1.000
38202.000	2.000	1.000	1.000	5891.814	0.000	5770.000	6010.000	1.000	1.000	1.000
38203.000	25.000	11.000	14.000	4907.846	0.000	8510.000	9310.000	0.000	1.000	20.000
38204.000	1.000	0.000	1.000	137203.669	0.000	80000.000	10000000000.000	1.000	1.000	1.000
38205.000	2.000	1.000	1.000	4607.658	0.000	0.000	5000.000	1.000	1.000	1.000
38206.000	36.000	11.000	25.000	4845.453	0.000	5770.000	6010.000	0.000	1.000	20.000
38207.000	281.000	0.000	281.000	3536.574	0.000	8510.000	9310.000	0.000	1.000	20.000
38208.000	1.000	0.000	1.000	161526.590	0.000	80000.000	10000000000.000	1.000	1.000	1.000
38209.000	2.000	1.000	1.000	4458.384	0.000	0.000	5000.000	1.000	1.000	1.000
38210.000	281.000	0.000	281.000	3779.722	0.000	5770.000	6010.000	0.000	1.000	20.000
38211.000	30.000	11.000	19.000	4392.155	0.000	8510.000	9310.000	0.000	1.000	20.000
38212.000	6.000	0.000	6.000	95348.343	0.000	80000.000	10000000000.000	1.000	1.000	2.000
38213.000	12.000	3.000	9.000	5899.763	0.000	5770.000	6010.000	1.000	1.000	5.000
38214.000	13.000	4.000	9.000	8959.133	0.000	8510.000	9310.000	1.000	1.000	7.000
38215.000	1.000	0.000	1.000	115297.125	0.000	80000.000	10000000000.000	1.000	1.000	1.000
38216.000	3.000	2.000	1.000	4874.879	0.000	0.000	5000.000	1.000	1.000	1.000
38217.000	37.000	11.000	26.000	5048.774	0.000	5770.000	6010.000	0.000	1.000	20.000
38218.000	281.000	0.000	281.000	3488.131	0.000	8510.000	9310.000	0.000	1.000	20.000
38219.000	81.000	0.000	81.000	3759.083	0.000	80000.000	10000000000.000	0.000	1.000	20.000
38220.000	1.000	0.000	1.000	3555.083	0.000	0.000	5000.000	1.000	1.000	1.000
38221.000	10.000	0.000	10.000	5970.524	0.000	5770.000	6010.000	1.000	1.000	1.000
38222.000	32.000	11.000	21.000	4645.268	0.000	8510.000	9310.000	0.000	1.000	20.000
38223.000	2.000	0.000	2.000	94921.895	0.000	80000.000	10000000000.000	1.000	1.000	1.000
38224.000	1.000	0.000	1.000	3402.850	0.000	0.000	5000.000	1.000	1.000	1.000
38225.000	34.000	11.000	23.000	4464.262	0.000	5770.000	6010.000	0.000	1.000	20.000
38226.000	33.000	11.000	22.000	4906.268	0.000	8510.000	9310.000	0.000	1.000	20.000
38227.000	2.000	0.000	2.000	240236.750	0.000	80000.000	10000000000.000	1.000	1.000	1.000
38228.000	2.000	1.000	1.000	4381.010	0.000	0.000	5000.000	1.000	1.000	1.000
38229.000	15.000	4.000	11.000	8705.911	0.000	8510.000	9310.000	1.000	1.000	7.000
38230.000	4.000	0.000	4.000	94110.867	0.000	80000.000	10000000000.000	1.000	1.000	1.000
38231.000	15.000	14.000	1.000	4709.351	0.000	0.000	5000.000	1.000	1.000	1.000
38232.000	32.000	11.000	21.000	4471.236	0.000	5770.000	6010.000	0.000	1.000	20.000
38233.000	13.000	4.000	9.000	9043.775	0.000	8510.000	9310.000	1.000	1.000	5.000
38234.000	1.000	0.000	1.000	174762.541	0.000	80000.000	10000000000.000	1.000	1.000	1.000
38235.000	2.000	1.000	1.000	4837.130	0.000	0.000	5000.000	1.000	1.000	1.000
38236.000	11.000	1.000	10.000	5915.164	0.000	5770.000	6010.000	1.000	1.000	3.000
38237.000	32.000	9.000	23.000	8924.400	0.000	8510.000	9310.000	1.000	1.000	17.000
38238.000	2.000	0.000	2.000	87075.917	0.000	80000.000	10000000000.000	1.000	1.000	1.000
38239.000	2.000	1.000	1.000	4462.889	0.000	0.000	5000.000	1.000	1.000	1.000
38240.000	32.000	9.000	23.000	5968.517	0.000	5770.000	6010.000	1.000	1.000	17.000
38241.000	15.000	0.000	15.000	9281.464	0.000	8510.000	9310.000	1.000	1.000	1.000
38242.000	1.000	0.000	1.000	474437.824	0.000	80000.000	10000000000.000	1.000	1.000	1.000
38243.000	12.000	11.000	1.000	4875.152	0.000	0.000	5000.000	1.000	1.000	1.000
38244.000	24.000	5.000	19.000	5819.080	0.000	5770.000	6010.000	1.000	1.000	9.000
38245.000	1.000	0.000	1.000	203446.440	0.000	80000.000	10000000000.000	1.000	1.000	1.000
38246.000	2.000	1.000	1.000	4403.870	0.000	0.000	5000.000	1.000	1.000	1.000
38247.000	11.000	0.000	11.000	5930.443	0.000	5770.000	6010.000	1.000	1.000	1.000
38248.000	281.000	0.000	281.000	5827.810	0.000	8510.000	9310.000	0.000	1.000	20.000
38249.000	1.000	0.000	1.000	197176.732	0.000	80000.000	10000000000.000	1.000	1.000	1.000
38250.000	2.000	1.000	1.000	4666.267	0.000	0.000	5000.000	1.000	1.000	1.000
38251.000	33.000	11.000	22.000	4488.534	0.000	5770.000	6010.000	0.000	1.000	20.000
38252.000	43.000	1.000	42.000	8642.787	0.000	8510.000	9310.000	1.000	1.000	5.000
38253.000	81.000	0.000	81.000	31441.880	0.000	80000.000	10000000000.000	0.000	1.000	20.000
38254.000	19.000	18.000	1.000	4667.719	0.000	0.000	5000.000	1.000	1.000	1.000
38255.000	37.000	11.000	26.000	4439.278	0.000	5770.000	6010.000	0.000	1.000	20.000
38256.000	15.000	1.000	14.000	8991.721	0.000	8510.000	9310.000	1.000	1.000	3.000
38257.000	1.000	0.000	1.000	566847.983	0.000	80000.000	10000000000.000	1.000	1.000	1.000
38258.000	7.000	6.000	1.000	4964.463	0.000	0.000	5000.000	1.000	1.000	1.000
38259.000	4.000	1.000	3.000	5799.069	0.000	5770.000	6010.000	1.000	1.000	1.000
38260.000	32.000	11.000	21.000	4792.453	0.000	8510.000	9310.000	0.000	1.000	20.000
38261.000	3.000	2.000	1.000	4777.377	0.000	0.000	5000.000	1.000	1.000	1.000
38262.000	11.000	3.000	8.000	5808.165	0.000	5770.000	6010.000	1.000	1.000	5.000
38263.000	13.000	4.000	9.000	8866.836	0.000	8510.000	9310.000	1.000	1.000	7.000
38264.000	1.000	0.000	1.000	209773.366	0.000	80000.000	10000000000.000	1.000	1.000	1.000
38265.000	2.000	1.000	1.000	4893.741	0.000	0.000	5000.000	1.000	1.000	1.000
38266.000	12.000	4.000	8.000	5927.453	0.000	5770.000	6010.000	1.000	1.000	2.000
38267.000	8.000	3.000	5.000	8710.879	0.000	8510.000	9310.000	1.000	1.000	5.000
38268.000	2.000	0.000	2.000	90934.197	0.000	80000.000	10000000000.000	1.000	1.000	1.000
38269.000	2.000	1.000	1.000	4885.334	0.000	0.000	5000.000	1.000	1.000	1.000
38270.000	42.000	11.000	31.000	4497.257	0.000	5770.000	6010.000	0.000	1.000	20.000
38271.000	3.000	1.000	2.000	8668.704	0.000	8510.000	9310.000	1.000	1.000	1.000
38272.000	1.000	0.000	1.000	705677.748	0.000	80000.000	10000000000.000	1.000	1.000	1.000
38273.000	1.000	0.000	1.000	3880.763	0.000	0.000	5000.000	1.000	1.000	1.000
38274.000	11.000	1.000	10.000	5813.986	0.000	5770.000	6010.000	1.000	1.000	2.000
38275.000	16.000	3.000	13.000	9287.903	0.000	8510.000	9310.000	1.000	1.000	2.000
38276.000	1.000	0.000	1.000	120152.861	0.000	80000.000	10000000000.000	1.000	1.000	1.000
38277.000	24.000	9.000	15.000	5945.029	0.000	5770.000	6010.000	1.000	1.000	10.000
38278.000	32.000	11.000	21.000	5371.632	0.000	8510.000	9310.000	0.000	1.000	20.000
38279.000	1.000	0.000	1.000	324796.870	0.000	80000.000	10000000000.000	1.000	1.000	1.000
38280.000	2.000	1.000	1.000	4764.272	0.000	0.000	5000.000	1.000	1.000	1.000
38281.000	8.000	2.000	6.000	5901.404	0.000	5770.000	6010.000	1.000	1.000	3.000
38282.000	15.000	1.000	14.000	8847.993	0.000	8510.000	9310.000	1.000	1.000	3.000
38283.000	4.000	0.000	4.000	104912.976	0.000	80000.000	10000000000.000	1.000	1.000	1.000
38284.000	2.000	1.000	1.000	4348.085	0.000	0.000	5000.000	1.000	1.000	1.000
38285.000	34.000	11.000	23.000	4974.254	0.000	5770.000	6010.000	0.000	1.000	20.000
38286.000	32.000	11.000	21.000	5530.173	0.000	8510.000	9310.000	0.000	1.000	20.000
38287.000	1.000	0.000	1.000	172921.868	0.000	80000.000	10000000000.000	1.000	1.000	1.000
38288.000	10.000	9.000	1.000	4893.686	0.000	0.000	5000.000	1.000	1.000	1.000
38289.000	4.000	3.000	1.000	5984.979	0.000	5770.000	6010.000	1.000	1.000	1.000
38290.000	12.000	0.000	12.000	9028.198	0.000	8510.000	9310.000	1.000	1.000	1.000
38291.000	81.000	0.000	81.000	9119.027	0.000	80000.000	10000000000.000	0.000	1.000	20.000
38292.000	2.000	1.000	1.000	3996.933	0.000	0.000	5000.000	1.000	1.000	1.000
38293.000	32.000	11.000	21.000	4651.227	0.000	8510.000	9310.000	0.000	1.000	20.000
38294.000	38.000	0.000	38.000	92717.015	0.000	80000.000	10000000000.000	1.000	1.000	10.000
38295.000	2.000	1.000	1.000	3903.709	0.000	0.000	5000.000	1.000	1.000	1.000
38296.000	281.000	0.000	281.000	3877.166	0.000	5770.000	6010.000	0.000	1.000	20.000
38297.000	18.000	4.000	14.000	8744.933	0.000	8510.000	9310.000	1.000	1.000	7.000
38298.000	81.000	0.000	81.000	10223.775	0.000	80000.000	10000000000.000	0.000	1.000	20.000
38299.000	2.000	1.000	1.000	4034.029	0.000	0.000	5000.000	1.000	1.000	1.000
38300.000	16.000	5.000	11.000	5888.783	0.000	5770.000	6010.000	1.000	1.000	9.000
38301.000	32.000	11.000	21.000	4774.572	0.000	8510.000	9310.000	0.000	1.000	20.000
38302.000	1.000	0.000	1.000	267569.295	0.000	80000.000	10000000000.000	1.000	1.000	1.000
38303.000	2.000	1.000	1.000	3994.951	0.000	0.000	5000.000	1.000	1.000	1.000
38304.000	6.000	1.000	5.000	5780.193	0.000	5770.000	6010.000	1.000	1.000	1.000
38305.000	31.000	11.000	20.000	4722.257	0.000	8510.000	9310.000	0.000	1.000	20.000
38306.000	3.000	0.000	3.000	266340.815	0.000	80000.000	10000000000.000	1.000	1.000	1.000
38307.000	9.000	8.000	1.000	4642.764	0.000	0.000	5000.000	1.000	1.000	1.000
38308.000	281.000	0.000	281.000	3506.263	0.000	5770.000	6010.000	0.000	1.000	20.000
38309.000	81.000	0.000	81.000	11373.543	0.000	80000.000	10000000000.000	0.000	1.000	20.000
38310.000	7.000	6.000	1.000	4949.947	0.000	0.000	5000.000	1.000	1.000	1.000
38311.000	42.000	11.000	31.000	4505.220	0.000	5770.000	6010.000	0.000	1.000	20.000
38312.000	32.000	11.000	21.000	5413.472	0.000	8510.000	9310.000	0.000	1.000	20.000
38313.000	1.000	0.000	1.000	134614.151	0.000	80000.000	10000000000.000	1.000	1.000	1.000
38314.000	2.000	1.000	1.000	4286.336	0.000	0.000	5000.000	1.000	1.000	1.000
38315.000	42.000	11.000	31.000	4184.610	0.000	5770.000	6010.000	0.000	1.000	20.000
38316.000	27.000	11.000	16.000	4697.884	0.000	8510.000	9310.000	0.000	1.000	20.000
38317.000	1.000	0.000	1.000	209319.210	0.000	80000.000	10000000000.000	1.000	1.000	1.000
38318.000	7.000	6.000	1.000	4917.359	0.000	0.000	5000.000	1.000	1.000	1.000
38319.000	35.000	11.000	24.000	4968.431	0.000	5770.000	6010.000	0.000	1.000	20.000
38320.000	32.000	11.000	21.000	6192.312	0.000	8510.000	9310.000	0.000	1.000	20.000
38321.000	1.000	0.000	1.000	149099.507	0.000	80000.000	10000000000.000	1.000	1.000	1.000
38322.000	21.000	20.000	1.000	4706.294	0.000	0.000	5000.000	1.000	1.000	1.000
38323.000	2.000	1.000	1.000	5799.958	0.000	5770.000	6010.000	1.000	1.000	1.000
38324.000	32.000	11.000	21.000	4632.433	0.000	8510.000	9310.000	0.000	1.000	20.000
38325.000	2.000	1.000	1.000	4909.258	0.000	0.000	5000.000	1.000	1.000	1.000
38326.000	15.000	4.000	11.000	5934.609	0.000	5770.000	6010.000	1.000	1.000	7.000
38327.000	32.000	11.000	21.000	4922.895	0.000	8510.000	9310.000	0.000	1.000	20.000
38328.000	81.000	0.000	81.000	3798.084	0.000	80000.000	10000000000.000	0.000	1.000	20.000
38329.000	5.000	4.000	1.000	4984.940	0.000	0.000	5000.000	1.000	1.000	1.000
38330.000	29.000	7.000	22.000	5885.517	0.000	5770.000	6010.000	1.000	1.000	13.000
38331.000	10.000	3.000	7.000	8762.810	0.000	8510.000	9310.000	1.000	1.000	5.000
38332.000	1.000	0.000	1.000	167722.292	0.000	80000.000	10000000000.000	1.000	1.000	1.000
38333.000	2.000	1.000	1.000	4558.823	0.000	0.000	5000.000	1.000	1.000	1.000
38334.000	281.000	0.000	281.000	3610.307	0.000	5770.000	6010.000	0.000	1.000	20.000
38335.000	10.000	3.000	7.000	8554.591	0.000	8510.000	9310.000	1.000	1.000	5.000
38336.000	2.000	0.000	2.000	131800.378	0.000	80000.000	10000000000.000	1.000	1.000	1.000
38337.000	1.000	0.000	1.000	4035.133	0.000	0.000	5000.000	1.000	1.000	1.000
38338.000	13.000	6.000	7.000	5783.382	0.000	5770.000	6010.000	1.000	1.000	5.000
38339.000	10.000	3.000	7.000	8990.142	0.000	8510.000	9310.000	1.000	1.000	5.000
38340.000	1.000	0.000	1.000	157777.704	0.000	80000.000	10000000000.000	1.000	1.000	1.000
38341.000	35.000	11.000	24.000	4236.852	0.000	5770.000	6010.000	0.000	1.000	20.000
38342.000	12.000	3.000	9.000	8795.227	0.000	8510.000	9310.000	1.000	1.000	5.000
38343.000	81.000	0.000	81.000	3747.104	0.000	80000.000	10000000000.000	0.000	1.000	20.000
38344.000	2.000	1.000	1.000	4881.360	0.000	0.000	5000.000	1.000	1.000	1.000
38345.000	42.000	11.000	31.000	4352.326	0.000	5770.000	6010.000	0.000	1.000	20.000
38346.000	32.000	11.000	21.000	4787.496	0.000	8510.000	9310.000	0.000	1.000	20.000
38347.000	2.000	0.000	2.000	551751.965	0.000	80000.000	10000000000.000	1.000	1.000	1.000
38348.000	2.000	1.000	1.000	4060.629	0.000	0.000	5000.000	1.000	1.000	1.000
38349.000	1.000	0.000	1.000	5905.809	0.000	5770.000	6010.000	1.000	1.000	1.000
38350.000	33.000	10.000	23.000	8762.104	0.000	8510.000	9310.000	1.000	1.000	19.000
38351.000	81.000	0.000	81.000	12570.324	0.000	80000.000	10000000000.000	0.000	1.000	20.000
38352.000	2.000	1.000	1.000	4750.565	0.000	0.000	5000.000	1.000	1.000	1.000
38353.000	35.000	10.000	25.000	5894.448	0.000	5770.000	6010.000	1.000	1.000	19.000
38354.000	10.000	1.000	9.000	8810.010	0.000	8510.000	9310.000	1.000	1.000	2.000
38355.000	1.000	0.000	1.000	163131.536	0.000	80000.000	10000000000.000	1.000	1.000	1.000
38356.000	2.000	1.000	1.000	4173.211	0.000	0.000	5000.000	1.000	1.000	1.000
38357.000	3.000	1.000	2.000	9233.892	0.000	8510.000	9310.000	1.000	1.000	1.000
38358.000	3.000	0.000	3.000	96920.122	0.000	80000.000	10000000000.000	1.000	1.000	1.000
38359.000	7.000	6.000	1.000	4986.882	0.000	0.000	5000.000	1.000	1.000	1.000
38360.000	36.000	11.000	25.000	3870.784	0.000	5770.000	6010.000	0.000	1.000	20.000
38361.000	31.000	11.000	20.000	6087.051	0.000	8510.000	9310.000	0.000	1.000	20.000
38362.000	81.000	0.000	81.000	24699.250	0.000	80000.000	10000000000.000	0.000	1.000	20.000
38363.000	2.000	1.000	1.000	4824.257	0.000	0.000	5000.000	1.000	1.000	1.000
38364.000	16.000	5.000	11.000	5941.903	0.000	5770.000	6010.000	1.000	1.000	9.000
38365.000	25.000	8.000	17.000	8760.869	0.000	8510.000	9310.000	1.000	1.000	15.000
38366.000	1.000	0.000	1.000	93857.092	0.000	80000.000	10000000000.000	1.000	1.000	1.000
38367.000	3.000	2.000	1.000	4840.628	0.000	0.000	5000.000	1.000	1.000	1.000
38368.000	27.000	8.000	19.000	5963.854	0.000	5770.000	6010.000	1.000	1.000	15.000
38369.000	5.000	1.000	4.000	9124.956	0.000	8510.000	9310.000	1.000	1.000	1.000
38370.000	81.000	0.000	81.000	35700.078	0.000	80000.000	10000000000.000	0.000	1.000	20.000
38371.000	11.000	10.000	1.000	4874.251	0.000	0.000	5000.000	1.000	1.000	1.000
38372.000	4.000	1.000	3.000	5928.988	0.000	5770.000	6010.000	1.000	1.000	1.000
38373.000	1.000	0.000	1.000	388622.494	0.000	80000.000	10000000000.000	1.000	1.000	1.000
38374.000	2.000	1.000	1.000	4419.796	0.000	0.000	5000.000	1.000	1.000	1.000
38375.000	41.000	11.000	30.000	4412.221	0.000	5770.000	6010.000	0.000	1.000	20.000
38376.000	13.000	0.000	13.000	9094.723	0.000	8510.000	9310.000	1.000	1.000	1.000
38377.000	3.000	0.000	3.000	407934.475	0.000	80000.000	10000000000.000	1.000	1.000	1.000
38378.000	2.000	1.000	1.000	4539.914	0.000	0.000	5000.000	1.000	1.000	1.000
38379.000	8.000	1.000	7.000	5911.989	0.000	5770.000	6010.000	1.000	1.000	2.000
38380.000	32.000	9.000	23.000	9033.916	0.000	8510.000	9310.000	1.000	1.000	17.000
38381.000	1.000	0.000	1.000	81012.021	0.000	80000.000	10000000000.000	1.000	1.000	1.000
38382.000	19.000	18.000	1.000	4981.601	0.000	0.000	5000.000	1.000	1.000	1.000
38383.000	42.000	11.000	31.000	4277.465	0.000	5770.000	6010.000	0.000	1.000	20.000
38384.000	13.000	0.000	13.000	9165.903	0.000	8510.000	9310.000	1.000	1.000	1.000
38385.000	81.000	0.000	81.000	10333.164	0.000	80000.000	10000000000.000	0.000	1.000	20.000
38386.000	2.000	1.000	1.000	4317.450	0.000	0.000	5000.000	1.000	1.000	1.000
38387.000	8.000	1.000	7.000	6001.407	0.000	5770.000	6010.000	1.000	1.000	2.000
38388.000	13.000	0.000	13.000	8561.745	0.000	8510.000	9310.000	1.000	1.000	1.000
38389.000	2.000	1.000	1.000	4661.892	0.000	0.000	5000.000	1.000	1.000	1.000
38390.000	11.000	3.000	8.000	5853.448	0.000	5770.000	6010.000	1.000	1.000	5.000
38391.000	14.000	4.000	10.000	8650.950	0.000	8510.000	9310.000	1.000	1.000	7.000
38392.000	1.000	0.000	1.000	189904.298	0.000	80000.000	10000000000.000	1.000	1.000	1.000
38393.000	2.000	1.000	1.000	4891.403	0.000	0.000	5000.000	1.000	1.000	1.000
38394.000	9.000	2.000	7.000	5853.960	0.000	5770.000	6010.000	1.000	1.000	3.000
38395.000	23.000	8.000	15.000	8678.647	0.000	8510.000	9310.000	1.000	1.000	15.000
38396.000	2.000	0.000	2.000	92274.573	0.000	80000.000	10000000000.000	1.000	1.000	1.000
38397.000	16.000	15.000	1.000	4973.429	0.000	0.000	5000.000	1.000	1.000	1.000
38398.000	29.000	9.000	20.000	5832.223	0.000	5770.000	6010.000	1.000	1.000	14.000
38399.000	23.000	7.000	16.000	8869.186	0.000	8510.000	9310.000	1.000	1.000	13.000
38400.000	81.000	0.000	81.000	8009.904	0.000	80000.000	10000000000.000	0.000	1.000	20.000
38401.000	2.000	1.000	1.000	4500.792	0.000	0.000	5000.000	1.000	1.000	1.000
38402.000	12.000	0.000	12.000	5957.851	0.000	5770.000	6010.000	1.000	1.000	1.000
38403.000	32.000	10.000	22.000	8863.675	0.000	8510.000	9310.000	1.000	1.000	19.000
38404.000	1.000	0.000	1.000	94294.437	0.000	80000.000	10000000000.000	1.000	1.000	1.000
38405.000	25.000	7.000	18.000	5779.848	0.000	5770.000	6010.000	1.000	1.000	13.000
38406.000	7.000	2.000	5.000	8624.883	0.000	8510.000	9310.000	1.000	1.000	3.000
38407.000	1.000	0.000	1.000	158727.465	0.000	80000.000	10000000000.000	1.000	1.000	1.000
38408.000	2.000	1.000	1.000	4560.065	0.000	0.000	5000.000	1.000	1.000	1.000
38409.000	37.000	11.000	26.000	4237.987	0.000	5770.000	6010.000	0.000	1.000	20.000
38410.000	20.000	7.000	13.000	9032.322	0.000	8510.000	9310.000	1.000	1.000	13.000
38411.000	81.000	0.000	81.000	19821.297	0.000	80000.000	10000000000.000	0.000	1.000	20.000
38412.000	16.000	15.000	1.000	4777.901	0.000	0.000	5000.000	1.000	1.000	1.000
38413.000	281.000	0.000	281.000	3487.139	0.000	5770.000	6010.000	0.000	1.000	20.000
38414.000	32.000	11.000	21.000	5569.997	0.000	8510.000	9310.000	0.000	1.000	20.000
38415.000	3.000	0.000	3.000	84382.258	0.000	80000.000	10000000000.000	1.000	1.000	1.000
38416.000	1.000	0.000	1.000	3619.377	0.000	0.000	5000.000	1.000	1.000	1.000
38417.000	10.000	3.000	7.000	5887.628	0.000	5770.000	6010.000	1.000	1.000	5.000
38418.000	32.000	11.000	21.000	6917.859	0.000	8510.000	9310.000	0.000	1.000	20.000
38419.000	1.000	0.000	1.000	82761.078	0.000	80000.000	10000000000.000	1.000	1.000	1.000
38420.000	2.000	1.000	1.000	4897.377	0.000	0.000	5000.000	1.000	1.000	1.000
38421.000	27.000	8.000	19.000	8527.596	0.000	8510.000	9310.000	1.000	1.000	15.000
38422.000	81.000	0.000	81.000	10243.996	0.000	80000.000	10000000000.000	0.000	1.000	20.000
38423.000	2.000	1.000	1.000	3989.237	0.000	0.000	5000.000	1.000	1.000	1.000
38424.000	34.000	11.000	23.000	4605.146	0.000	5770.000	6010.000	0.000	1.000	20.000
38425.000	32.000	11.000	21.000	4684.480	0.000	8510.000	9310.000	0.000	1.000	20.000
38426.000	2.000	0.000	2.000	116019.646	0.000	80000.000	10000000000.000	1.000	1.000	1.000
38427.000	3.000	2.000	1.000	4890.578	0.000	0.000	5000.000	1.000	1.000	1.000
38428.000	10.000	3.000	7.000	5972.368	0.000	5770.000	6010.000	1.000	1.000	5.000
38429.000	26.000	0.000	26.000	9076.603	0.000	8510.000	9310.000	1.000	1.000	2.000
38430.000	81.000	0.000	81.000	14890.232	0.000	80000.000	10000000000.000	0.000	1.000	20.000
38431.000	9.000	8.000	1.000	4838.502	0.000	0.000	5000.000	1.000	1.000	1.000
38432.000	8.000	2.000	6.000	5857.034	0.000	5770.000	6010.000	1.000	1.000	3.000
38433.000	28.000	11.000	17.000	5101.580	0.000	8510.000	9310.000	0.000	1.000	20.000
38434.000	81.000	0.000	81.000	15876.138	0.000	80000.000	10000000000.000	0.000	1.000	20.000
38435.000	2.000	1.000	1.000	4789.314	0.000	0.000	5000.000	1.000	1.000	1.000
38436.000	36.000	11.000	25.000	4481.437	0.000	5770.000	6010.000	0.000	1.000	20.000
38437.000	81.000	0.000	81.000	3541.972	0.000	80000.000	10000000000.000	0.000	1.000	20.000
38438.000	2.000	1.000	1.000	4241.168	0.000	0.000	5000.000	1.000	1.000	1.000
38439.000	43.000	10.000	33.000	4303.443	0.000	5770.000	6010.000	0.000	1.000	20.000
38440.000	33.000	11.000	22.000	5527.854	0.000	8510.000	9310.000	0.000	1.000	20.000
38441.000	2.000	0.000	2.000	774795.363	0.000	80000.000	10000000000.000	1.000	1.000	1.000
38442.000	2.000	1.000	1.000	4794.830	0.000	0.000	5000.000	1.000	1.000	1.000
38443.000	19.000	7.000	12.000	5875.106	0.000	5770.000	6010.000	1.000	1.000	8.000
38444.000	9.000	4.000	5.000	9087.599	0.000	8510.000	9310.000	1.000	1.000	7.000
38445.000	1.000	0.000	1.000	295661.951	0.000	80000.000	10000000000.000	1.000	1.000	1.000
38446.000	2.000	1.000	1.000	4569.812	0.000	0.000	5000.000	1.000	1.000	1.000
38447.000	30.000	8.000	22.000	5780.347	0.000	5770.000	6010.000	1.000	1.000	15.000
38448.000	3.000	1.000	2.000	8855.737	0.000	8510.000	9310.000	1.000	1.000	1.000
38449.000	81.000	0.000	81.000	3718.156	0.000	80000.000	10000000000.000	0.000	1.000	20.000
38450.000	2.000	1.000	1.000	4438.440	0.000	0.000	5000.000	1.000	1.000	1.000
38451.000	36.000	11.000	25.000	4454.755	0.000	5770.000	6010.000	0.000	1.000	20.000
38452.000	32.000	11.000	21.000	5129.881	0.000	8510.000	9310.000	0.000	1.000	20.000
38453.000	3.000	2.000	1.000	4982.770	0.000	0.000	5000.000	1.000	1.000	1.000
38454.000	20.000	5.000	15.000	5945.029	0.000	5770.000	6010.000	1.000	1.000	9.000
38455.000	28.000	9.000	19.000	8859.975	0.000	8510.000	9310.000	1.000	1.000	17.000
