2048.000	11.000	10.000	1.000	4168.193	0.000	0.000	4200.000	1.000	0.000	0.000
2049.000	71.000	65.000	6.000	4550.669	0.000	4540.000	4580.000	1.000	0.000	0.000
2050.000	100.000	90.000	10.000	4867.952	0.000	5040.000	5090.000	0.000	0.000	0.000
2051.000	90.000	80.000	10.000	5162.354	0.000	5670.000	5730.000	0.000	0.000	0.000
2052.000	80.000	70.000	10.000	6192.752	0.000	6510.000	6589.425	0.000	0.000	0.000
2053.000	30.000	26.000	4.000	7785.028	0.000	7784.561	7973.285	1.000	0.000	0.000
2054.000	70.000	60.000	10.000	7945.904	0.000	11417.403	11935.716	0.000	0.000	0.000
2055.000	10.000	0.000	10.000	25232.110	0.000	80000.000	10000000000.000	0.000	0.000	0.000
2056.000	26.000	25.000	2.000	4187.308	0.000	0.000	4200.000	1.000	0.000	0.000
2057.000	22.000	20.000	2.000	4570.076	0.000	4540.000	4580.000	1.000	0.000	0.000
2058.000	9.000	8.000	1.000	5042.834	0.000	5040.000	5090.000	1.000	0.000	0.000
2059.000	91.000	81.000	10.000	5389.832	0.000	5670.000	5730.000	0.000	0.000	0.000
2060.000	84.000	74.000	10.000	6537.611	0.000	6510.000	6589.425	1.000	0.000	0.000
2061.000	14.000	12.000	2.000	7831.834	0.000	7784.561	7973.285	1.000	0.000	0.000
2062.000	43.000	37.000	6.000	11522.493	0.000	11417.403	11935.716	1.000	0.000	0.000
2063.000	1.000	0.000	1.000	201654.824	0.000	80000.000	10000000000.000	1.000	0.000	0.000
2064.000	111.000	101.000	10.000	4450.403	0.000	4540.000	4580.000	0.000	0.000	0.000
2065.000	102.000	92.000	10.000	5019.099	0.000	5040.000	5090.000	0.000	0.000	0.000
2066.000	59.000	50.000	10.000	4859.904	0.000	5670.000	5730.000	0.000	0.000	0.000
2067.000	80.000	70.000	10.000	6380.004	0.000	6510.000	6589.425	0.000	0.000	0.000
2068.000	78.000	68.000	10.000	6374.816	0.000	7784.561	7973.285	0.000	0.000	0.000
2069.000	64.000	54.000	10.000	8087.702	0.000	11417.403	11935.716	0.000	0.000	0.000
2070.000	2.000	0.000	2.000	100212.898	0.000	80000.000	10000000000.000	1.000	0.000	0.000
2071.000	12.000	11.000	1.000	4117.523	0.000	0.000	4200.000	1.000	0.000	0.000
2072.000	109.000	99.000	10.000	4404.003	0.000	4540.000	4580.000	0.000	0.000	0.000
2073.000	100.000	90.000	10.000	4753.913	0.000	5040.000	5090.000	0.000	0.000	0.000
2074.000	88.000	78.000	10.000	5536.859	0.000	5670.000	5730.000	0.000	0.000	0.000
2075.000	80.000	70.000	10.000	6253.457	0.000	6510.000	6589.425	0.000	0.000	0.000
2076.000	7.000	6.000	1.000	7849.567	0.000	7784.561	7973.285	1.000	0.000	0.000
2077.000	70.000	60.000	10.000	8241.986	0.000	11417.403	11935.716	0.000	0.000	0.000
2078.000	1.000	0.000	1.000	117794.396	0.000	80000.000	10000000000.000	1.000	0.000	0.000
2079.000	13.000	12.000	1.000	4143.088	0.000	0.000	4200.000	1.000	0.000	0.000
2080.000	82.000	72.000	10.000	5053.142	0.000	5040.000	5090.000	1.000	0.000	0.000
2081.000	90.000	80.000	10.000	5357.114	0.000	5670.000	5730.000	0.000	0.000	0.000
2082.000	80.000	70.000	10.000	5990.954	0.000	6510.000	6589.425	0.000	0.000	0.000
2083.000	69.000	60.000	9.000	7826.903	0.000	7784.561	7973.285	1.000	0.000	0.000
2084.000	6.000	5.000	1.000	11880.392	0.000	11417.403	11935.716	1.000	0.000	0.000
2085.000	1.000	0.000	1.000	134593.329	0.000	80000.000	10000000000.000	1.000	0.000	0.000
2086.000	58.000	57.000	4.000	4193.867	0.000	0.000	4200.000	1.000	0.000	0.000
2087.000	44.000	40.000	4.000	4566.790	0.000	4540.000	4580.000	1.000	0.000	0.000
2088.000	27.000	24.000	3.000	5078.653	0.000	5040.000	5090.000	1.000	0.000	0.000
2089.000	90.000	80.000	10.000	5125.591	0.000	5670.000	5730.000	0.000	0.000	0.000
2090.000	80.000	70.000	10.000	6331.262	0.000	6510.000	6589.425	0.000	0.000	0.000
2091.000	80.000	70.000	10.000	6088.967	0.000	7784.561	7973.285	0.000	0.000	0.000
2092.000	79.000	69.000	10.000	6933.624	0.000	11417.403	11935.716	0.000	0.000	0.000
2093.000	2.000	0.000	2.000	290044.522	0.000	80000.000	10000000000.000	1.000	0.000	0.000
2094.000	13.000	12.000	1.000	4143.443	0.000	0.000	4200.000	1.000	0.000	0.000
2095.000	106.000	96.000	10.000	4475.652	0.000	4540.000	4580.000	0.000	0.000	0.000
2096.000	92.000	82.000	10.000	5036.209	0.000	5670.000	5730.000	0.000	0.000	0.000
2097.000	80.000	70.000	10.000	6364.418	0.000	6510.000	6589.425	0.000	0.000	0.000
2098.000	7.000	6.000	1.000	7915.257	0.000	7784.561	7973.285	1.000	0.000	0.000
2099.000	70.000	60.000	10.000	8020.314	0.000	11417.403	11935.716	0.000	0.000	0.000
2100.000	1.000	0.000	1.000	192807.725	0.000	80000.000	10000000000.000	1.000	0.000	0.000
2101.000	72.000	71.000	5.000	4197.873	0.000	0.000	4200.000	1.000	0.000	0.000
2102.000	77.000	71.000	7.000	4544.513	0.000	4540.000	4580.000	1.000	0.000	0.000
2103.000	40.000	36.000	4.000	5050.004	0.000	5040.000	5090.000	1.000	0.000	0.000
2104.000	90.000	80.000	10.000	5212.638	0.000	5670.000	5730.000	0.000	0.000	0.000
2105.000	80.000	70.000	10.000	6257.054	0.000	6510.000	6589.425	0.000	0.000	0.000
2106.000	80.000	70.000	10.000	6493.411	0.000	7784.561	7973.285	0.000	0.000	0.000
2107.000	6.000	5.000	1.000	11721.793	0.000	11417.403	11935.716	1.000	0.000	0.000
2108.000	1.000	0.000	1.000	127363.356	0.000	80000.000	10000000000.000	1.000	0.000	0.000
2109.000	12.000	11.000	1.000	4148.757	0.000	0.000	4200.000	1.000	0.000	0.000
2110.000	120.000	110.000	10.000	4450.335	0.000	4540.000	4580.000	0.000	0.000	0.000
2111.000	102.000	92.000	10.000	4671.553	0.000	5040.000	5090.000	0.000	0.000	0.000
2112.000	58.000	51.000	7.000	6524.131	0.000	6510.000	6589.425	1.000	0.000	0.000
2113.000	80.000	70.000	10.000	6674.050	0.000	7784.561	7973.285	0.000	0.000	0.000
2114.000	70.000	60.000	10.000	9767.154	0.000	11417.403	11935.716	0.000	0.000	0.000
2115.000	2.000	0.000	2.000	140436.638	0.000	80000.000	10000000000.000	1.000	0.000	0.000
2116.000	42.000	41.000	3.000	4159.844	0.000	0.000	4200.000	1.000	0.000	0.000
2117.000	61.000	55.000	6.000	4547.981	0.000	4540.000	4580.000	1.000	0.000	0.000
2118.000	100.000	90.000	10.000	4967.836	0.000	5040.000	5090.000	0.000	0.000	0.000
2119.000	75.000	67.000	8.000	5695.335	0.000	5670.000	5730.000	1.000	0.000	0.000
2120.000	82.000	72.000	10.000	5674.906	0.000	6510.000	6589.425	0.000	0.000	0.000
2121.000	80.000	70.000	10.000	6273.429	0.000	7784.561	7973.285	0.000	0.000	0.000
2122.000	70.000	60.000	10.000	8623.430	0.000	11417.403	11935.716	0.000	0.000	0.000
2123.000	3.000	0.000	3.000	263119.352	0.000	80000.000	10000000000.000	1.000	0.000	0.000
2124.000	11.000	10.000	1.000	4162.093	0.000	0.000	4200.000	1.000	0.000	0.000
2125.000	27.000	26.000	2.000	4554.456	0.000	4540.000	4580.000	1.000	0.000	0.000
2126.000	97.000	87.000	10.000	5011.872	0.000	5040.000	5090.000	0.000	0.000	0.000
2127.000	90.000	80.000	10.000	5352.073	0.000	5670.000	5730.000	0.000	0.000	0.000
2128.000	55.000	49.000	6.000	7905.118	0.000	7784.561	7973.285	1.000	0.000	0.000
2129.000	50.000	44.000	6.000	11571.680	0.000	11417.403	11935.716	1.000	0.000	0.000
2130.000	1.000	0.000	1.000	203019.239	0.000	80000.000	10000000000.000	1.000	0.000	0.000
2131.000	12.000	11.000	1.000	4191.080	0.000	0.000	4200.000	1.000	0.000	0.000
2132.000	110.000	100.000	10.000	4496.350	0.000	4540.000	4580.000	0.000	0.000	0.000
2133.000	99.000	89.000	10.000	4802.981	0.000	5040.000	5090.000	0.000	0.000	0.000
2134.000	108.000	98.000	10.000	5426.842	0.000	5670.000	5730.000	0.000	0.000	0.000
2135.000	80.000	70.000	10.000	6312.065	0.000	6510.000	6589.425	0.000	0.000	0.000
2136.000	47.000	41.000	6.000	7973.280	0.000	7784.561	7973.285	1.000	0.000	0.000
2137.000	70.000	60.000	10.000	8958.949	0.000	11417.403	11935.716	0.000	0.000	0.000
2138.000	10.000	0.000	10.000	53064.540	0.000	80000.000	10000000000.000	0.000	0.000	0.000
2139.000	14.000	13.000	1.000	4145.950	0.000	0.000	4200.000	1.000	0.000	0.000
2140.000	110.000	100.000	10.000	4202.902	0.000	4540.000	4580.000	0.000	0.000	0.000
2141.000	100.000	90.000	10.000	4643.111	0.000	5040.000	5090.000	0.000	0.000	0.000
2142.000	90.000	80.000	10.000	5214.481	0.000	5670.000	5730.000	0.000	0.000	0.000
2143.000	82.000	72.000	10.000	6228.034	0.000	6510.000	6589.425	0.000	0.000	0.000
2144.000	72.000	62.000	10.000	9787.038	0.000	11417.403	11935.716	0.000	0.000	0.000
2145.000	4.000	0.000	4.000	81804.085	0.000	80000.000	10000000000.000	1.000	0.000	0.000
2146.000	12.000	11.000	1.000	4188.276	0.000	0.000	4200.000	1.000	0.000	0.000
2147.000	30.000	27.000	3.000	4576.301	0.000	4540.000	4580.000	1.000	0.000	0.000
2148.000	100.000	90.000	10.000	4813.050	0.000	5040.000	5090.000	0.000	0.000	0.000
2149.000	90.000	80.000	10.000	5323.749	0.000	5670.000	5730.000	0.000	0.000	0.000
2150.000	59.000	52.000	7.000	6584.260	0.000	6510.000	6589.425	1.000	0.000	0.000
2151.000	23.000	20.000	3.000	7817.480	0.000	7784.561	7973.285	1.000	0.000	0.000
2152.000	71.000	61.000	10.000	10932.565	0.000	11417.403	11935.716	0.000	0.000	0.000
2153.000	1.000	0.000	1.000	89919.336	0.000	80000.000	10000000000.000	1.000	0.000	0.000
2154.000	28.000	27.000	2.000	4155.831	0.000	0.000	4200.000	1.000	0.000	0.000
2155.000	110.000	100.000	10.000	4416.050	0.000	4540.000	4580.000	0.000	0.000	0.000
2156.000	91.000	81.000	10.000	5001.041	0.000	5040.000	5090.000	0.000	0.000	0.000
2157.000	90.000	80.000	10.000	4876.491	0.000	5670.000	5730.000	0.000	0.000	0.000
2158.000	77.000	68.000	9.000	6574.360	0.000	6510.000	6589.425	1.000	0.000	0.000
2159.000	15.000	13.000	2.000	7869.942	0.000	7784.561	7973.285	1.000	0.000	0.000
2160.000	3.000	0.000	3.000	110326.841	0.000	80000.000	10000000000.000	1.000	0.000	0.000
2161.000	150.000	150.000	10.000	4439.595	0.000	0.000	4200.000	0.000	0.000	0.000
2162.000	110.000	100.000	10.000	4446.832	0.000	4540.000	4580.000	0.000	0.000	0.000
2163.000	9.000	8.000	1.000	5071.933	0.000	5040.000	5090.000	1.000	0.000	0.000
2164.000	92.000	82.000	10.000	5372.064	0.000	5670.000	5730.000	0.000	0.000	0.000
2165.000	80.000	70.000	10.000	6168.170	0.000	6510.000	6589.425	0.000	0.000	0.000
2166.000	70.000	60.000	10.000	6027.097	0.000	7784.561	7973.285	0.000	0.000	0.000
2167.000	14.000	12.000	2.000	11783.382	0.000	11417.403	11935.716	1.000	0.000	0.000
2168.000	5.000	0.000	5.000	124324.430	0.000	80000.000	10000000000.000	1.000	0.000	0.000
2169.000	12.000	11.000	1.000	4057.561	0.000	0.000	4200.000	1.000	0.000	0.000
2170.000	111.000	101.000	10.000	4468.825	0.000	4540.000	4580.000	0.000	0.000	0.000
2171.000	80.000	72.000	8.000	5040.147	0.000	5040.000	5090.000	1.000	0.000	0.000
2172.000	30.000	26.000	4.000	5690.382	0.000	5670.000	5730.000	1.000	0.000	0.000
2173.000	81.000	71.000	10.000	6344.604	0.000	6510.000	6589.425	0.000	0.000	0.000
2174.000	80.000	70.000	10.000	7021.521	0.000	7784.561	7973.285	0.000	0.000	0.000
2175.000	70.000	60.000	10.000	9448.971	0.000	11417.403	11935.716	0.000	0.000	0.000
2176.000	12.000	11.000	1.000	4150.578	0.000	0.000	4200.000	1.000	0.000	0.000
2177.000	20.000	18.000	2.000	4550.003	0.000	4540.000	4580.000	1.000	0.000	0.000
2178.000	88.000	79.000	9.000	5061.313	0.000	5040.000	5090.000	1.000	0.000	0.000
2179.000	89.000	79.000	10.000	5161.558	0.000	5670.000	5730.000	0.000	0.000	0.000
2180.000	82.000	72.000	10.000	6190.638	0.000	6510.000	6589.425	0.000	0.000	0.000
2181.000	46.000	40.000	6.000	7828.593	0.000	7784.561	7973.285	1.000	0.000	0.000
2182.000	38.000	32.000	6.000	11777.002	0.000	11417.403	11935.716	1.000	0.000	0.000
2183.000	2.000	0.000	2.000	98578.081	0.000	80000.000	10000000000.000	1.000	0.000	0.000
2184.000	150.000	150.000	10.000	5085.420	0.000	0.000	4200.000	0.000	0.000	0.000
2185.000	97.000	89.000	9.000	4557.748	0.000	4540.000	4580.000	1.000	0.000	0.000
2186.000	36.000	32.000	4.000	5078.090	0.000	5040.000	5090.000	1.000	0.000	0.000
2187.000	82.000	73.000	9.000	5686.626	0.000	5670.000	5730.000	1.000	0.000	0.000
2188.000	80.000	70.000	10.000	6521.051	0.000	6510.000	6589.425	1.000	0.000	0.000
2189.000	47.000	41.000	6.000	7937.206	0.000	7784.561	7973.285	1.000	0.000	0.000
2190.000	70.000	60.000	10.000	9361.043	0.000	11417.403	11935.716	0.000	0.000	0.000
2191.000	4.000	0.000	4.000	327609.410	0.000	80000.000	10000000000.000	1.000	0.000	0.000
2192.000	31.000	28.000	3.000	4573.703	0.000	4540.000	4580.000	1.000	0.000	0.000
2193.000	28.000	25.000	3.000	5083.519	0.000	5040.000	5090.000	1.000	0.000	0.000
2194.000	90.000	80.000	10.000	5266.046	0.000	5670.000	5730.000	0.000	0.000	0.000
2195.000	94.000	84.000	10.000	5581.752	0.000	6510.000	6589.425	0.000	0.000	0.000
2196.000	55.000	48.000	7.000	7885.347	0.000	7784.561	7973.285	1.000	0.000	0.000
2197.000	7.000	6.000	1.000	11618.340	0.000	11417.403	11935.716	1.000	0.000	0.000
2198.000	10.000	0.000	10.000	56969.492	0.000	80000.000	10000000000.000	0.000	0.000	0.000
2199.000	12.000	11.000	1.000	4191.766	0.000	0.000	4200.000	1.000	0.000	0.000
2200.000	110.000	100.000	10.000	4531.733	0.000	4540.000	4580.000	0.000	0.000	0.000
2201.000	99.000	89.000	10.000	4751.031	0.000	5040.000	5090.000	0.000	0.000	0.000
2202.000	74.000	66.000	8.000	5704.071	0.000	5670.000	5730.000	1.000	0.000	0.000
2203.000	80.000	70.000	10.000	6367.912	0.000	6510.000	6589.425	0.000	0.000	0.000
2204.000	7.000	6.000	1.000	7810.183	0.000	7784.561	7973.285	1.000	0.000	0.000
2205.000	64.000	54.000	10.000	9037.951	0.000	11417.403	11935.716	0.000	0.000	0.000
2206.000	1.000	0.000	1.000	87885.019	0.000	80000.000	10000000000.000	1.000	0.000	0.000
2207.000	12.000	11.000	1.000	4183.202	0.000	0.000	4200.000	1.000	0.000	0.000
2208.000	101.000	91.000	10.000	4694.640	0.000	5040.000	5090.000	0.000	0.000	0.000
2209.000	90.000	80.000	10.000	5225.316	0.000	5670.000	5730.000	0.000	0.000	0.000
2210.000	8.000	7.000	1.000	6523.495	0.000	6510.000	6589.425	1.000	0.000	0.000
2211.000	80.000	70.000	10.000	6211.762	0.000	7784.561	7973.285	0.000	0.000	0.000
2212.000	30.000	26.000	4.000	11747.112	0.000	11417.403	11935.716	1.000	0.000	0.000
2213.000	2.000	0.000	2.000	129679.026	0.000	80000.000	10000000000.000	1.000	0.000	0.000
2214.000	16.000	15.000	2.000	4048.613	0.000	0.000	4200.000	1.000	0.000	0.000
2215.000	109.000	99.000	10.000	4495.096	0.000	4540.000	4580.000	0.000	0.000	0.000
2216.000	9.000	8.000	1.000	5049.154	0.000	5040.000	5090.000	1.000	0.000	0.000
2217.000	90.000	80.000	10.000	5518.424	0.000	5670.000	5730.000	0.000	0.000	0.000
2218.000	80.000	70.000	10.000	6098.783	0.000	6510.000	6589.425	0.000	0.000	0.000
2219.000	80.000	70.000	10.000	6480.209	0.000	7784.561	7973.285	0.000	0.000	0.000
2220.000	14.000	12.000	2.000	11849.008	0.000	11417.403	11935.716	1.000	0.000	0.000
2221.000	5.000	0.000	5.000	94921.895	0.000	80000.000	10000000000.000	1.000	0.000	0.000
2222.000	13.000	12.000	1.000	4183.504	0.000	0.000	4200.000	1.000	0.000	0.000
2223.000	51.000	46.000	5.000	4560.878	0.000	4540.000	4580.000	1.000	0.000	0.000
2224.000	90.000	80.000	10.000	5155.595	0.000	5670.000	5730.000	0.000	0.000	0.000
2225.000	40.000	35.000	5.000	6516.949	0.000	6510.000	6589.425	1.000	0.000	0.000
2226.000	10.000	0.000	10.000	5602.524	0.000	7784.561	7973.285	0.000	0.000	0.000
2227.000	54.000	47.000	7.000	11717.374	0.000	11417.403	11935.716	1.000	0.000	0.000
2228.000	2.000	0.000	2.000	169486.387	0.000	80000.000	10000000000.000	1.000	0.000	0.000
2229.000	27.000	26.000	2.000	4178.782	0.000	0.000	4200.000	1.000	0.000	0.000
2230.000	22.000	20.000	2.000	4560.185	0.000	4540.000	4580.000	1.000	0.000	0.000
2231.000	99.000	89.000	10.000	4826.773	0.000	5040.000	5090.000	0.000	0.000	0.000
2232.000	9.000	8.000	1.000	5675.869	0.000	5670.000	5730.000	1.000	0.000	0.000
2233.000	80.000	70.000	10.000	6247.575	0.000	6510.000	6589.425	0.000	0.000	0.000
2234.000	86.000	76.000	10.000	6596.939	0.000	7784.561	7973.285	0.000	0.000	0.000
2235.000	6.000	5.000	1.000	11687.157	0.000	11417.403	11935.716	1.000	0.000	0.000
2236.000	1.000	0.000	1.000	102250.110	0.000	80000.000	10000000000.000	1.000	0.000	0.000
2237.000	11.000	10.000	1.000	4190.535	0.000	0.000	4200.000	1.000	0.000	0.000
2238.000	101.000	91.000	10.000	4358.539	0.000	4540.000	4580.000	0.000	0.000	0.000
2239.000	40.000	36.000	4.000	5080.373	0.000	5040.000	5090.000	1.000	0.000	0.000
2240.000	80.000	70.000	10.000	6059.372	0.000	6510.000	6589.425	0.000	0.000	0.000
2241.000	79.000	69.000	10.000	6371.455	0.000	7784.561	7973.285	0.000	0.000	0.000
2242.000	31.000	26.000	5.000	11653.662	0.000	11417.403	11935.716	1.000	0.000	0.000
2243.000	2.000	0.000	2.000	80861.456	0.000	80000.000	10000000000.000	1.000	0.000	0.000
2244.000	11.000	10.000	1.000	4047.163	0.000	0.000	4200.000	1.000	0.000	0.000
2245.000	56.000	51.000	5.000	4549.075	0.000	4540.000	4580.000	1.000	0.000	0.000
2246.000	96.000	86.000	10.000	4699.888	0.000	5040.000	5090.000	0.000	0.000	0.000
2247.000	90.000	80.000	10.000	4914.193	0.000	5670.000	5730.000	0.000	0.000	0.000
2248.000	83.000	73.000	10.000	5991.614	0.000	6510.000	6589.425	0.000	0.000	0.000
2249.000	80.000	70.000	10.000	6510.269	0.000	7784.561	7973.285	0.000	0.000	0.000
2250.000	70.000	60.000	10.000	8181.848	0.000	11417.403	11935.716	0.000	0.000	0.000
2251.000	4.000	0.000	4.000	146637.162	0.000	80000.000	10000000000.000	1.000	0.000	0.000
2252.000	14.000	13.000	1.000	4151.806	0.000	0.000	4200.000	1.000	0.000	0.000
2253.000	110.000	100.000	10.000	4486.312	0.000	4540.000	4580.000	0.000	0.000	0.000
2254.000	100.000	90.000	10.000	4920.529	0.000	5040.000	5090.000	0.000	0.000	0.000
2255.000	18.000	16.000	2.000	5687.518	0.000	5670.000	5730.000	1.000	0.000	0.000
2256.000	46.000	40.000	6.000	7800.801	0.000	7784.561	7973.285	1.000	0.000	0.000
2257.000	76.000	66.000	10.000	7866.883	0.000	11417.403	11935.716	0.000	0.000	0.000
2258.000	4.000	0.000	4.000	152630.143	0.000	80000.000	10000000000.000	1.000	0.000	0.000
2259.000	12.000	11.000	1.000	4060.686	0.000	0.000	4200.000	1.000	0.000	0.000
2260.000	102.000	93.000	9.000	4574.064	0.000	4540.000	4580.000	1.000	0.000	0.000
2261.000	19.000	17.000	2.000	5040.964	0.000	5040.000	5090.000	1.000	0.000	0.000
2262.000	90.000	80.000	10.000	5243.389	0.000	5670.000	5730.000	0.000	0.000	0.000
2263.000	80.000	70.000	10.000	6531.771	0.000	6510.000	6589.425	1.000	0.000	0.000
2264.000	80.000	70.000	10.000	6147.167	0.000	7784.561	7973.285	0.000	0.000	0.000
2265.000	70.000	60.000	10.000	8391.655	0.000	11417.403	11935.716	0.000	0.000	0.000
2266.000	5.000	0.000	5.000	168436.546	0.000	80000.000	10000000000.000	1.000	0.000	0.000
2267.000	12.000	11.000	1.000	4194.231	0.000	0.000	4200.000	1.000	0.000	0.000
2268.000	106.000	96.000	10.000	4331.764	0.000	4540.000	4580.000	0.000	0.000	0.000
2269.000	28.000	25.000	3.000	5087.323	0.000	5040.000	5090.000	1.000	0.000	0.000
2270.000	90.000	80.000	10.000	5219.987	0.000	5670.000	5730.000	0.000	0.000	0.000
2271.000	86.000	76.000	10.000	5992.810	0.000	6510.000	6589.425	0.000	0.000	0.000
2272.000	70.000	60.000	10.000	10265.992	0.000	11417.403	11935.716	0.000	0.000	0.000
2273.000	1.000	0.000	1.000	91277.594	0.000	80000.000	10000000000.000	1.000	0.000	0.000
2274.000	58.000	57.000	4.000	4133.916	0.000	0.000	4200.000	1.000	0.000	0.000
2275.000	20.000	18.000	2.000	4546.698	0.000	4540.000	4580.000	1.000	0.000	0.000
2276.000	97.000	88.000	9.000	5048.158	0.000	5040.000	5090.000	1.000	0.000	0.000
2277.000	90.000	80.000	10.000	5272.363	0.000	5670.000	5730.000	0.000	0.000	0.000
2278.000	81.000	71.000	10.000	6416.228	0.000	6510.000	6589.425	0.000	0.000	0.000
2279.000	80.000	70.000	10.000	6001.283	0.000	7784.561	7973.285	0.000	0.000	0.000
2280.000	73.000	63.000	10.000	7138.277	0.000	11417.403	11935.716	0.000	0.000	0.000
2281.000	4.000	0.000	4.000	163714.688	0.000	80000.000	10000000000.000	1.000	0.000	0.000
2282.000	12.000	11.000	1.000	4081.619	0.000	0.000	4200.000	1.000	0.000	0.000
2283.000	41.000	37.000	4.000	4553.455	0.000	4540.000	4580.000	1.000	0.000	0.000
2284.000	124.000	115.000	10.000	4772.451	0.000	5040.000	5090.000	0.000	0.000	0.000
2285.000	89.000	79.000	10.000	5011.410	0.000	5670.000	5730.000	0.000	0.000	0.000
2286.000	80.000	70.000	10.000	6284.530	0.000	6510.000	6589.425	0.000	0.000	0.000
2287.000	63.000	55.000	8.000	7933.732	0.000	7784.561	7973.285	1.000	0.000	0.000
2288.000	2.000	0.000	2.000	128929.667	0.000	80000.000	10000000000.000	1.000	0.000	0.000
2289.000	12.000	11.000	1.000	4052.761	0.000	0.000	4200.000	1.000	0.000	0.000
2290.000	105.000	95.000	10.000	4419.774	0.000	4540.000	4580.000	0.000	0.000	0.000
2291.000	37.000	33.000	4.000	5040.818	0.000	5040.000	5090.000	1.000	0.000	0.000
2292.000	90.000	80.000	10.000	5134.755	0.000	5670.000	5730.000	0.000	0.000	0.000
2293.000	16.000	14.000	2.000	6532.065	0.000	6510.000	6589.425	1.000	0.000	0.000
2294.000	80.000	70.000	10.000	6629.912	0.000	7784.561	7973.285	0.000	0.000	0.000
2295.000	70.000	60.000	10.000	9004.096	0.000	11417.403	11935.716	0.000	0.000	0.000
2296.000	10.000	0.000	10.000	53762.884	0.000	80000.000	10000000000.000	0.000	0.000	0.000
2297.000	13.000	12.000	1.000	4020.144	0.000	0.000	4200.000	1.000	0.000	0.000
2298.000	109.000	99.000	10.000	4357.688	0.000	4540.000	4580.000	0.000	0.000	0.000
2299.000	77.000	69.000	8.000	5063.905	0.000	5040.000	5090.000	1.000	0.000	0.000
2300.000	90.000	80.000	10.000	5037.608	0.000	5670.000	5730.000	0.000	0.000	0.000
2301.000	80.000	70.000	10.000	6078.504	0.000	6510.000	6589.425	0.000	0.000	0.000
2302.000	79.000	69.000	10.000	7785.097	0.000	7784.561	7973.285	1.000	0.000	0.000
2303.000	70.000	60.000	10.000	8557.114	0.000	11417.403	11935.716	0.000	0.000	0.000
2048.000	40.000	36.000	4.000	4569.524	0.000	4540.000	4580.000	1.000	0.000	0.000
2049.000	43.000	39.000	4.000	5087.175	0.000	5040.000	5090.000	1.000	0.000	0.000
2050.000	90.000	80.000	10.000	5307.837	0.000	5670.000	5730.000	0.000	0.000	0.000
2051.000	81.000	71.000	10.000	5203.723	0.000	6510.000	6589.425	0.000	0.000	0.000
2052.000	79.000	69.000	10.000	6197.384	0.000	7784.561	7973.285	0.000	0.000	0.000
2053.000	70.000	60.000	10.000	8210.644	0.000	11417.403	11935.716	0.000	0.000	0.000
2054.000	3.000	0.000	3.000	103110.364	0.000	80000.000	10000000000.000	1.000	0.000	0.000
2055.000	13.000	12.000	1.000	4035.039	0.000	0.000	4200.000	1.000	0.000	0.000
2056.000	107.000	97.000	10.000	4497.164	0.000	4540.000	4580.000	0.000	0.000	0.000
2057.000	100.000	90.000	10.000	4826.880	0.000	5040.000	5090.000	0.000	0.000	0.000
2058.000	90.000	80.000	10.000	5295.626	0.000	5670.000	5730.000	0.000	0.000	0.000
2059.000	83.000	73.000	10.000	6091.141	0.000	6510.000	6589.425	0.000	0.000	0.000
2060.000	82.000	72.000	10.000	7362.348	0.000	7784.561	7973.285	0.000	0.000	0.000
2061.000	70.000	60.000	10.000	8963.840	0.000	11417.403	11935.716	0.000	0.000	0.000
2062.000	2.000	0.000	2.000	87725.535	0.000	80000.000	10000000000.000	1.000	0.000	0.000
2063.000	22.000	20.000	2.000	4575.579	0.000	4540.000	4580.000	1.000	0.000	0.000
2064.000	39.000	35.000	4.000	5066.028	0.000	5040.000	5090.000	1.000	0.000	0.000
2065.000	93.000	83.000	10.000	5406.610	0.000	5670.000	5730.000	0.000	0.000	0.000
2066.000	83.000	73.000	10.000	4995.930	0.000	6510.000	6589.425	0.000	0.000	0.000
2067.000	79.000	69.000	10.000	6206.445	0.000	7784.561	7973.285	0.000	0.000	0.000
2068.000	70.000	60.000	10.000	8597.274	0.000	11417.403	11935.716	0.000	0.000	0.000
2069.000	2.000	0.000	2.000	83435.605	0.000	80000.000	10000000000.000	1.000	0.000	0.000
2070.000	16.000	15.000	2.000	4177.418	0.000	0.000	4200.000	1.000	0.000	0.000
2071.000	31.000	28.000	3.000	4567.749	0.000	4540.000	4580.000	1.000	0.000	0.000
2072.000	9.000	8.000	1.000	5051.177	0.000	5040.000	5090.000	1.000	0.000	0.000
2073.000	90.000	80.000	10.000	5130.396	0.000	5670.000	5730.000	0.000	0.000	0.000
2074.000	81.000	71.000	10.000	5977.989	0.000	6510.000	6589.425	0.000	0.000	0.000
2075.000	7.000	6.000	1.000	7837.548	0.000	7784.561	7973.285	1.000	0.000	0.000
2076.000	70.000	60.000	10.000	10105.986	0.000	11417.403	11935.716	0.000	0.000	0.000
2077.000	3.000	0.000	3.000	83547.759	0.000	80000.000	10000000000.000	1.000	0.000	0.000
2078.000	12.000	11.000	1.000	4114.447	0.000	0.000	4200.000	1.000	0.000	0.000
2079.000	99.000	89.000	10.000	4688.720	0.000	5040.000	5090.000	0.000	0.000	0.000
2080.000	101.000	91.000	10.000	5466.938	0.000	5670.000	5730.000	0.000	0.000	0.000
2081.000	8.000	7.000	1.000	6585.854	0.000	6510.000	6589.425	1.000	0.000	0.000
2082.000	80.000	70.000	10.000	6347.241	0.000	7784.561	7973.285	0.000	0.000	0.000
2083.000	70.000	60.000	10.000	9057.613	0.000	11417.403	11935.716	0.000	0.000	0.000
2084.000	3.000	0.000	3.000	108782.087	0.000	80000.000	10000000000.000	1.000	0.000	0.000
2085.000	150.000	150.000	10.000	4305.892	0.000	0.000	4200.000	0.000	0.000	0.000
2086.000	10.000	9.000	1.000	4562.695	0.000	4540.000	4580.000	1.000	0.000	0.000
2087.000	100.000	90.000	10.000	4953.638	0.000	5040.000	5090.000	0.000	0.000	0.000
2088.000	90.000	80.000	10.000	5215.888	0.000	5670.000	5730.000	0.000	0.000	0.000
2089.000	80.000	70.000	10.000	6392.472	0.000	6510.000	6589.425	0.000	0.000	0.000
2090.000	80.000	70.000	10.000	6119.112	0.000	7784.561	7973.285	0.000	0.000	0.000
2091.000	21.000	18.000	3.000	11603.312	0.000	11417.403	11935.716	1.000	0.000	0.000
2092.000	2.000	0.000	2.000	120302.365	0.000	80000.000	10000000000.000	1.000	0.000	0.000
2093.000	27.000	26.000	2.000	4140.151	0.000	0.000	4200.000	1.000	0.000	0.000
2094.000	110.000	100.000	10.000	4540.008	0.000	4540.000	4580.000	1.000	0.000	0.000
2095.000	92.000	82.000	10.000	5301.821	0.000	5670.000	5730.000	0.000	0.000	0.000
2096.000	88.000	78.000	10.000	6581.172	0.000	6510.000	6589.425	1.000	0.000	0.000
2097.000	79.000	69.000	10.000	6894.400	0.000	7784.561	7973.285	0.000	0.000	0.000
2098.000	71.000	61.000	10.000	9076.130	0.000	11417.403	11935.716	0.000	0.000	0.000
2099.000	4.000	0.000	4.000	81935.032	0.000	80000.000	10000000000.000	1.000	0.000	0.000
2100.000	12.000	11.000	1.000	4108.134	0.000	0.000	4200.000	1.000	0.000	0.000
2101.000	22.000	20.000	2.000	4546.104	0.000	4540.000	4580.000	1.000	0.000	0.000
2102.000	93.000	84.000	9.000	5060.459	0.000	5040.000	5090.000	1.000	0.000	0.000
2103.000	97.000	87.000	10.000	4848.882	0.000	5670.000	5730.000	0.000	0.000	0.000
2104.000	80.000	70.000	10.000	6155.168	0.000	6510.000	6589.425	0.000	0.000	0.000
2105.000	80.000	70.000	10.000	6076.678	0.000	7784.561	7973.285	0.000	0.000	0.000
2106.000	70.000	60.000	10.000	9336.035	0.000	11417.403	11935.716	0.000	0.000	0.000
2107.000	3.000	0.000	3.000	100933.597	0.000	80000.000	10000000000.000	1.000	0.000	0.000
2108.000	14.000	13.000	1.000	4159.824	0.000	0.000	4200.000	1.000	0.000	0.000
2109.000	42.000	38.000	4.000	4542.592	0.000	4540.000	4580.000	1.000	0.000	0.000
2110.000	107.000	97.000	10.000	5088.811	0.000	5040.000	5090.000	1.000	0.000	0.000
2111.000	85.000	75.000	10.000	6302.966	0.000	6510.000	6589.425	0.000	0.000	0.000
2112.000	80.000	70.000	10.000	6510.269	0.000	7784.561	7973.285	0.000	0.000	0.000
2113.000	70.000	60.000	10.000	11035.162	0.000	11417.403	11935.716	0.000	0.000	0.000
2114.000	4.000	0.000	4.000	209369.575	0.000	80000.000	10000000000.000	1.000	0.000	0.000
2115.000	12.000	11.000	1.000	4164.563	0.000	0.000	4200.000	1.000	0.000	0.000
2116.000	110.000	100.000	10.000	4472.385	0.000	4540.000	4580.000	0.000	0.000	0.000
2117.000	9.000	8.000	1.000	5086.491	0.000	5040.000	5090.000	1.000	0.000	0.000
2118.000	27.000	24.000	3.000	5700.559	0.000	5670.000	5730.000	1.000	0.000	0.000
2119.000	86.000	76.000	10.000	5177.652	0.000	6510.000	6589.425	0.000	0.000	0.000
2120.000	80.000	70.000	10.000	6839.666	0.000	7784.561	7973.285	0.000	0.000	0.000
2121.000	49.000	42.000	7.000	11503.148	0.000	11417.403	11935.716	1.000	0.000	0.000
2122.000	2.000	0.000	2.000	143304.543	0.000	80000.000	10000000000.000	1.000	0.000	0.000
2123.000	103.000	102.000	7.000	4198.562	0.000	0.000	4200.000	1.000	0.000	0.000
2124.000	50.000	45.000	5.000	4542.165	0.000	4540.000	4580.000	1.000	0.000	0.000
2125.000	43.000	39.000	4.000	5042.892	0.000	5040.000	5090.000	1.000	0.000	0.000
2126.000	64.000	57.000	7.000	5713.097	0.000	5670.000	5730.000	1.000	0.000	0.000
2127.000	80.000	70.000	10.000	6322.889	0.000	7784.561	7973.285	0.000	0.000	0.000
2128.000	7.000	6.000	1.000	11450.621	0.000	11417.403	11935.716	1.000	0.000	0.000
2129.000	2.000	0.000	2.000	96522.339	0.000	80000.000	10000000000.000	1.000	0.000	0.000
2130.000	12.000	11.000	1.000	4165.918	0.000	0.000	4200.000	1.000	0.000	0.000
2131.000	111.000	101.000	10.000	4510.194	0.000	4540.000	4580.000	0.000	0.000	0.000
2132.000	9.000	8.000	1.000	5051.910	0.000	5040.000	5090.000	1.000	0.000	0.000
2133.000	90.000	80.000	10.000	5229.775	0.000	5670.000	5730.000	0.000	0.000	0.000
2134.000	81.000	73.000	8.000	6553.169	0.000	6510.000	6589.425	1.000	0.000	0.000
2135.000	80.000	70.000	10.000	6194.031	0.000	7784.561	7973.285	0.000	0.000	0.000
2136.000	70.000	60.000	10.000	9265.749	0.000	11417.403	11935.716	0.000	0.000	0.000
2137.000	1.000	0.000	1.000	349028.840	0.000	80000.000	10000000000.000	1.000	0.000	0.000
2138.000	150.000	150.000	10.000	4528.431	0.000	0.000	4200.000	0.000	0.000	0.000
2139.000	118.000	108.000	10.000	4413.497	0.000	4540.000	4580.000	0.000	0.000	0.000
2140.000	9.000	8.000	1.000	5060.489	0.000	5040.000	5090.000	1.000	0.000	0.000
2141.000	90.000	80.000	10.000	5514.542	0.000	5670.000	5730.000	0.000	0.000	0.000
2142.000	81.000	71.000	10.000	5984.896	0.000	6510.000	6589.425	0.000	0.000	0.000
2143.000	71.000	61.000	10.000	9382.239	0.000	11417.403	11935.716	0.000	0.000	0.000
2144.000	1.000	0.000	1.000	106297.106	0.000	80000.000	10000000000.000	1.000	0.000	0.000
2145.000	12.000	11.000	1.000	4167.874	0.000	0.000	4200.000	1.000	0.000	0.000
2146.000	64.000	58.000	6.000	4554.408	0.000	4540.000	4580.000	1.000	0.000	0.000
2147.000	92.000	82.000	10.000	5053.054	0.000	5040.000	5090.000	1.000	0.000	0.000
2148.000	90.000	80.000	10.000	5373.390	0.000	5670.000	5730.000	0.000	0.000	0.000
2149.000	41.000	36.000	5.000	6517.534	0.000	6510.000	6589.425	1.000	0.000	0.000
2150.000	82.000	72.000	10.000	6954.683	0.000	7784.561	7973.285	0.000	0.000	0.000
2151.000	70.000	60.000	10.000	7961.899	0.000	11417.403	11935.716	0.000	0.000	0.000
2152.000	1.000	0.000	1.000	132180.778	0.000	80000.000	10000000000.000	1.000	0.000	0.000
2153.000	12.000	11.000	1.000	4112.736	0.000	0.000	4200.000	1.000	0.000	0.000
2154.000	33.000	30.000	3.000	4555.195	0.000	4540.000	4580.000	1.000	0.000	0.000
2155.000	100.000	90.000	10.000	4863.925	0.000	5040.000	5090.000	0.000	0.000	0.000
2156.000	90.000	80.000	10.000	5076.935	0.000	5670.000	5730.000	0.000	0.000	0.000
2157.000	80.000	70.000	10.000	6278.046	0.000	6510.000	6589.425	0.000	0.000	0.000
2158.000	80.000	70.000	10.000	6265.479	0.000	7784.561	7973.285	0.000	0.000	0.000
2159.000	3.000	0.000	3.000	150413.936	0.000	80000.000	10000000000.000	1.000	0.000	0.000
2160.000	12.000	11.000	1.000	4030.068	0.000	0.000	4200.000	1.000	0.000	0.000
2161.000	34.000	31.000	3.000	4552.502	0.000	4540.000	4580.000	1.000	0.000	0.000
2162.000	89.000	80.000	9.000	5072.318	0.000	5040.000	5090.000	1.000	0.000	0.000
2163.000	90.000	80.000	10.000	5364.281	0.000	5670.000	5730.000	0.000	0.000	0.000
2164.000	69.000	61.000	8.000	6548.435	0.000	6510.000	6589.425	1.000	0.000	0.000
2165.000	32.000	27.000	5.000	7857.861	0.000	7784.561	7973.285	1.000	0.000	0.000
2166.000	45.000	39.000	6.000	11836.597	0.000	11417.403	11935.716	1.000	0.000	0.000
2167.000	10.000	0.000	10.000	66739.626	0.000	80000.000	10000000000.000	0.000	0.000	0.000
2168.000	12.000	11.000	1.000	4136.274	0.000	0.000	4200.000	1.000	0.000	0.000
2169.000	10.000	9.000	1.000	4558.178	0.000	4540.000	4580.000	1.000	0.000	0.000
2170.000	100.000	90.000	10.000	4876.108	0.000	5040.000	5090.000	0.000	0.000	0.000
2171.000	37.000	33.000	4.000	5729.913	0.000	5670.000	5730.000	1.000	0.000	0.000
2172.000	53.000	47.000	6.000	6540.756	0.000	6510.000	6589.425	1.000	0.000	0.000
2173.000	80.000	70.000	10.000	6380.238	0.000	7784.561	7973.285	0.000	0.000	0.000
2174.000	7.000	6.000	1.000	11725.900	0.000	11417.403	11935.716	1.000	0.000	0.000
2175.000	150.000	150.000	10.000	4555.338	0.000	0.000	4200.000	0.000	0.000	0.000
2176.000	109.000	99.000	10.000	4453.159	0.000	4540.000	4580.000	0.000	0.000	0.000
2177.000	75.000	67.000	8.000	5068.684	0.000	5040.000	5090.000	1.000	0.000	0.000
2178.000	17.000	15.000	2.000	5709.760	0.000	5670.000	5730.000	1.000	0.000	0.000
2179.000	80.000	70.000	10.000	6056.082	0.000	6510.000	6589.425	0.000	0.000	0.000
2180.000	39.000	34.000	5.000	7876.710	0.000	7784.561	7973.285	1.000	0.000	0.000
2181.000	70.000	60.000	10.000	7753.673	0.000	11417.403	11935.716	0.000	0.000	0.000
2182.000	6.000	0.000	6.000	91210.619	0.000	80000.000	10000000000.000	1.000	0.000	0.000
2183.000	13.000	12.000	1.000	4131.953	0.000	0.000	4200.000	1.000	0.000	0.000
2184.000	21.000	19.000	2.000	4553.241	0.000	4540.000	4580.000	1.000	0.000	0.000
2185.000	107.000	97.000	10.000	4840.817	0.000	5040.000	5090.000	0.000	0.000	0.000
2186.000	60.000	53.000	7.000	5712.797	0.000	5670.000	5730.000	1.000	0.000	0.000
2187.000	35.000	30.000	5.000	6530.104	0.000	6510.000	6589.425	1.000	0.000	0.000
2188.000	78.000	68.000	10.000	6387.873	0.000	7784.561	7973.285	0.000	0.000	0.000
2189.000	63.000	54.000	9.000	11894.033	0.000	11417.403	11935.716	1.000	0.000	0.000
2190.000	2.000	0.000	2.000	188301.584	0.000	80000.000	10000000000.000	1.000	0.000	0.000
2191.000	106.000	96.000	10.000	4388.744	0.000	4540.000	4580.000	0.000	0.000	0.000
2192.000	55.000	49.000	6.000	5051.441	0.000	5040.000	5090.000	1.000	0.000	0.000
2193.000	90.000	80.000	10.000	4975.676	0.000	5670.000	5730.000	0.000	0.000	0.000
2194.000	43.000	38.000	5.000	6546.316	0.000	6510.000	6589.425	1.000	0.000	0.000
2195.000	55.000	47.000	8.000	7884.704	0.000	7784.561	7973.285	1.000	0.000	0.000
2196.000	71.000	61.000	10.000	8679.599	0.000	11417.403	11935.716	0.000	0.000	0.000
2197.000	10.000	0.000	10.000	76624.733	0.000	80000.000	10000000000.000	0.000	0.000	0.000
2198.000	13.000	12.000	1.000	4182.156	0.000	0.000	4200.000	1.000	0.000	0.000
2199.000	65.000	59.000	6.000	4577.770	0.000	4540.000	4580.000	1.000	0.000	0.000
2200.000	100.000	90.000	10.000	4980.403	0.000	5040.000	5090.000	0.000	0.000	0.000
2201.000	90.000	80.000	10.000	5510.840	0.000	5670.000	5730.000	0.000	0.000	0.000
2202.000	35.000	31.000	4.000	6565.629	0.000	6510.000	6589.425	1.000	0.000	0.000
2203.000	47.000	41.000	6.000	7821.415	0.000	7784.561	7973.285	1.000	0.000	0.000
2204.000	11.000	9.000	2.000	11695.325	0.000	11417.403	11935.716	1.000	0.000	0.000
2205.000	1.000	0.000	1.000	89438.734	0.000	80000.000	10000000000.000	1.000	0.000	0.000
2206.000	13.000	12.000	1.000	4190.353	0.000	0.000	4200.000	1.000	0.000	0.000
2207.000	36.000	32.000	4.000	5053.846	0.000	5040.000	5090.000	1.000	0.000	0.000
2208.000	63.000	56.000	7.000	5714.147	0.000	5670.000	5730.000	1.000	0.000	0.000
2209.000	40.000	35.000	5.000	6535.058	0.000	6510.000	6589.425	1.000	0.000	0.000
2210.000	80.000	70.000	10.000	6197.957	0.000	7784.561	7973.285	0.000	0.000	0.000
2211.000	70.000	60.000	10.000	10205.788	0.000	11417.403	11935.716	0.000	0.000	0.000
2212.000	2.000	0.000	2.000	117238.918	0.000	80000.000	10000000000.000	1.000	0.000	0.000
2213.000	12.000	11.000	1.000	4179.023	0.000	0.000	4200.000	1.000	0.000	0.000
2214.000	87.000	79.000	8.000	4567.054	0.000	4540.000	4580.000	1.000	0.000	0.000
2215.000	9.000	8.000	1.000	5069.629	0.000	5040.000	5090.000	1.000	0.000	0.000
2216.000	90.000	80.000	10.000	5090.984	0.000	5670.000	5730.000	0.000	0.000	0.000
2217.000	80.000	70.000	10.000	5794.628	0.000	6510.000	6589.425	0.000	0.000	0.000
2218.000	52.000	45.000	7.000	7795.489	0.000	7784.561	7973.285	1.000	0.000	0.000
2219.000	70.000	60.000	10.000	10362.697	0.000	11417.403	11935.716	0.000	0.000	0.000
2220.000	1.000	0.000	1.000	323829.882	0.000	80000.000	10000000000.000	1.000	0.000	0.000
2221.000	12.000	11.000	1.000	4178.401	0.000	0.000	4200.000	1.000	0.000	0.000
2222.000	47.000	44.000	4.000	4549.408	0.000	4540.000	4580.000	1.000	0.000	0.000
2223.000	90.000	80.000	10.000	4995.156	0.000	5670.000	5730.000	0.000	0.000	0.000
2224.000	83.000	73.000	10.000	6058.232	0.000	6510.000	6589.425	0.000	0.000	0.000
2225.000	15.000	13.000	2.000	7936.844	0.000	7784.561	7973.285	1.000	0.000	0.000
2226.000	32.000	22.000	10.000	9911.674	0.000	11417.403	11935.716	0.000	0.000	0.000
2227.000	10.000	0.000	10.000	63008.801	0.000	80000.000	10000000000.000	0.000	0.000	0.000
2228.000	12.000	11.000	1.000	4162.710	0.000	0.000	4200.000	1.000	0.000	0.000
2229.000	110.000	100.000	10.000	4365.734	0.000	4540.000	4580.000	0.000	0.000	0.000
2230.000	51.000	46.000	5.000	5089.793	0.000	5040.000	5090.000	1.000	0.000	0.000
2231.000	90.000	80.000	10.000	5159.110	0.000	5670.000	5730.000	0.000	0.000	0.000
2232.000	83.000	73.000	10.000	6391.392	0.000	6510.000	6589.425	0.000	0.000	0.000
2233.000	14.000	12.000	2.000	7952.003	0.000	7784.561	7973.285	1.000	0.000	0.000
2234.000	15.000	13.000	2.000	11798.720	0.000	11417.403	11935.716	1.000	0.000	0.000
2235.000	6.000	0.000	6.000	85552.036	0.000	80000.000	10000000000.000	1.000	0.000	0.000
2236.000	27.000	26.000	2.000	4048.406	0.000	0.000	4200.000	1.000	0.000	0.000
2237.000	41.000	37.000	4.000	4554.075	0.000	4540.000	4580.000	1.000	0.000	0.000
2238.000	94.000	84.000	10.000	4836.592	0.000	5040.000	5090.000	0.000	0.000	0.000
2239.000	9.000	8.000	1.000	6538.593	0.000	6510.000	6589.425	1.000	0.000	0.000
2240.000	80.000	70.000	10.000	6054.607	0.000	7784.561	7973.285	0.000	0.000	0.000
2241.000	70.000	60.000	10.000	8307.770	0.000	11417.403	11935.716	0.000	0.000	0.000
2242.000	10.000	0.000	10.000	36611.841	0.000	80000.000	10000000000.000	0.000	0.000	0.000
2243.000	73.000	72.000	5.000	4146.602	0.000	0.000	4200.000	1.000	0.000	0.000
2244.000	30.000	27.000	3.000	4560.400	0.000	4540.000	4580.000	1.000	0.000	0.000
2245.000	70.000	63.000	7.000	5046.578	0.000	5040.000	5090.000	1.000	0.000	0.000
2246.000	90.000	80.000	10.000	5050.532	0.000	5670.000	5730.000	0.000	0.000	0.000
2247.000	82.000	72.000	10.000	6197.472	0.000	6510.000	6589.425	0.000	0.000	0.000
2248.000	80.000	70.000	10.000	6184.258	0.000	7784.561	7973.285	0.000	0.000	0.000
2249.000	70.000	60.000	10.000	8199.349	0.000	11417.403	11935.716	0.000	0.000	0.000
2250.000	1.000	0.000	1.000	115388.860	0.000	80000.000	10000000000.000	1.000	0.000	0.000
2251.000	12.000	11.000	1.000	4166.357	0.000	0.000	4200.000	1.000	0.000	0.000
2252.000	10.000	9.000	1.000	4540.743	0.000	4540.000	4580.000	1.000	0.000	0.000
2253.000	100.000	90.000	10.000	4834.631	0.000	5040.000	5090.000	0.000	0.000	0.000
2254.000	90.000	80.000	10.000	5239.348	0.000	5670.000	5730.000	0.000	0.000	0.000
2255.000	81.000	71.000	10.000	6542.723	0.000	7784.561	7973.285	0.000	0.000	0.000
2256.000	70.000	60.000	10.000	8757.960	0.000	11417.403	11935.716	0.000	0.000	0.000
2257.000	2.000	0.000	2.000	98288.574	0.000	80000.000	10000000000.000	1.000	0.000	0.000
2258.000	27.000	26.000	2.000	4185.013	0.000	0.000	4200.000	1.000	0.000	0.000
2259.000	32.000	29.000	3.000	4578.010	0.000	4540.000	4580.000	1.000	0.000	0.000
2260.000	105.000	96.000	10.000	6415.755	0.000	5040.000	5090.000	0.000	0.000	0.000
2261.000	62.000	55.000	7.000	5678.128	0.000	5670.000	5730.000	1.000	0.000	0.000
2262.000	80.000	70.000	10.000	6303.240	0.000	6510.000	6589.425	0.000	0.000	0.000
2263.000	80.000	70.000	10.000	6260.971	0.000	7784.561	7973.285	0.000	0.000	0.000
2264.000	70.000	60.000	10.000	8737.908	0.000	11417.403	11935.716	0.000	0.000	0.000
2265.000	4.000	0.000	4.000	107545.175	0.000	80000.000	10000000000.000	1.000	0.000	0.000
2266.000	132.000	131.000	9.000	4187.127	0.000	0.000	4200.000	1.000	0.000	0.000
2267.000	10.000	9.000	1.000	4546.888	0.000	4540.000	4580.000	1.000	0.000	0.000
2268.000	19.000	17.000	2.000	5073.885	0.000	5040.000	5090.000	1.000	0.000	0.000
2269.000	8.000	7.000	1.000	5706.503	0.000	5670.000	5730.000	1.000	0.000	0.000
2270.000	16.000	14.000	2.000	6576.397	0.000	6510.000	6589.425	1.000	0.000	0.000
2271.000	7.000	6.000	1.000	11872.288	0.000	11417.403	11935.716	1.000	0.000	0.000
2272.000	2.000	0.000	2.000	87154.410	0.000	80000.000	10000000000.000	1.000	0.000	0.000
2273.000	13.000	12.000	1.000	4160.640	0.000	0.000	4200.000	1.000	0.000	0.000
2274.000	34.000	31.000	3.000	4545.368	0.000	4540.000	4580.000	1.000	0.000	0.000
2275.000	46.000	41.000	5.000	5068.625	0.000	5040.000	5090.000	1.000	0.000	0.000
2276.000	75.000	67.000	8.000	5728.065	0.000	5670.000	5730.000	1.000	0.000	0.000
2277.000	65.000	57.000	8.000	6558.899	0.000	6510.000	6589.425	1.000	0.000	0.000
2278.000	15.000	13.000	2.000	7918.210	0.000	7784.561	7973.285	1.000	0.000	0.000
2279.000	6.000	5.000	1.000	11684.646	0.000	11417.403	11935.716	1.000	0.000	0.000
2280.000	10.000	0.000	10.000	37880.525	0.000	80000.000	10000000000.000	0.000	0.000	0.000
2281.000	27.000	26.000	2.000	4174.252	0.000	0.000	4200.000	1.000	0.000	0.000
2282.000	10.000	9.000	1.000	4543.635	0.000	4540.000	4580.000	1.000	0.000	0.000
2283.000	91.000	81.000	10.000	4895.972	0.000	5040.000	5090.000	0.000	0.000	0.000
2284.000	107.000	97.000	10.000	5452.960	0.000	5670.000	5730.000	0.000	0.000	0.000
2285.000	81.000	71.000	10.000	6334.904	0.000	6510.000	6589.425	0.000	0.000	0.000
2286.000	7.000	6.000	1.000	7836.630	0.000	7784.561	7973.285	1.000	0.000	0.000
2287.000	3.000	0.000	3.000	83475.625	0.000	80000.000	10000000000.000	1.000	0.000	0.000
2288.000	11.000	10.000	1.000	4196.841	0.000	0.000	4200.000	1.000	0.000	0.000
2289.000	90.000	82.000	8.000	4545.321	0.000	4540.000	4580.000	1.000	0.000	0.000
2290.000	27.000	24.000	3.000	5075.750	0.000	5040.000	5090.000	1.000	0.000	0.000
2291.000	90.000	80.000	10.000	5117.873	0.000	5670.000	5730.000	0.000	0.000	0.000
2292.000	80.000	70.000	10.000	6436.160	0.000	6510.000	6589.425	0.000	0.000	0.000
2293.000	80.000	70.000	10.000	7292.991	0.000	7784.561	7973.285	0.000	0.000	0.000
2294.000	36.000	30.000	6.000	11528.752	0.000	11417.403	11935.716	1.000	0.000	0.000
2295.000	2.000	0.000	2.000	210738.640	0.000	80000.000	10000000000.000	1.000	0.000	0.000
2296.000	12.000	11.000	1.000	4183.202	0.000	0.000	4200.000	1.000	0.000	0.000
2297.000	108.000	98.000	10.000	4373.985	0.000	4540.000	4580.000	0.000	0.000	0.000
2298.000	18.000	16.000	2.000	5073.353	0.000	5040.000	5090.000	1.000	0.000	0.000
2299.000	90.000	80.000	10.000	4954.287	0.000	5670.000	5730.000	0.000	0.000	0.000
2300.000	80.000	70.000	10.000	6005.757	0.000	6510.000	6589.425	0.000	0.000	0.000
2301.000	23.000	20.000	3.000	7928.961	0.000	7784.561	7973.285	1.000	0.000	0.000
2302.000	71.000	61.000	10.000	9714.921	0.000	11417.403	11935.716	0.000	0.000	0.000
2303.000	12.000	11.000	1.000	4175.874	0.000	0.000	4200.000	1.000	0.000	0.000
2048.000	93.000	83.000	10.000	4342.855	0.000	5040.000	5090.000	0.000	0.000	0.000
2049.000	95.000	85.000	10.000	5119.650	0.000	5670.000	5730.000	0.000	0.000	0.000
2050.000	80.000	70.000	10.000	6301.734	0.000	6510.000	6589.425	0.000	0.000	0.000
2051.000	23.000	20.000	3.000	7802.689	0.000	7784.561	7973.285	1.000	0.000	0.000
2052.000	70.000	60.000	10.000	9877.695	0.000	11417.403	11935.716	0.000	0.000	0.000
2053.000	2.000	0.000	2.000	137463.767	0.000	80000.000	10000000000.000	1.000	0.000	0.000
2054.000	13.000	12.000	1.000	4126.779	0.000	0.000	4200.000	1.000	0.000	0.000
2055.000	42.000	38.000	4.000	4556.436	0.000	4540.000	4580.000	1.000	0.000	0.000
2056.000	99.000	89.000	10.000	4467.746	0.000	5040.000	5090.000	0.000	0.000	0.000
2057.000	90.000	80.000	10.000	5295.014	0.000	5670.000	5730.000	0.000	0.000	0.000
2058.000	72.000	63.000	9.000	6546.563	0.000	6510.000	6589.425	1.000	0.000	0.000
2059.000	80.000	70.000	10.000	7045.170	0.000	7784.561	7973.285	0.000	0.000	0.000
2060.000	75.000	65.000	10.000	9693.601	0.000	11417.403	11935.716	0.000	0.000	0.000
2061.000	2.000	0.000	2.000	246637.473	0.000	80000.000	10000000000.000	1.000	0.000	0.000
2062.000	96.000	89.000	8.000	4563.030	0.000	4540.000	4580.000	1.000	0.000	0.000
2063.000	99.000	89.000	10.000	5079.721	0.000	5040.000	5090.000	1.000	0.000	0.000
2064.000	90.000	80.000	10.000	5308.517	0.000	5670.000	5730.000	0.000	0.000	0.000
2065.000	84.000	74.000	10.000	6346.640	0.000	6510.000	6589.425	0.000	0.000	0.000
2066.000	68.000	60.000	8.000	7846.382	0.000	7784.561	7973.285	1.000	0.000	0.000
2067.000	70.000	60.000	10.000	9086.271	0.000	11417.403	11935.716	0.000	0.000	0.000
2068.000	1.000	0.000	1.000	143778.114	0.000	80000.000	10000000000.000	1.000	0.000	0.000
2069.000	12.000	11.000	1.000	4162.630	0.000	0.000	4200.000	1.000	0.000	0.000
2070.000	122.000	113.000	10.000	6198.576	0.000	4540.000	4580.000	0.000	0.000	0.000
2071.000	49.000	44.000	5.000	5082.895	0.000	5040.000	5090.000	1.000	0.000	0.000
2072.000	90.000	80.000	10.000	5110.929	0.000	5670.000	5730.000	0.000	0.000	0.000
2073.000	16.000	14.000	2.000	6550.061	0.000	6510.000	6589.425	1.000	0.000	0.000
2074.000	9.000	6.000	3.000	7957.312	0.000	7784.561	7973.285	1.000	0.000	0.000
2075.000	7.000	6.000	1.000	11719.899	0.000	11417.403	11935.716	1.000	0.000	0.000
2076.000	1.000	0.000	1.000	129255.243	0.000	80000.000	10000000000.000	1.000	0.000	0.000
2077.000	13.000	12.000	1.000	4188.901	0.000	0.000	4200.000	1.000	0.000	0.000
2078.000	37.000	33.000	4.000	5085.064	0.000	5040.000	5090.000	1.000	0.000	0.000
2079.000	90.000	80.000	10.000	5170.268	0.000	5670.000	5730.000	0.000	0.000	0.000
2080.000	10.000	9.000	1.000	6516.949	0.000	6510.000	6589.425	1.000	0.000	0.000
2081.000	80.000	70.000	10.000	6201.491	0.000	7784.561	7973.285	0.000	0.000	0.000
2082.000	70.000	60.000	10.000	8448.361	0.000	11417.403	11935.716	0.000	0.000	0.000
2083.000	3.000	0.000	3.000	103675.482	0.000	80000.000	10000000000.000	1.000	0.000	0.000
2084.000	13.000	12.000	1.000	4146.583	0.000	0.000	4200.000	1.000	0.000	0.000
2085.000	22.000	20.000	2.000	4544.608	0.000	4540.000	4580.000	1.000	0.000	0.000
2086.000	78.000	70.000	8.000	5060.047	0.000	5040.000	5090.000	1.000	0.000	0.000
2087.000	45.000	40.000	5.000	5717.639	0.000	5670.000	5730.000	1.000	0.000	0.000
2088.000	81.000	71.000	10.000	6309.182	0.000	6510.000	6589.425	0.000	0.000	0.000
2089.000	80.000	70.000	10.000	5891.295	0.000	7784.561	7973.285	0.000	0.000	0.000
2090.000	70.000	60.000	10.000	8417.225	0.000	11417.403	11935.716	0.000	0.000	0.000
2091.000	2.000	0.000	2.000	428843.065	0.000	80000.000	10000000000.000	1.000	0.000	0.000
2092.000	150.000	150.000	10.000	4402.689	0.000	0.000	4200.000	0.000	0.000	0.000
2093.000	110.000	100.000	10.000	4387.792	0.000	4540.000	4580.000	0.000	0.000	0.000
2094.000	90.000	80.000	10.000	5303.760	0.000	5670.000	5730.000	0.000	0.000	0.000
2095.000	84.000	74.000	10.000	6330.479	0.000	6510.000	6589.425	0.000	0.000	0.000
2096.000	74.000	65.000	9.000	7791.232	0.000	7784.561	7973.285	1.000	0.000	0.000
2097.000	70.000	60.000	10.000	9527.914	0.000	11417.403	11935.716	0.000	0.000	0.000
2098.000	2.000	0.000	2.000	122590.423	0.000	80000.000	10000000000.000	1.000	0.000	0.000
2099.000	27.000	26.000	2.000	4056.691	0.000	0.000	4200.000	1.000	0.000	0.000
2100.000	40.000	36.000	4.000	4540.506	0.000	4540.000	4580.000	1.000	0.000	0.000
2101.000	18.000	16.000	2.000	5070.072	0.000	5040.000	5090.000	1.000	0.000	0.000
2102.000	91.000	81.000	10.000	5448.180	0.000	5670.000	5730.000	0.000	0.000	0.000
2103.000	62.000	55.000	7.000	6528.047	0.000	6510.000	6589.425	1.000	0.000	0.000
2104.000	80.000	70.000	10.000	6346.593	0.000	7784.561	7973.285	0.000	0.000	0.000
2105.000	70.000	60.000	10.000	8284.437	0.000	11417.403	11935.716	0.000	0.000	0.000
2106.000	1.000	0.000	1.000	119954.099	0.000	80000.000	10000000000.000	1.000	0.000	0.000
2107.000	13.000	12.000	1.000	4131.639	0.000	0.000	4200.000	1.000	0.000	0.000
2108.000	82.000	75.000	7.000	4573.415	0.000	4540.000	4580.000	1.000	0.000	0.000
2109.000	98.000	88.000	10.000	4547.268	0.000	5040.000	5090.000	0.000	0.000	0.000
2110.000	92.000	82.000	10.000	6435.018	0.000	6510.000	6589.425	0.000	0.000	0.000
2111.000	15.000	13.000	2.000	7823.666	0.000	7784.561	7973.285	1.000	0.000	0.000
2112.000	70.000	60.000	10.000	9379.003	0.000	11417.403	11935.716	0.000	0.000	0.000
2113.000	2.000	0.000	2.000	141625.214	0.000	80000.000	10000000000.000	1.000	0.000	0.000
2114.000	74.000	73.000	5.000	4194.090	0.000	0.000	4200.000	1.000	0.000	0.000
2115.000	98.000	89.000	9.000	4540.316	0.000	4540.000	4580.000	1.000	0.000	0.000
2116.000	9.000	8.000	1.000	5050.034	0.000	5040.000	5090.000	1.000	0.000	0.000
2117.000	90.000	80.000	10.000	5283.504	0.000	5670.000	5730.000	0.000	0.000	0.000
2118.000	75.000	66.000	9.000	6569.297	0.000	6510.000	6589.425	1.000	0.000	0.000
2119.000	41.000	36.000	5.000	7861.978	0.000	7784.561	7973.285	1.000	0.000	0.000
2120.000	71.000	61.000	10.000	8934.113	0.000	11417.403	11935.716	0.000	0.000	0.000
2121.000	1.000	0.000	1.000	108809.293	0.000	80000.000	10000000000.000	1.000	0.000	0.000
2122.000	42.000	41.000	3.000	4155.077	0.000	0.000	4200.000	1.000	0.000	0.000
2123.000	55.000	50.000	5.000	4554.861	0.000	4540.000	4580.000	1.000	0.000	0.000
2124.000	90.000	80.000	10.000	4793.826	0.000	5040.000	5090.000	0.000	0.000	0.000
2125.000	18.000	16.000	2.000	5686.365	0.000	5670.000	5730.000	1.000	0.000	0.000
2126.000	81.000	71.000	10.000	5818.729	0.000	7784.561	7973.285	0.000	0.000	0.000
2127.000	70.000	60.000	10.000	8989.677	0.000	11417.403	11935.716	0.000	0.000	0.000
2128.000	4.000	0.000	4.000	95631.274	0.000	80000.000	10000000000.000	1.000	0.000	0.000
2129.000	119.000	118.000	8.000	4195.263	0.000	0.000	4200.000	1.000	0.000	0.000
2130.000	107.000	97.000	10.000	4376.537	0.000	4540.000	4580.000	0.000	0.000	0.000
2131.000	100.000	90.000	10.000	4941.149	0.000	5040.000	5090.000	0.000	0.000	0.000
2132.000	90.000	80.000	10.000	5325.574	0.000	5670.000	5730.000	0.000	0.000	0.000
2133.000	40.000	35.000	5.000	6521.686	0.000	6510.000	6589.425	1.000	0.000	0.000
2134.000	36.000	32.000	4.000	7804.649	0.000	7784.561	7973.285	1.000	0.000	0.000
2135.000	64.000	54.000	10.000	8828.423	0.000	11417.403	11935.716	0.000	0.000	0.000
2136.000	10.000	0.000	10.000	268311.837	0.000	80000.000	10000000000.000	1.000	0.000	0.000
2137.000	12.000	11.000	1.000	4117.212	0.000	0.000	4200.000	1.000	0.000	0.000
2138.000	23.000	21.000	2.000	4541.217	0.000	4540.000	4580.000	1.000	0.000	0.000
2139.000	106.000	96.000	10.000	4790.712	0.000	5040.000	5090.000	0.000	0.000	0.000
2140.000	90.000	80.000	10.000	5366.167	0.000	5670.000	5730.000	0.000	0.000	0.000
2141.000	86.000	76.000	10.000	6286.028	0.000	6510.000	6589.425	0.000	0.000	0.000
2142.000	70.000	60.000	10.000	8796.561	0.000	11417.403	11935.716	0.000	0.000	0.000
2143.000	4.000	0.000	4.000	90040.294	0.000	80000.000	10000000000.000	1.000	0.000	0.000
2144.000	12.000	11.000	1.000	4170.071	0.000	0.000	4200.000	1.000	0.000	0.000
2145.000	63.000	57.000	6.000	4568.013	0.000	4540.000	4580.000	1.000	0.000	0.000
2146.000	18.000	16.000	2.000	5056.637	0.000	5040.000	5090.000	1.000	0.000	0.000
2147.000	90.000	80.000	10.000	5107.809	0.000	5670.000	5730.000	0.000	0.000	0.000
2148.000	17.000	15.000	2.000	6564.540	0.000	6510.000	6589.425	1.000	0.000	0.000
2149.000	80.000	70.000	10.000	6591.442	0.000	7784.561	7973.285	0.000	0.000	0.000
2150.000	14.000	12.000	2.000	11457.859	0.000	11417.403	11935.716	1.000	0.000	0.000
2151.000	1.000	0.000	1.000	121156.633	0.000	80000.000	10000000000.000	1.000	0.000	0.000
2152.000	12.000	11.000	1.000	4150.617	0.000	0.000	4200.000	1.000	0.000	0.000
2153.000	32.000	29.000	3.000	4540.743	0.000	4540.000	4580.000	1.000	0.000	0.000
2154.000	100.000	90.000	10.000	5020.952	0.000	5040.000	5090.000	0.000	0.000	0.000
2155.000	90.000	80.000	10.000	5357.510	0.000	5670.000	5730.000	0.000	0.000	0.000
2156.000	82.000	72.000	10.000	6207.065	0.000	6510.000	6589.425	0.000	0.000	0.000
2157.000	79.000	69.000	10.000	6770.167	0.000	7784.561	7973.285	0.000	0.000	0.000
2158.000	1.000	0.000	1.000	91000.766	0.000	80000.000	10000000000.000	1.000	0.000	0.000
2159.000	13.000	12.000	1.000	4075.559	0.000	0.000	4200.000	1.000	0.000	0.000
2160.000	11.000	10.000	1.000	4560.949	0.000	4540.000	4580.000	1.000	0.000	0.000
2161.000	100.000	90.000	10.000	4997.279	0.000	5040.000	5090.000	0.000	0.000	0.000
2162.000	90.000	80.000	10.000	5346.647	0.000	5670.000	5730.000	0.000	0.000	0.000
2163.000	24.000	21.000	3.000	6567.860	0.000	6510.000	6589.425	1.000	0.000	0.000
2164.000	78.000	68.000	10.000	6414.005	0.000	7784.561	7973.285	0.000	0.000	0.000
2165.000	15.000	12.000	3.000	11849.008	0.000	11417.403	11935.716	1.000	0.000	0.000
2166.000	1.000	0.000	1.000	445987.300	0.000	80000.000	10000000000.000	1.000	0.000	0.000
2167.000	11.000	10.000	1.000	4062.866	0.000	0.000	4200.000	1.000	0.000	0.000
2168.000	53.000	48.000	5.000	4542.734	0.000	4540.000	4580.000	1.000	0.000	0.000
2169.000	38.000	34.000	4.000	5061.696	0.000	5040.000	5090.000	1.000	0.000	0.000
2170.000	72.000	64.000	8.000	5723.431	0.000	5670.000	5730.000	1.000	0.000	0.000
2171.000	9.000	8.000	1.000	6536.923	0.000	6510.000	6589.425	1.000	0.000	0.000
2172.000	84.000	74.000	10.000	7529.450	0.000	7784.561	7973.285	0.000	0.000	0.000
2173.000	69.000	59.000	10.000	8401.053	0.000	11417.403	11935.716	0.000	0.000	0.000
2174.000	30.000	29.000	2.000	4058.905	0.000	0.000	4200.000	1.000	0.000	0.000
2175.000	44.000	40.000	4.000	4544.537	0.000	4540.000	4580.000	1.000	0.000	0.000
2176.000	9.000	8.000	1.000	5043.594	0.000	5040.000	5090.000	1.000	0.000	0.000
2177.000	90.000	80.000	10.000	5062.226	0.000	5670.000	5730.000	0.000	0.000	0.000
2178.000	84.000	74.000	10.000	6242.063	0.000	6510.000	6589.425	0.000	0.000	0.000
2179.000	23.000	20.000	3.000	7787.397	0.000	7784.561	7973.285	1.000	0.000	0.000
2180.000	14.000	12.000	2.000	11798.080	0.000	11417.403	11935.716	1.000	0.000	0.000
2181.000	1.000	0.000	1.000	177471.442	0.000	80000.000	10000000000.000	1.000	0.000	0.000
2182.000	150.000	150.000	10.000	4400.284	0.000	0.000	4200.000	0.000	0.000	0.000
2183.000	43.000	39.000	4.000	4571.949	0.000	4540.000	4580.000	1.000	0.000	0.000
2184.000	96.000	86.000	10.000	4771.142	0.000	5040.000	5090.000	0.000	0.000	0.000
2185.000	101.000	91.000	10.000	5198.562	0.000	5670.000	5730.000	0.000	0.000	0.000
2186.000	80.000	70.000	10.000	6042.834	0.000	6510.000	6589.425	0.000	0.000	0.000
2187.000	80.000	70.000	10.000	5979.509	0.000	7784.561	7973.285	0.000	0.000	0.000
2188.000	70.000	60.000	10.000	8642.358	0.000	11417.403	11935.716	0.000	0.000	0.000
2189.000	9.000	0.000	9.000	98544.590	0.000	80000.000	10000000000.000	1.000	0.000	0.000
2190.000	114.000	105.000	10.000	4467.448	0.000	4540.000	4580.000	0.000	0.000	0.000
2191.000	38.000	34.000	4.000	5043.857	0.000	5040.000	5090.000	1.000	0.000	0.000
2192.000	90.000	80.000	10.000	5260.315	0.000	5670.000	5730.000	0.000	0.000	0.000
2193.000	80.000	70.000	10.000	6174.253	0.000	6510.000	6589.425	0.000	0.000	0.000
2194.000	48.000	42.000	6.000	7819.236	0.000	7784.561	7973.285	1.000	0.000	0.000
2195.000	23.000	20.000	3.000	11708.859	0.000	11417.403	11935.716	1.000	0.000	0.000
2196.000	1.000	0.000	1.000	122780.698	0.000	80000.000	10000000000.000	1.000	0.000	0.000
2197.000	12.000	11.000	1.000	4102.846	0.000	0.000	4200.000	1.000	0.000	0.000
2198.000	11.000	10.000	1.000	4540.695	0.000	4540.000	4580.000	1.000	0.000	0.000
2199.000	100.000	90.000	10.000	4692.133	0.000	5040.000	5090.000	0.000	0.000	0.000
2200.000	27.000	24.000	3.000	5691.647	0.000	5670.000	5730.000	1.000	0.000	0.000
2201.000	24.000	21.000	3.000	6583.961	0.000	6510.000	6589.425	1.000	0.000	0.000
2202.000	40.000	35.000	5.000	7841.079	0.000	7784.561	7973.285	1.000	0.000	0.000
2203.000	70.000	60.000	10.000	8995.346	0.000	11417.403	11935.716	0.000	0.000	0.000
2204.000	1.000	0.000	1.000	94080.342	0.000	80000.000	10000000000.000	1.000	0.000	0.000
2205.000	11.000	10.000	1.000	4059.151	0.000	0.000	4200.000	1.000	0.000	0.000
2206.000	100.000	90.000	10.000	4631.151	0.000	5040.000	5090.000	0.000	0.000	0.000
2207.000	90.000	80.000	10.000	5238.465	0.000	5670.000	5730.000	0.000	0.000	0.000
2208.000	85.000	75.000	10.000	6359.395	0.000	6510.000	6589.425	0.000	0.000	0.000
2209.000	80.000	70.000	10.000	6290.027	0.000	7784.561	7973.285	0.000	0.000	0.000
2210.000	70.000	60.000	10.000	9117.307	0.000	11417.403	11935.716	0.000	0.000	0.000
2211.000	2.000	0.000	2.000	95473.883	0.000	80000.000	10000000000.000	1.000	0.000	0.000
2212.000	16.000	15.000	2.000	4027.606	0.000	0.000	4200.000	1.000	0.000	0.000
2213.000	21.000	19.000	2.000	4570.628	0.000	4540.000	4580.000	1.000	0.000	0.000
2214.000	96.000	86.000	10.000	4984.340	0.000	5040.000	5090.000	0.000	0.000	0.000
2215.000	90.000	80.000	10.000	5241.147	0.000	5670.000	5730.000	0.000	0.000	0.000
2216.000	80.000	70.000	10.000	6209.546	0.000	6510.000	6589.425	0.000	0.000	0.000
2217.000	31.000	27.000	4.000	7945.686	0.000	7784.561	7973.285	1.000	0.000	0.000
2218.000	48.000	41.000	7.000	11931.708	0.000	11417.403	11935.716	1.000	0.000	0.000
2219.000	2.000	0.000	2.000	113522.184	0.000	80000.000	10000000000.000	1.000	0.000	0.000
2220.000	15.000	14.000	1.000	4172.971	0.000	0.000	4200.000	1.000	0.000	0.000
2221.000	11.000	10.000	1.000	4559.492	0.000	4540.000	4580.000	1.000	0.000	0.000
2222.000	18.000	16.000	2.000	5701.306	0.000	5670.000	5730.000	1.000	0.000	0.000
2223.000	80.000	70.000	10.000	5982.057	0.000	6510.000	6589.425	0.000	0.000	0.000
2224.000	80.000	70.000	10.000	5978.523	0.000	7784.561	7973.285	0.000	0.000	0.000
2225.000	1.000	0.000	1.000	11430.916	0.000	11417.403	11935.716	1.000	0.000	0.000
2226.000	8.000	0.000	8.000	98055.980	0.000	80000.000	10000000000.000	1.000	0.000	0.000
2227.000	16.000	15.000	2.000	3972.300	0.000	0.000	4200.000	1.000	0.000	0.000
2228.000	50.000	45.000	5.000	4576.157	0.000	4540.000	4580.000	1.000	0.000	0.000
2229.000	9.000	8.000	1.000	5046.548	0.000	5040.000	5090.000	1.000	0.000	0.000
2230.000	98.000	88.000	10.000	5275.496	0.000	5670.000	5730.000	0.000	0.000	0.000
2231.000	80.000	70.000	10.000	6238.348	0.000	6510.000	6589.425	0.000	0.000	0.000
2232.000	23.000	20.000	3.000	7809.412	0.000	7784.561	7973.285	1.000	0.000	0.000
2233.000	70.000	60.000	10.000	8536.715	0.000	11417.403	11935.716	0.000	0.000	0.000
2234.000	5.000	0.000	5.000	113581.456	0.000	80000.000	10000000000.000	1.000	0.000	0.000
2235.000	12.000	11.000	1.000	4192.514	0.000	0.000	4200.000	1.000	0.000	0.000
2236.000	95.000	86.000	10.000	4327.929	0.000	4540.000	4580.000	0.000	0.000	0.000
2237.000	27.000	24.000	3.000	5069.038	0.000	5040.000	5090.000	1.000	0.000	0.000
2238.000	82.000	72.000	10.000	5728.027	0.000	6510.000	6589.425	0.000	0.000	0.000
2239.000	26.000	23.000	3.000	7872.434	0.000	7784.561	7973.285	1.000	0.000	0.000
2240.000	70.000	60.000	10.000	8920.924	0.000	11417.403	11935.716	0.000	0.000	0.000
2241.000	2.000	0.000	2.000	87276.792	0.000	80000.000	10000000000.000	1.000	0.000	0.000
2242.000	30.000	29.000	2.000	4140.880	0.000	0.000	4200.000	1.000	0.000	0.000
2243.000	10.000	9.000	1.000	4549.075	0.000	4540.000	4580.000	1.000	0.000	0.000
2244.000	28.000	25.000	3.000	5074.536	0.000	5040.000	5090.000	1.000	0.000	0.000
2245.000	46.000	41.000	5.000	5717.714	0.000	5670.000	5730.000	1.000	0.000	0.000
2246.000	80.000	70.000	10.000	6272.073	0.000	6510.000	6589.425	0.000	0.000	0.000
2247.000	79.000	69.000	10.000	6233.522	0.000	7784.561	7973.285	0.000	0.000	0.000
2248.000	7.000	6.000	1.000	11705.867	0.000	11417.403	11935.716	1.000	0.000	0.000
2249.000	3.000	0.000	3.000	188546.393	0.000	80000.000	10000000000.000	1.000	0.000	0.000
2250.000	28.000	27.000	2.000	4190.999	0.000	0.000	4200.000	1.000	0.000	0.000
2251.000	20.000	18.000	2.000	4568.444	0.000	4540.000	4580.000	1.000	0.000	0.000
2252.000	18.000	16.000	2.000	5043.126	0.000	5040.000	5090.000	1.000	0.000	0.000
2253.000	90.000	80.000	10.000	5231.064	0.000	5670.000	5730.000	0.000	0.000	0.000
2254.000	80.000	70.000	10.000	6426.131	0.000	7784.561	7973.285	0.000	0.000	0.000
2255.000	59.000	51.000	8.000	11634.963	0.000	11417.403	11935.716	1.000	0.000	0.000
2256.000	3.000	0.000	3.000	143115.987	0.000	80000.000	10000000000.000	1.000	0.000	0.000
2257.000	25.000	24.000	2.000	4191.665	0.000	0.000	4200.000	1.000	0.000	0.000
2258.000	78.000	71.000	7.000	4567.917	0.000	4540.000	4580.000	1.000	0.000	0.000
2259.000	102.000	92.000	10.000	4727.748	0.000	5040.000	5090.000	0.000	0.000	0.000
2260.000	76.000	66.000	10.000	5675.647	0.000	5670.000	5730.000	1.000	0.000	0.000
2261.000	56.000	49.000	7.000	6579.232	0.000	6510.000	6589.425	1.000	0.000	0.000
2262.000	75.000	65.000	10.000	7921.743	0.000	7784.561	7973.285	1.000	0.000	0.000
2263.000	70.000	60.000	10.000	9333.331	0.000	11417.403	11935.716	0.000	0.000	0.000
2264.000	2.000	0.000	2.000	229044.063	0.000	80000.000	10000000000.000	1.000	0.000	0.000
2265.000	27.000	26.000	2.000	4180.609	0.000	0.000	4200.000	1.000	0.000	0.000
2266.000	117.000	108.000	10.000	4530.152	0.000	4540.000	4580.000	0.000	0.000	0.000
2267.000	9.000	8.000	1.000	5082.094	0.000	5040.000	5090.000	1.000	0.000	0.000
2268.000	89.000	79.000	10.000	5039.563	0.000	5670.000	5730.000	0.000	0.000	0.000
2269.000	80.000	70.000	10.000	6038.431	0.000	6510.000	6589.425	0.000	0.000	0.000
2270.000	37.000	27.000	10.000	11253.953	0.000	11417.403	11935.716	0.000	0.000	0.000
2271.000	1.000	0.000	1.000	110201.090	0.000	80000.000	10000000000.000	1.000	0.000	0.000
2272.000	27.000	26.000	2.000	4160.381	0.000	0.000	4200.000	1.000	0.000	0.000
2273.000	34.000	31.000	3.000	4544.585	0.000	4540.000	4580.000	1.000	0.000	0.000
2274.000	21.000	19.000	2.000	5070.072	0.000	5040.000	5090.000	1.000	0.000	0.000
2275.000	8.000	7.000	1.000	5718.616	0.000	5670.000	5730.000	1.000	0.000	0.000
2276.000	16.000	14.000	2.000	6587.799	0.000	6510.000	6589.425	1.000	0.000	0.000
2277.000	80.000	70.000	10.000	6179.076	0.000	7784.561	7973.285	0.000	0.000	0.000
2278.000	7.000	6.000	1.000	11914.553	0.000	11417.403	11935.716	1.000	0.000	0.000
2279.000	2.000	0.000	2.000	174133.028	0.000	80000.000	10000000000.000	1.000	0.000	0.000
2280.000	12.000	11.000	1.000	4140.702	0.000	0.000	4200.000	1.000	0.000	0.000
2281.000	10.000	9.000	1.000	4561.356	0.000	4540.000	4580.000	1.000	0.000	0.000
2282.000	27.000	24.000	3.000	5077.616	0.000	5040.000	5090.000	1.000	0.000	0.000
2283.000	88.000	78.000	10.000	5028.002	0.000	5670.000	5730.000	0.000	0.000	0.000
2284.000	98.000	88.000	10.000	6015.389	0.000	6510.000	6589.425	0.000	0.000	0.000
2285.000	79.000	69.000	10.000	5694.664	0.000	7784.561	7973.285	0.000	0.000	0.000
2286.000	1.000	0.000	1.000	171085.919	0.000	80000.000	10000000000.000	1.000	0.000	0.000
2287.000	12.000	11.000	1.000	4136.490	0.000	0.000	4200.000	1.000	0.000	0.000
2288.000	40.000	36.000	4.000	4564.275	0.000	4540.000	4580.000	1.000	0.000	0.000
2289.000	70.000	63.000	7.000	5071.963	0.000	5040.000	5090.000	1.000	0.000	0.000
2290.000	75.000	65.000	10.000	5003.025	0.000	5670.000	5730.000	0.000	0.000	0.000
2291.000	80.000	70.000	10.000	6037.928	0.000	6510.000	6589.425	0.000	0.000	0.000
2292.000	55.000	48.000	7.000	7890.066	0.000	7784.561	7973.285	1.000	0.000	0.000
2293.000	43.000	37.000	6.000	11889.808	0.000	11417.403	11935.716	1.000	0.000	0.000
2294.000	9.000	0.000	9.000	338045.753	0.000	80000.000	10000000000.000	1.000	0.000	0.000
2295.000	12.000	11.000	1.000	4087.198	0.000	0.000	4200.000	1.000	0.000	0.000
2296.000	33.000	30.000	3.000	4570.988	0.000	4540.000	4580.000	1.000	0.000	0.000
2297.000	27.000	24.000	3.000	5070.308	0.000	5040.000	5090.000	1.000	0.000	0.000
2298.000	71.000	63.000	8.000	5692.503	0.000	5670.000	5730.000	1.000	0.000	0.000
2299.000	80.000	70.000	10.000	6039.898	0.000	6510.000	6589.425	0.000	0.000	0.000
2300.000	15.000	13.000	2.000	7812.006	0.000	7784.561	7973.285	1.000	0.000	0.000
2301.000	70.000	60.000	10.000	8881.497	0.000	11417.403	11935.716	0.000	0.000	0.000
2302.000	12.000	11.000	1.000	4110.075	0.000	0.000	4200.000	1.000	0.000	0.000
2303.000	64.000	58.000	6.000	4550.740	0.000	4540.000	4580.000	1.000	0.000	0.000
2048.000	89.000	79.000	10.000	5087.829	0.000	5670.000	5730.000	0.000	0.000	0.000
2049.000	87.000	77.000	10.000	6498.988	0.000	6510.000	6589.425	0.000	0.000	0.000
2050.000	80.000	70.000	10.000	6185.181	0.000	7784.561	7973.285	0.000	0.000	0.000
2051.000	71.000	61.000	10.000	9411.159	0.000	11417.403	11935.716	0.000	0.000	0.000
2052.000	1.000	0.000	1.000	151937.227	0.000	80000.000	10000000000.000	1.000	0.000	0.000
2053.000	27.000	26.000	2.000	4150.083	0.000	0.000	4200.000	1.000	0.000	0.000
2054.000	75.000	68.000	7.000	4565.161	0.000	4540.000	4580.000	1.000	0.000	0.000
2055.000	98.000	88.000	10.000	4782.181	0.000	5040.000	5090.000	0.000	0.000	0.000
2056.000	90.000	80.000	10.000	5205.155	0.000	5670.000	5730.000	0.000	0.000	0.000
2057.000	80.000	70.000	10.000	6427.745	0.000	6510.000	6589.425	0.000	0.000	0.000
2058.000	78.000	68.000	10.000	5775.283	0.000	7784.561	7973.285	0.000	0.000	0.000
2059.000	71.000	61.000	10.000	9276.418	0.000	11417.403	11935.716	0.000	0.000	0.000
2060.000	1.000	0.000	1.000	81375.674	0.000	80000.000	10000000000.000	1.000	0.000	0.000
2061.000	34.000	31.000	3.000	4579.649	0.000	4540.000	4580.000	1.000	0.000	0.000
2062.000	51.000	46.000	5.000	5065.556	0.000	5040.000	5090.000	1.000	0.000	0.000
2063.000	90.000	80.000	10.000	5244.021	0.000	5670.000	5730.000	0.000	0.000	0.000
2064.000	17.000	15.000	2.000	6534.518	0.000	6510.000	6589.425	1.000	0.000	0.000
2065.000	66.000	57.000	9.000	7912.163	0.000	7784.561	7973.285	1.000	0.000	0.000
2066.000	77.000	67.000	10.000	10085.020	0.000	11417.403	11935.716	0.000	0.000	0.000
2067.000	2.000	0.000	2.000	90461.521	0.000	80000.000	10000000000.000	1.000	0.000	0.000
2068.000	12.000	11.000	1.000	4151.330	0.000	0.000	4200.000	1.000	0.000	0.000
2069.000	20.000	18.000	2.000	4551.121	0.000	4540.000	4580.000	1.000	0.000	0.000
2070.000	20.000	18.000	2.000	5048.686	0.000	5040.000	5090.000	1.000	0.000	0.000
2071.000	90.000	80.000	10.000	5268.309	0.000	5670.000	5730.000	0.000	0.000	0.000
2072.000	80.000	70.000	10.000	6137.498	0.000	6510.000	6589.425	0.000	0.000	0.000
2073.000	80.000	70.000	10.000	6166.902	0.000	7784.561	7973.285	0.000	0.000	0.000
2074.000	10.000	0.000	10.000	9178.568	0.000	11417.403	11935.716	0.000	0.000	0.000
2075.000	2.000	0.000	2.000	86867.291	0.000	80000.000	10000000000.000	1.000	0.000	0.000
2076.000	12.000	11.000	1.000	4180.228	0.000	0.000	4200.000	1.000	0.000	0.000
2077.000	54.000	48.000	6.000	5046.841	0.000	5040.000	5090.000	1.000	0.000	0.000
2078.000	90.000	80.000	10.000	5283.408	0.000	5670.000	5730.000	0.000	0.000	0.000
2079.000	49.000	43.000	6.000	6586.752	0.000	6510.000	6589.425	1.000	0.000	0.000
2080.000	77.000	67.000	10.000	6992.181	0.000	7784.561	7973.285	0.000	0.000	0.000
2081.000	35.000	30.000	5.000	11654.910	0.000	11417.403	11935.716	1.000	0.000	0.000
2082.000	4.000	0.000	4.000	97791.502	0.000	80000.000	10000000000.000	1.000	0.000	0.000
2083.000	13.000	12.000	1.000	4081.542	0.000	0.000	4200.000	1.000	0.000	0.000
2084.000	54.000	49.000	5.000	4565.400	0.000	4540.000	4580.000	1.000	0.000	0.000
2085.000	100.000	90.000	10.000	4909.369	0.000	5040.000	5090.000	0.000	0.000	0.000
2086.000	8.000	7.000	1.000	5706.615	0.000	5670.000	5730.000	1.000	0.000	0.000
2087.000	86.000	76.000	10.000	6408.101	0.000	6510.000	6589.425	0.000	0.000	0.000
2088.000	7.000	6.000	1.000	7798.284	0.000	7784.561	7973.285	1.000	0.000	0.000
2089.000	70.000	60.000	10.000	8676.310	0.000	11417.403	11935.716	0.000	0.000	0.000
2090.000	2.000	0.000	2.000	269642.139	0.000	80000.000	10000000000.000	1.000	0.000	0.000
2091.000	43.000	42.000	3.000	4191.322	0.000	0.000	4200.000	1.000	0.000	0.000
2092.000	12.000	11.000	1.000	4540.411	0.000	4540.000	4580.000	1.000	0.000	0.000
2093.000	90.000	80.000	10.000	5191.800	0.000	5670.000	5730.000	0.000	0.000	0.000
2094.000	81.000	71.000	10.000	6427.840	0.000	6510.000	6589.425	0.000	0.000	0.000
2095.000	81.000	71.000	10.000	5527.995	0.000	7784.561	7973.285	0.000	0.000	0.000
2096.000	74.000	64.000	10.000	7351.587	0.000	11417.403	11935.716	0.000	0.000	0.000
2097.000	1.000	0.000	1.000	188587.256	0.000	80000.000	10000000000.000	1.000	0.000	0.000
2098.000	12.000	11.000	1.000	4046.692	0.000	0.000	4200.000	1.000	0.000	0.000
2099.000	10.000	9.000	1.000	4545.321	0.000	4540.000	4580.000	1.000	0.000	0.000
2100.000	90.000	80.000	10.000	4883.387	0.000	5040.000	5090.000	0.000	0.000	0.000
2101.000	90.000	80.000	10.000	5264.548	0.000	5670.000	5730.000	0.000	0.000	0.000
2102.000	27.000	24.000	3.000	6536.236	0.000	6510.000	6589.425	1.000	0.000	0.000
2103.000	78.000	68.000	10.000	7069.381	0.000	7784.561	7973.285	0.000	0.000	0.000
2104.000	71.000	61.000	10.000	9054.974	0.000	11417.403	11935.716	0.000	0.000	0.000
2105.000	5.000	0.000	5.000	80606.776	0.000	80000.000	10000000000.000	1.000	0.000	0.000
2106.000	27.000	26.000	2.000	4183.665	0.000	0.000	4200.000	1.000	0.000	0.000
2107.000	21.000	19.000	2.000	4565.041	0.000	4540.000	4580.000	1.000	0.000	0.000
2108.000	102.000	92.000	10.000	4771.299	0.000	5040.000	5090.000	0.000	0.000	0.000
2109.000	33.000	29.000	4.000	6510.220	0.000	6510.000	6589.425	1.000	0.000	0.000
2110.000	83.000	73.000	10.000	6885.725	0.000	7784.561	7973.285	0.000	0.000	0.000
2111.000	76.000	66.000	10.000	6954.627	0.000	11417.403	11935.716	0.000	0.000	0.000
2112.000	1.000	0.000	1.000	121784.029	0.000	80000.000	10000000000.000	1.000	0.000	0.000
2113.000	12.000	11.000	1.000	4179.525	0.000	0.000	4200.000	1.000	0.000	0.000
2114.000	55.000	50.000	5.000	4548.813	0.000	4540.000	4580.000	1.000	0.000	0.000
2115.000	97.000	87.000	10.000	5015.251	0.000	5040.000	5090.000	0.000	0.000	0.000
2116.000	90.000	80.000	10.000	5176.881	0.000	5670.000	5730.000	0.000	0.000	0.000
2117.000	33.000	29.000	4.000	6510.951	0.000	6510.000	6589.425	1.000	0.000	0.000
2118.000	80.000	70.000	10.000	7036.966	0.000	7784.561	7973.285	0.000	0.000	0.000
2119.000	37.000	32.000	5.000	11589.558	0.000	11417.403	11935.716	1.000	0.000	0.000
2120.000	2.000	0.000	2.000	90405.129	0.000	80000.000	10000000000.000	1.000	0.000	0.000
2121.000	13.000	12.000	1.000	4176.255	0.000	0.000	4200.000	1.000	0.000	0.000
2122.000	54.000	49.000	5.000	4576.132	0.000	4540.000	4580.000	1.000	0.000	0.000
2123.000	9.000	8.000	1.000	5079.424	0.000	5040.000	5090.000	1.000	0.000	0.000
2124.000	84.000	74.000	10.000	5535.309	0.000	5670.000	5730.000	0.000	0.000	0.000
2125.000	9.000	6.000	3.000	7970.650	0.000	7784.561	7973.285	1.000	0.000	0.000
2126.000	7.000	6.000	1.000	11861.283	0.000	11417.403	11935.716	1.000	0.000	0.000
2127.000	1.000	0.000	1.000	171119.564	0.000	80000.000	10000000000.000	1.000	0.000	0.000
2128.000	28.000	27.000	2.000	4111.706	0.000	0.000	4200.000	1.000	0.000	0.000
2129.000	81.000	76.000	6.000	4544.419	0.000	4540.000	4580.000	1.000	0.000	0.000
2130.000	18.000	16.000	2.000	5053.758	0.000	5040.000	5090.000	1.000	0.000	0.000
2131.000	90.000	80.000	10.000	5279.145	0.000	5670.000	5730.000	0.000	0.000	0.000
2132.000	80.000	70.000	10.000	6175.787	0.000	6510.000	6589.425	0.000	0.000	0.000
2133.000	80.000	70.000	10.000	6359.395	0.000	7784.561	7973.285	0.000	0.000	0.000
2134.000	88.000	78.000	10.000	11489.175	0.000	11417.403	11935.716	1.000	0.000	0.000
2135.000	6.000	0.000	6.000	203827.686	0.000	80000.000	10000000000.000	1.000	0.000	0.000
2136.000	28.000	27.000	2.000	4124.628	0.000	0.000	4200.000	1.000	0.000	0.000
2137.000	109.000	99.000	10.000	4439.504	0.000	4540.000	4580.000	0.000	0.000	0.000
2138.000	71.000	64.000	7.000	5072.643	0.000	5040.000	5090.000	1.000	0.000	0.000
2139.000	9.000	8.000	1.000	5690.158	0.000	5670.000	5730.000	1.000	0.000	0.000
2140.000	16.000	14.000	2.000	6587.001	0.000	6510.000	6589.425	1.000	0.000	0.000
2141.000	70.000	60.000	10.000	9360.540	0.000	11417.403	11935.716	0.000	0.000	0.000
2142.000	1.000	0.000	1.000	83443.606	0.000	80000.000	10000000000.000	1.000	0.000	0.000
2143.000	11.000	10.000	1.000	4193.928	0.000	0.000	4200.000	1.000	0.000	0.000
2144.000	21.000	19.000	2.000	4572.982	0.000	4540.000	4580.000	1.000	0.000	0.000
2145.000	69.000	62.000	7.000	5089.674	0.000	5040.000	5090.000	1.000	0.000	0.000
2146.000	90.000	80.000	10.000	5073.678	0.000	5670.000	5730.000	0.000	0.000	0.000
2147.000	80.000	70.000	10.000	5912.672	0.000	6510.000	6589.425	0.000	0.000	0.000
2148.000	80.000	70.000	10.000	6160.746	0.000	7784.561	7973.285	0.000	0.000	0.000
2149.000	70.000	60.000	10.000	9504.290	0.000	11417.403	11935.716	0.000	0.000	0.000
2150.000	1.000	0.000	1.000	135452.336	0.000	80000.000	10000000000.000	1.000	0.000	0.000
2151.000	73.000	72.000	5.000	4114.739	0.000	0.000	4200.000	1.000	0.000	0.000
2152.000	51.000	46.000	5.000	4555.648	0.000	4540.000	4580.000	1.000	0.000	0.000
2153.000	36.000	32.000	4.000	5056.989	0.000	5040.000	5090.000	1.000	0.000	0.000
2154.000	90.000	80.000	10.000	5362.694	0.000	5670.000	5730.000	0.000	0.000	0.000
2155.000	80.000	70.000	10.000	6565.530	0.000	6510.000	6589.425	1.000	0.000	0.000
2156.000	77.000	67.000	10.000	7913.962	0.000	7784.561	7973.285	1.000	0.000	0.000
2157.000	2.000	0.000	2.000	106858.414	0.000	80000.000	10000000000.000	1.000	0.000	0.000
2158.000	28.000	27.000	2.000	4126.760	0.000	0.000	4200.000	1.000	0.000	0.000
2159.000	111.000	101.000	10.000	4534.283	0.000	4540.000	4580.000	0.000	0.000	0.000
2160.000	29.000	26.000	3.000	5077.764	0.000	5040.000	5090.000	1.000	0.000	0.000
2161.000	90.000	80.000	10.000	5394.243	0.000	5670.000	5730.000	0.000	0.000	0.000
2162.000	75.000	66.000	9.000	6522.811	0.000	6510.000	6589.425	1.000	0.000	0.000
2163.000	80.000	70.000	10.000	6553.515	0.000	7784.561	7973.285	0.000	0.000	0.000
2164.000	72.000	62.000	10.000	8762.016	0.000	11417.403	11935.716	0.000	0.000	0.000
2165.000	8.000	0.000	8.000	89641.437	0.000	80000.000	10000000000.000	1.000	0.000	0.000
2166.000	13.000	12.000	1.000	4183.564	0.000	0.000	4200.000	1.000	0.000	0.000
2167.000	73.000	66.000	7.000	4577.818	0.000	4540.000	4580.000	1.000	0.000	0.000
2168.000	18.000	16.000	2.000	5060.783	0.000	5040.000	5090.000	1.000	0.000	0.000
2169.000	90.000	80.000	10.000	5123.056	0.000	5670.000	5730.000	0.000	0.000	0.000
2170.000	82.000	72.000	10.000	5440.108	0.000	6510.000	6589.425	0.000	0.000	0.000
2171.000	84.000	74.000	10.000	7127.927	0.000	7784.561	7973.285	0.000	0.000	0.000
2172.000	44.000	38.000	6.000	11574.912	0.000	11417.403	11935.716	1.000	0.000	0.000
2173.000	13.000	12.000	1.000	4188.034	0.000	0.000	4200.000	1.000	0.000	0.000
2174.000	65.000	59.000	6.000	4542.189	0.000	4540.000	4580.000	1.000	0.000	0.000
2175.000	9.000	8.000	1.000	5067.650	0.000	5040.000	5090.000	1.000	0.000	0.000
2176.000	90.000	80.000	10.000	5232.417	0.000	5670.000	5730.000	0.000	0.000	0.000
2177.000	81.000	71.000	10.000	6573.416	0.000	6510.000	6589.425	1.000	0.000	0.000
2178.000	7.000	6.000	1.000	7964.522	0.000	7784.561	7973.285	1.000	0.000	0.000
2179.000	70.000	60.000	10.000	7916.554	0.000	11417.403	11935.716	0.000	0.000	0.000
2180.000	1.000	0.000	1.000	106310.093	0.000	80000.000	10000000000.000	1.000	0.000	0.000
2181.000	28.000	27.000	2.000	4159.665	0.000	0.000	4200.000	1.000	0.000	0.000
2182.000	74.000	68.000	6.000	4540.672	0.000	4540.000	4580.000	1.000	0.000	0.000
2183.000	28.000	25.000	3.000	5058.400	0.000	5040.000	5090.000	1.000	0.000	0.000
2184.000	90.000	80.000	10.000	5118.746	0.000	5670.000	5730.000	0.000	0.000	0.000
2185.000	97.000	87.000	10.000	4624.235	0.000	6510.000	6589.425	0.000	0.000	0.000
2186.000	54.000	47.000	7.000	7968.680	0.000	7784.561	7973.285	1.000	0.000	0.000
2187.000	70.000	60.000	10.000	9558.790	0.000	11417.403	11935.716	0.000	0.000	0.000
2188.000	1.000	0.000	1.000	100351.584	0.000	80000.000	10000000000.000	1.000	0.000	0.000
2189.000	71.000	64.000	8.000	4579.480	0.000	4540.000	4580.000	1.000	0.000	0.000
2190.000	100.000	90.000	10.000	4695.349	0.000	5040.000	5090.000	0.000	0.000	0.000
2191.000	90.000	80.000	10.000	5341.920	0.000	5670.000	5730.000	0.000	0.000	0.000
2192.000	80.000	70.000	10.000	6234.460	0.000	6510.000	6589.425	0.000	0.000	0.000
2193.000	22.000	19.000	3.000	7971.307	0.000	7784.561	7973.285	1.000	0.000	0.000
2194.000	7.000	6.000	1.000	11860.313	0.000	11417.403	11935.716	1.000	0.000	0.000
2195.000	8.000	0.000	8.000	81223.756	0.000	80000.000	10000000000.000	1.000	0.000	0.000
2196.000	12.000	11.000	1.000	4132.895	0.000	0.000	4200.000	1.000	0.000	0.000
2197.000	57.000	52.000	5.000	4579.890	0.000	4540.000	4580.000	1.000	0.000	0.000
2198.000	31.000	28.000	3.000	5056.225	0.000	5040.000	5090.000	1.000	0.000	0.000
2199.000	91.000	81.000	10.000	5571.638	0.000	5670.000	5730.000	0.000	0.000	0.000
2200.000	25.000	22.000	3.000	6526.872	0.000	6510.000	6589.425	1.000	0.000	0.000
2201.000	79.000	69.000	10.000	6155.255	0.000	7784.561	7973.285	0.000	0.000	0.000
2202.000	44.000	38.000	6.000	11856.758	0.000	11417.403	11935.716	1.000	0.000	0.000
2203.000	1.000	0.000	1.000	85125.200	0.000	80000.000	10000000000.000	1.000	0.000	0.000
2204.000	57.000	56.000	4.000	4165.380	0.000	0.000	4200.000	1.000	0.000	0.000
2205.000	18.000	16.000	2.000	5062.403	0.000	5040.000	5090.000	1.000	0.000	0.000
2206.000	90.000	80.000	10.000	5351.152	0.000	5670.000	5730.000	0.000	0.000	0.000
2207.000	80.000	70.000	10.000	5893.609	0.000	6510.000	6589.425	0.000	0.000	0.000
2208.000	80.000	70.000	10.000	7116.792	0.000	7784.561	7973.285	0.000	0.000	0.000
2209.000	71.000	61.000	10.000	9127.923	0.000	11417.403	11935.716	0.000	0.000	0.000
2210.000	2.000	0.000	2.000	99354.723	0.000	80000.000	10000000000.000	1.000	0.000	0.000
2211.000	12.000	11.000	1.000	4125.840	0.000	0.000	4200.000	1.000	0.000	0.000
2212.000	47.000	42.000	5.000	4575.074	0.000	4540.000	4580.000	1.000	0.000	0.000
2213.000	100.000	90.000	10.000	4758.800	0.000	5040.000	5090.000	0.000	0.000	0.000
2214.000	65.000	58.000	7.000	5711.297	0.000	5670.000	5730.000	1.000	0.000	0.000
2215.000	80.000	70.000	10.000	5802.394	0.000	6510.000	6589.425	0.000	0.000	0.000
2216.000	80.000	70.000	10.000	6338.641	0.000	7784.561	7973.285	0.000	0.000	0.000
2217.000	13.000	11.000	2.000	11666.317	0.000	11417.403	11935.716	1.000	0.000	0.000
2218.000	3.000	0.000	3.000	85042.005	0.000	80000.000	10000000000.000	1.000	0.000	0.000
2219.000	12.000	11.000	1.000	4138.379	0.000	0.000	4200.000	1.000	0.000	0.000
2220.000	32.000	29.000	3.000	4564.011	0.000	4540.000	4580.000	1.000	0.000	0.000
2221.000	90.000	80.000	10.000	5295.594	0.000	5670.000	5730.000	0.000	0.000	0.000
2222.000	71.000	63.000	8.000	6522.029	0.000	6510.000	6589.425	1.000	0.000	0.000
2223.000	80.000	70.000	10.000	6135.204	0.000	7784.561	7973.285	0.000	0.000	0.000
2224.000	70.000	60.000	10.000	9583.213	0.000	11417.403	11935.716	0.000	0.000	0.000
2225.000	2.000	0.000	2.000	99026.822	0.000	80000.000	10000000000.000	1.000	0.000	0.000
2226.000	45.000	44.000	3.000	4176.696	0.000	0.000	4200.000	1.000	0.000	0.000
2227.000	3.000	0.000	3.000	4559.444	0.000	4540.000	4580.000	1.000	0.000	0.000
2228.000	90.000	80.000	10.000	4760.727	0.000	5040.000	5090.000	0.000	0.000	0.000
2229.000	71.000	63.000	8.000	5703.922	0.000	5670.000	5730.000	1.000	0.000	0.000
2230.000	44.000	39.000	5.000	6583.861	0.000	6510.000	6589.425	1.000	0.000	0.000
2231.000	80.000	70.000	10.000	6235.398	0.000	7784.561	7973.285	0.000	0.000	0.000
2232.000	28.000	24.000	4.000	11862.738	0.000	11417.403	11935.716	1.000	0.000	0.000
2233.000	1.000	0.000	1.000	92806.013	0.000	80000.000	10000000000.000	1.000	0.000	0.000
2234.000	29.000	28.000	2.000	4119.122	0.000	0.000	4200.000	1.000	0.000	0.000
2235.000	10.000	9.000	1.000	4574.833	0.000	4540.000	4580.000	1.000	0.000	0.000
2236.000	20.000	18.000	2.000	5066.795	0.000	5040.000	5090.000	1.000	0.000	0.000
2237.000	80.000	70.000	10.000	6084.837	0.000	6510.000	6589.425	0.000	0.000	0.000
2238.000	77.000	67.000	10.000	5862.953	0.000	7784.561	7973.285	0.000	0.000	0.000
2239.000	67.000	58.000	9.000	11771.267	0.000	11417.403	11935.716	1.000	0.000	0.000
2240.000	1.000	0.000	1.000	209017.531	0.000	80000.000	10000000000.000	1.000	0.000	0.000
2241.000	13.000	12.000	1.000	4181.574	0.000	0.000	4200.000	1.000	0.000	0.000
2242.000	49.000	45.000	4.000	4564.682	0.000	4540.000	4580.000	1.000	0.000	0.000
2243.000	36.000	32.000	4.000	5040.614	0.000	5040.000	5090.000	1.000	0.000	0.000
2244.000	90.000	80.000	10.000	4964.293	0.000	5670.000	5730.000	0.000	0.000	0.000
2245.000	88.000	78.000	10.000	5749.563	0.000	6510.000	6589.425	0.000	0.000	0.000
2246.000	54.000	47.000	7.000	7921.671	0.000	7784.561	7973.285	1.000	0.000	0.000
2247.000	14.000	12.000	2.000	11857.889	0.000	11417.403	11935.716	1.000	0.000	0.000
2248.000	2.000	0.000	2.000	94294.437	0.000	80000.000	10000000000.000	1.000	0.000	0.000
2249.000	57.000	56.000	4.000	4152.757	0.000	0.000	4200.000	1.000	0.000	0.000
2250.000	21.000	19.000	2.000	4578.131	0.000	4540.000	4580.000	1.000	0.000	0.000
2251.000	27.000	24.000	3.000	5076.431	0.000	5040.000	5090.000	1.000	0.000	0.000
2252.000	90.000	80.000	10.000	5221.553	0.000	5670.000	5730.000	0.000	0.000	0.000
2253.000	79.000	69.000	10.000	6794.802	0.000	7784.561	7973.285	0.000	0.000	0.000
2254.000	7.000	6.000	1.000	11622.996	0.000	11417.403	11935.716	1.000	0.000	0.000
2255.000	4.000	0.000	4.000	125889.260	0.000	80000.000	10000000000.000	1.000	0.000	0.000
2256.000	12.000	11.000	1.000	4172.430	0.000	0.000	4200.000	1.000	0.000	0.000
2257.000	117.000	107.000	10.000	4453.364	0.000	4540.000	4580.000	0.000	0.000	0.000
2258.000	99.000	89.000	10.000	4663.841	0.000	5040.000	5090.000	0.000	0.000	0.000
2259.000	8.000	7.000	1.000	5708.749	0.000	5670.000	5730.000	1.000	0.000	0.000
2260.000	26.000	23.000	3.000	6573.466	0.000	6510.000	6589.425	1.000	0.000	0.000
2261.000	79.000	69.000	10.000	7857.719	0.000	7784.561	7973.285	1.000	0.000	0.000
2262.000	70.000	60.000	10.000	7876.353	0.000	11417.403	11935.716	0.000	0.000	0.000
2263.000	2.000	0.000	2.000	150491.978	0.000	80000.000	10000000000.000	1.000	0.000	0.000
2264.000	13.000	12.000	1.000	4173.551	0.000	0.000	4200.000	1.000	0.000	0.000
2265.000	21.000	19.000	2.000	4579.649	0.000	4540.000	4580.000	1.000	0.000	0.000
2266.000	70.000	63.000	7.000	5063.817	0.000	5040.000	5090.000	1.000	0.000	0.000
2267.000	90.000	80.000	10.000	5172.635	0.000	5670.000	5730.000	0.000	0.000	0.000
2268.000	80.000	70.000	10.000	6480.933	0.000	6510.000	6589.425	0.000	0.000	0.000
2269.000	70.000	60.000	10.000	8732.647	0.000	11417.403	11935.716	0.000	0.000	0.000
2270.000	6.000	0.000	6.000	191113.859	0.000	80000.000	10000000000.000	1.000	0.000	0.000
2271.000	11.000	10.000	1.000	4163.945	0.000	0.000	4200.000	1.000	0.000	0.000
2272.000	32.000	29.000	3.000	4547.767	0.000	4540.000	4580.000	1.000	0.000	0.000
2273.000	74.000	67.000	7.000	5079.365	0.000	5040.000	5090.000	1.000	0.000	0.000
2274.000	97.000	87.000	10.000	5722.716	0.000	5670.000	5730.000	1.000	0.000	0.000
2275.000	80.000	70.000	10.000	5993.966	0.000	6510.000	6589.425	0.000	0.000	0.000
2276.000	80.000	70.000	10.000	7244.176	0.000	7784.561	7973.285	0.000	0.000	0.000
2277.000	70.000	60.000	10.000	8768.992	0.000	11417.403	11935.716	0.000	0.000	0.000
2278.000	9.000	0.000	9.000	196154.418	0.000	80000.000	10000000000.000	1.000	0.000	0.000
2279.000	12.000	11.000	1.000	4196.659	0.000	0.000	4200.000	1.000	0.000	0.000
2280.000	86.000	77.000	10.000	3960.386	0.000	4540.000	4580.000	0.000	0.000	0.000
2281.000	98.000	88.000	10.000	5053.846	0.000	5040.000	5090.000	1.000	0.000	0.000
2282.000	90.000	80.000	10.000	4865.829	0.000	5670.000	5730.000	0.000	0.000	0.000
2283.000	82.000	72.000	10.000	6315.455	0.000	6510.000	6589.425	0.000	0.000	0.000
2284.000	81.000	72.000	9.000	7961.243	0.000	7784.561	7973.285	1.000	0.000	0.000
2285.000	4.000	0.000	4.000	96340.667	0.000	80000.000	10000000000.000	1.000	0.000	0.000
2286.000	150.000	150.000	10.000	4456.375	0.000	0.000	4200.000	0.000	0.000	0.000
2287.000	100.000	90.000	10.000	4556.125	0.000	4540.000	4580.000	1.000	0.000	0.000
2288.000	96.000	86.000	10.000	4549.337	0.000	5040.000	5090.000	0.000	0.000	0.000
2289.000	9.000	8.000	1.000	5673.352	0.000	5670.000	5730.000	1.000	0.000	0.000
2290.000	81.000	71.000	10.000	6468.551	0.000	6510.000	6589.425	0.000	0.000	0.000
2291.000	80.000	70.000	10.000	6086.582	0.000	7784.561	7973.285	0.000	0.000	0.000
2292.000	7.000	6.000	1.000	11535.936	0.000	11417.403	11935.716	1.000	0.000	0.000
2293.000	7.000	0.000	7.000	283154.609	0.000	80000.000	10000000000.000	1.000	0.000	0.000
2294.000	88.000	87.000	6.000	4158.790	0.000	0.000	4200.000	1.000	0.000	0.000
2295.000	110.000	100.000	10.000	4263.215	0.000	4540.000	4580.000	0.000	0.000	0.000
2296.000	101.000	91.000	10.000	4820.917	0.000	5040.000	5090.000	0.000	0.000	0.000
2297.000	90.000	80.000	10.000	5222.838	0.000	5670.000	5730.000	0.000	0.000	0.000
2298.000	80.000	70.000	10.000	5857.113	0.000	6510.000	6589.425	0.000	0.000	0.000
2299.000	79.000	69.000	10.000	6173.509	0.000	7784.561	7973.285	0.000	0.000	0.000
2300.000	70.000	60.000	10.000	8688.352	0.000	11417.403	11935.716	0.000	0.000	0.000
2301.000	13.000	12.000	1.000	4185.113	0.000	0.000	4200.000	1.000	0.000	0.000
2302.000	20.000	18.000	2.000	4553.574	0.000	4540.000	4580.000	1.000	0.000	0.000
2303.000	99.000	89.000	10.000	4629.722	0.000	5040.000	5090.000	0.000	0.000	0.000
2048.000	83.000	73.000	10.000	6424.613	0.000	6510.000	6589.425	0.000	0.000	0.000
2049.000	84.000	74.000	10.000	6197.737	0.000	7784.561	7973.285	0.000	0.000	0.000
2050.000	70.000	60.000	10.000	8610.119	0.000	11417.403	11935.716	0.000	0.000	0.000
2051.000	7.000	0.000	7.000	114207.571	0.000	80000.000	10000000000.000	1.000	0.000	0.000
2052.000	28.000	27.000	2.000	4156.605	0.000	0.000	4200.000	1.000	0.000	0.000
2053.000	32.000	29.000	3.000	4555.887	0.000	4540.000	4580.000	1.000	0.000	0.000
2054.000	57.000	51.000	6.000	5082.361	0.000	5040.000	5090.000	1.000	0.000	0.000
2055.000	90.000	80.000	10.000	5667.108	0.000	5670.000	5730.000	0.000	0.000	0.000
2056.000	85.000	75.000	10.000	5776.433	0.000	6510.000	6589.425	0.000	0.000	0.000
2057.000	78.000	68.000	10.000	6280.901	0.000	7784.561	7973.285	0.000	0.000	0.000
2058.000	70.000	60.000	10.000	8080.342	0.000	11417.403	11935.716	0.000	0.000	0.000
2059.000	1.000	0.000	1.000	209571.276	0.000	80000.000	10000000000.000	1.000	0.000	0.000
2060.000	107.000	97.000	10.000	4351.521	0.000	4540.000	4580.000	0.000	0.000	0.000
2061.000	99.000	89.000	10.000	5028.467	0.000	5040.000	5090.000	0.000	0.000	0.000
2062.000	9.000	8.000	1.000	5716.850	0.000	5670.000	5730.000	1.000	0.000	0.000
2063.000	49.000	43.000	6.000	6532.507	0.000	6510.000	6589.425	1.000	0.000	0.000
2064.000	48.000	42.000	6.000	7792.906	0.000	7784.561	7973.285	1.000	0.000	0.000
2065.000	67.000	57.000	10.000	7400.229	0.000	11417.403	11935.716	0.000	0.000	0.000
2066.000	1.000	0.000	1.000	161048.266	0.000	80000.000	10000000000.000	1.000	0.000	0.000
2067.000	12.000	11.000	1.000	4189.103	0.000	0.000	4200.000	1.000	0.000	0.000
2068.000	41.000	37.000	4.000	4541.549	0.000	4540.000	4580.000	1.000	0.000	0.000
2069.000	56.000	50.000	6.000	5066.942	0.000	5040.000	5090.000	1.000	0.000	0.000
2070.000	96.000	86.000	10.000	5213.794	0.000	5670.000	5730.000	0.000	0.000	0.000
2071.000	81.000	71.000	10.000	6181.051	0.000	6510.000	6589.425	0.000	0.000	0.000
2072.000	80.000	70.000	10.000	6231.513	0.000	7784.561	7973.285	0.000	0.000	0.000
2073.000	70.000	60.000	10.000	8154.093	0.000	11417.403	11935.716	0.000	0.000	0.000
2074.000	10.000	0.000	10.000	9200.890	0.000	80000.000	10000000000.000	0.000	0.000	0.000
2075.000	27.000	26.000	2.000	4168.493	0.000	0.000	4200.000	1.000	0.000	0.000
2076.000	29.000	26.000	3.000	5054.199	0.000	5040.000	5090.000	1.000	0.000	0.000
2077.000	90.000	80.000	10.000	5054.874	0.000	5670.000	5730.000	0.000	0.000	0.000
2078.000	81.000	71.000	10.000	6101.948	0.000	6510.000	6589.425	0.000	0.000	0.000
2079.000	15.000	13.000	2.000	7948.734	0.000	7784.561	7973.285	1.000	0.000	0.000
2080.000	67.000	59.000	8.000	11815.702	0.000	11417.403	11935.716	1.000	0.000	0.000
2081.000	1.000	0.000	1.000	246079.482	0.000	80000.000	10000000000.000	1.000	0.000	0.000
2082.000	13.000	12.000	1.000	4070.792	0.000	0.000	4200.000	1.000	0.000	0.000
2083.000	96.000	87.000	9.000	4577.360	0.000	4540.000	4580.000	1.000	0.000	0.000
2084.000	99.000	89.000	10.000	4679.441	0.000	5040.000	5090.000	0.000	0.000	0.000
2085.000	90.000	80.000	10.000	5454.909	0.000	5670.000	5730.000	0.000	0.000	0.000
2086.000	80.000	70.000	10.000	6125.703	0.000	6510.000	6589.425	0.000	0.000	0.000
2087.000	80.000	70.000	10.000	6564.540	0.000	7784.561	7973.285	0.000	0.000	0.000
2088.000	70.000	60.000	10.000	8140.819	0.000	11417.403	11935.716	0.000	0.000	0.000
2089.000	3.000	0.000	3.000	140142.605	0.000	80000.000	10000000000.000	1.000	0.000	0.000
2090.000	44.000	43.000	3.000	4171.410	0.000	0.000	4200.000	1.000	0.000	0.000
2091.000	110.000	100.000	10.000	4416.341	0.000	4540.000	4580.000	0.000	0.000	0.000
2092.000	36.000	32.000	4.000	5672.317	0.000	5670.000	5730.000	1.000	0.000	0.000
2093.000	80.000	70.000	10.000	6354.333	0.000	6510.000	6589.425	0.000	0.000	0.000
2094.000	80.000	70.000	10.000	6600.341	0.000	7784.561	7973.285	0.000	0.000	0.000
2095.000	65.000	56.000	9.000	11557.079	0.000	11417.403	11935.716	1.000	0.000	0.000
2096.000	1.000	0.000	1.000	81635.244	0.000	80000.000	10000000000.000	1.000	0.000	0.000
2097.000	13.000	12.000	1.000	4070.411	0.000	0.000	4200.000	1.000	0.000	0.000
2098.000	41.000	37.000	4.000	4545.534	0.000	4540.000	4580.000	1.000	0.000	0.000
2099.000	9.000	8.000	1.000	5044.413	0.000	5040.000	5090.000	1.000	0.000	0.000
2100.000	26.000	23.000	3.000	5693.956	0.000	5670.000	5730.000	1.000	0.000	0.000
2101.000	81.000	71.000	10.000	5285.622	0.000	6510.000	6589.425	0.000	0.000	0.000
2102.000	34.000	30.000	4.000	7835.572	0.000	7784.561	7973.285	1.000	0.000	0.000
2103.000	78.000	68.000	10.000	7692.326	0.000	11417.403	11935.716	0.000	0.000	0.000
2104.000	1.000	0.000	1.000	192679.645	0.000	80000.000	10000000000.000	1.000	0.000	0.000
2105.000	27.000	26.000	2.000	4153.490	0.000	0.000	4200.000	1.000	0.000	0.000
2106.000	110.000	100.000	10.000	4461.996	0.000	4540.000	4580.000	0.000	0.000	0.000
2107.000	18.000	16.000	2.000	5080.759	0.000	5040.000	5090.000	1.000	0.000	0.000
2108.000	91.000	81.000	10.000	5616.012	0.000	6510.000	6589.425	0.000	0.000	0.000
2109.000	47.000	41.000	6.000	7838.677	0.000	7784.561	7973.285	1.000	0.000	0.000
2110.000	37.000	32.000	5.000	11669.133	0.000	11417.403	11935.716	1.000	0.000	0.000
2111.000	2.000	0.000	2.000	183187.795	0.000	80000.000	10000000000.000	1.000	0.000	0.000
2112.000	13.000	12.000	1.000	4169.591	0.000	0.000	4200.000	1.000	0.000	0.000
2113.000	110.000	100.000	10.000	4511.573	0.000	4540.000	4580.000	0.000	0.000	0.000
2114.000	100.000	90.000	10.000	4972.690	0.000	5040.000	5090.000	0.000	0.000	0.000
2115.000	90.000	80.000	10.000	5126.798	0.000	5670.000	5730.000	0.000	0.000	0.000
2116.000	80.000	70.000	10.000	6221.311	0.000	6510.000	6589.425	0.000	0.000	0.000
2117.000	79.000	69.000	10.000	6623.149	0.000	7784.561	7973.285	0.000	0.000	0.000
2118.000	73.000	63.000	10.000	8688.959	0.000	11417.403	11935.716	0.000	0.000	0.000
2119.000	2.000	0.000	2.000	81375.674	0.000	80000.000	10000000000.000	1.000	0.000	0.000
2120.000	11.000	10.000	1.000	4066.265	0.000	0.000	4200.000	1.000	0.000	0.000
2121.000	10.000	9.000	1.000	4575.338	0.000	4540.000	4580.000	1.000	0.000	0.000
2122.000	9.000	8.000	1.000	5081.085	0.000	5040.000	5090.000	1.000	0.000	0.000
2123.000	90.000	80.000	10.000	5422.750	0.000	5670.000	5730.000	0.000	0.000	0.000
2124.000	58.000	50.000	8.000	7940.248	0.000	7784.561	7973.285	1.000	0.000	0.000
2125.000	17.000	12.000	5.000	11740.139	0.000	11417.403	11935.716	1.000	0.000	0.000
2126.000	1.000	0.000	1.000	107095.145	0.000	80000.000	10000000000.000	1.000	0.000	0.000
2127.000	28.000	27.000	2.000	4159.844	0.000	0.000	4200.000	1.000	0.000	0.000
2128.000	83.000	76.000	7.000	4577.192	0.000	4540.000	4580.000	1.000	0.000	0.000
2129.000	24.000	22.000	2.000	5079.454	0.000	5040.000	5090.000	1.000	0.000	0.000
2130.000	53.000	47.000	6.000	5696.193	0.000	5670.000	5730.000	1.000	0.000	0.000
2131.000	72.000	63.000	9.000	6557.663	0.000	6510.000	6589.425	1.000	0.000	0.000
2132.000	79.000	69.000	10.000	6104.430	0.000	7784.561	7973.285	0.000	0.000	0.000
2133.000	70.000	60.000	10.000	8032.530	0.000	11417.403	11935.716	0.000	0.000	0.000
2134.000	9.000	0.000	9.000	81330.039	0.000	80000.000	10000000000.000	1.000	0.000	0.000
2135.000	12.000	11.000	1.000	4102.498	0.000	0.000	4200.000	1.000	0.000	0.000
2136.000	110.000	100.000	10.000	4526.547	0.000	4540.000	4580.000	0.000	0.000	0.000
2137.000	99.000	89.000	10.000	4633.567	0.000	5040.000	5090.000	0.000	0.000	0.000
2138.000	84.000	75.000	9.000	5706.989	0.000	5670.000	5730.000	1.000	0.000	0.000
2139.000	81.000	72.000	9.000	6538.102	0.000	6510.000	6589.425	1.000	0.000	0.000
2140.000	70.000	60.000	10.000	9272.167	0.000	11417.403	11935.716	0.000	0.000	0.000
2141.000	1.000	0.000	1.000	99833.482	0.000	80000.000	10000000000.000	1.000	0.000	0.000
2142.000	13.000	12.000	1.000	4143.976	0.000	0.000	4200.000	1.000	0.000	0.000
2143.000	52.000	47.000	5.000	4575.627	0.000	4540.000	4580.000	1.000	0.000	0.000
2144.000	39.000	35.000	4.000	5077.586	0.000	5040.000	5090.000	1.000	0.000	0.000
2145.000	90.000	80.000	10.000	5045.846	0.000	5670.000	5730.000	0.000	0.000	0.000
2146.000	80.000	70.000	10.000	6110.775	0.000	6510.000	6589.425	0.000	0.000	0.000
2147.000	80.000	70.000	10.000	6140.356	0.000	7784.561	7973.285	0.000	0.000	0.000
2148.000	75.000	65.000	10.000	11163.141	0.000	11417.403	11935.716	0.000	0.000	0.000
2149.000	3.000	0.000	3.000	145436.238	0.000	80000.000	10000000000.000	1.000	0.000	0.000
2150.000	15.000	14.000	1.000	4155.434	0.000	0.000	4200.000	1.000	0.000	0.000
2151.000	88.000	80.000	8.000	4555.458	0.000	4540.000	4580.000	1.000	0.000	0.000
2152.000	19.000	17.000	2.000	5046.782	0.000	5040.000	5090.000	1.000	0.000	0.000
2153.000	90.000	80.000	10.000	5005.097	0.000	5670.000	5730.000	0.000	0.000	0.000
2154.000	40.000	35.000	5.000	6541.494	0.000	6510.000	6589.425	1.000	0.000	0.000
2155.000	80.000	70.000	10.000	6263.179	0.000	7784.561	7973.285	0.000	0.000	0.000
2156.000	1.000	0.000	1.000	85771.290	0.000	80000.000	10000000000.000	1.000	0.000	0.000
2157.000	12.000	11.000	1.000	4129.698	0.000	0.000	4200.000	1.000	0.000	0.000
2158.000	22.000	20.000	2.000	4549.384	0.000	4540.000	4580.000	1.000	0.000	0.000
2159.000	90.000	81.000	9.000	5043.652	0.000	5040.000	5090.000	1.000	0.000	0.000
2160.000	47.000	42.000	5.000	5708.524	0.000	5670.000	5730.000	1.000	0.000	0.000
2161.000	73.000	64.000	9.000	6566.224	0.000	6510.000	6589.425	1.000	0.000	0.000
2162.000	80.000	70.000	10.000	6544.642	0.000	7784.561	7973.285	0.000	0.000	0.000
2163.000	70.000	60.000	10.000	9788.910	0.000	11417.403	11935.716	0.000	0.000	0.000
2164.000	1.000	0.000	1.000	599661.652	0.000	80000.000	10000000000.000	1.000	0.000	0.000
2165.000	118.000	117.000	8.000	4172.811	0.000	0.000	4200.000	1.000	0.000	0.000
2166.000	23.000	21.000	2.000	4554.695	0.000	4540.000	4580.000	1.000	0.000	0.000
2167.000	47.000	42.000	5.000	5072.673	0.000	5040.000	5090.000	1.000	0.000	0.000
2168.000	90.000	80.000	10.000	5101.431	0.000	5670.000	5730.000	0.000	0.000	0.000
2169.000	80.000	70.000	10.000	6143.651	0.000	6510.000	6589.425	0.000	0.000	0.000
2170.000	80.000	70.000	10.000	6499.959	0.000	7784.561	7973.285	0.000	0.000	0.000
2171.000	74.000	64.000	10.000	10581.202	0.000	11417.403	11935.716	0.000	0.000	0.000
2172.000	16.000	15.000	2.000	4159.268	0.000	0.000	4200.000	1.000	0.000	0.000
2173.000	110.000	100.000	10.000	4441.158	0.000	4540.000	4580.000	0.000	0.000	0.000
2174.000	105.000	95.000	10.000	4705.302	0.000	5040.000	5090.000	0.000	0.000	0.000
2175.000	90.000	80.000	10.000	5424.406	0.000	5670.000	5730.000	0.000	0.000	0.000
2176.000	81.000	71.000	10.000	5469.412	0.000	6510.000	6589.425	0.000	0.000	0.000
2177.000	7.000	6.000	1.000	7886.991	0.000	7784.561	7973.285	1.000	0.000	0.000
2178.000	71.000	61.000	10.000	8802.345	0.000	11417.403	11935.716	0.000	0.000	0.000
2179.000	1.000	0.000	1.000	137117.188	0.000	80000.000	10000000000.000	1.000	0.000	0.000
2180.000	12.000	11.000	1.000	3969.618	0.000	0.000	4200.000	1.000	0.000	0.000
2181.000	10.000	9.000	1.000	4573.439	0.000	4540.000	4580.000	1.000	0.000	0.000
