133.000	1158284.413	7177.670
134.000	37344.414	5474.784
135.000	180529.922	5299.412
136.000	307845.452	5676.667
137.000	192460.836	4939.072
138.000	59075.343	5620.494
139.000	256988.385	5157.059
140.000	160660.724	4787.001
141.000	614712.786	6039.452
142.000	132891.904	5047.621
143.000	71593.744	4553.662
144.000	1387081.097	6697.673
145.000	416124.631	4446.668
146.000	89808.778	4173.059
147.000	22684.114	5249.009
148.000	65194.745	4122.505
149.000	314574.009	4498.158
150.000	759808.523	5297.348
151.000	23479.760	6108.502
152.000	254658.447	4759.136
153.000	141624.197	4099.949
154.000	35265.166	5683.531
155.000	46322.788	7224.538
156.000	354536.169	6480.126
157.000	210999.194	6323.246
158.000	117918.676	4276.803
159.000	254751.579	4472.793
160.000	54735.186	4819.791
161.000	48951.036	5054.301
162.000	19715.859	5116.694
163.000	76240.348	5342.945
164.000	57509.768	6682.933
165.000	335901.569	5418.696
166.000	135066.657	4954.768
167.000	74517.845	5837.523
168.000	86158.665	4914.769
169.000	143049.280	4336.398
170.000	189394.440	4295.602
171.000	244144.372	4917.080
172.000	688740.845	5283.495
173.000	141503.367	5098.068
174.000	159294.024	4442.970
175.000	1014257.893	310452.218
176.000	34029.273	5000.810
177.000	197033.645	4261.070
178.000	698968.980	6140.812
179.000	325085.253	4547.509
180.000	765991.258	4269.181
181.000	47525.641	5688.395
182.000	78796.526	8240.075
183.000	224750.833	6883.519
184.000	70740.191	4270.715
185.000	47416.943	5055.431
186.000	33827.666	4955.233
187.000	268023.359	4280.004
188.000	163274.134	4861.868
189.000	65796.998	6991.714
190.000	68159.767	4227.514
191.000	685622.532	6129.691
192.000	103557.934	8261.457
193.000	454042.897	4712.975
194.000	904900.465	4957.956
195.000	201864.131	4645.352
196.000	464209.388	5554.240
133.000	577989.171	4539.010
134.000	1002868.308	5920.952
135.000	29581.826	5194.810
136.000	111412.064	8001.443
137.000	312233.387	4982.318
138.000	20652.393	5565.814
139.000	108240.536	9039.828
140.000	428092.814	4591.142
141.000	402794.402	6678.320
142.000	188166.600	4973.212
143.000	371674.664	4523.501
144.000	69758.338	6264.335
145.000	345121.220	4771.563
146.000	71747.122	4168.958
147.000	13669.726	4968.728
148.000	106483.352	4083.902
149.000	362092.037	4676.589
150.000	300462.687	5172.507
151.000	38522.399	7087.032
152.000	249424.491	4826.450
153.000	112662.589	4206.880
154.000	45833.300	5300.380
155.000	18366.093	6305.149
156.000	1041244.106	5638.939
157.000	509205.105	6231.686
158.000	80501.180	4212.523
159.000	172517.896	4493.011
160.000	445334.751	5666.379
161.000	126345.410	5338.613
162.000	13178.819	5090.438
163.000	216898.971	5891.397
164.000	512501.900	5912.428
165.000	59956.002	9435.680
166.000	58716.816	5045.471
167.000	38528.791	5882.034
168.000	97907.573	4849.216
169.000	149105.863	4309.127
170.000	132669.177	5679.897
171.000	185234.471	4741.888
172.000	322586.219	4921.095
173.000	90605.448	4985.841
174.000	548325.381	4629.139
175.000	447566.574	56121.624
176.000	420038.972	5180.269
177.000	225770.640	4486.662
178.000	623628.043	7857.025
179.000	72009.677	4827.353
180.000	334642.907	4197.177
181.000	60098.770	5485.389
182.000	105544.363	4271.495
183.000	131561.680	4937.881
184.000	209488.975	4381.319
185.000	16531.462	5086.245
186.000	188901.386	4975.812
187.000	646669.618	4287.211
188.000	156650.348	3998.691
189.000	666723.298	5895.854
190.000	156586.964	4214.913
191.000	295466.871	4835.013
192.000	187477.864	5739.255
193.000	397553.157	5825.884
194.000	1177471.663	5230.367
195.000	309486.711	4664.058
196.000	98715.075	6653.163
133.000	302998.126	4777.585
134.000	94668.914	5678.138
135.000	18388.783	5131.031
136.000	332661.259	4626.335
137.000	100088.048	4966.135
138.000	52094.170	5386.199
139.000	320301.951	5173.890
140.000	147072.201	4824.705
141.000	149265.615	5662.242
142.000	622290.982	5073.509
143.000	29569.520	4675.998
144.000	14436.858	6203.262
145.000	608271.509	4473.437
146.000	145517.605	4479.386
147.000	24238.590	7161.421
148.000	65859.205	4282.193
149.000	47549.647	4627.737
150.000	910340.271	10637.441
151.000	52534.980	6176.498
152.000	212544.315	4722.625
153.000	84511.296	4501.984
154.000	93804.579	4942.408
155.000	70848.113	5809.472
156.000	36673.590	5726.798
157.000	234922.679	4685.617
158.000	142353.532	4347.554
159.000	189786.604	4425.773
160.000	32929.292	5895.665
161.000	352419.643	5231.915
162.000	24360.311	5288.766
163.000	70119.264	5240.890
164.000	63156.671	6646.193
165.000	89780.997	4880.008
166.000	22012.591	5311.348
167.000	51301.539	5861.494
168.000	282708.077	5225.133
169.000	100794.790	4237.456
170.000	151157.185	6448.943
171.000	904430.509	4804.652
172.000	240220.955	4893.570
173.000	191413.703	5054.081
174.000	458827.961	4694.984
175.000	1084359.098	136362.223
176.000	211730.316	4916.157
177.000	76864.565	4381.285
178.000	1116691.676	6378.495
179.000	93920.936	4105.783
180.000	259168.359	4470.061
181.000	795378.437	5453.943
182.000	147445.765	4384.838
183.000	293896.168	9584.883
184.000	165595.199	4242.793
185.000	56897.233	5042.593
186.000	31063.503	5063.684
187.000	218930.396	4567.157
188.000	106964.068	4126.574
189.000	358255.844	8952.209
190.000	122674.131	4498.123
191.000	283652.049	5233.165
192.000	103938.048	6130.576
193.000	125584.622	8166.770
194.000	885573.847	5017.704
195.000	91428.377	4798.608
196.000	214085.911	7288.473
133.000	514774.299	4780.043
134.000	131293.875	5791.494
135.000	100460.455	5181.379
136.000	221972.065	8228.103
137.000	17712.840	5673.162
138.000	36639.640	5369.004
139.000	34740.359	4985.948
140.000	88629.549	4796.897
141.000	26970.034	6440.607
142.000	568461.362	5651.044
143.000	390554.298	4712.880
144.000	17897.609	6381.054
145.000	1415837.625	4736.922
146.000	131795.660	4227.894
147.000	55379.201	5274.022
148.000	63820.942	4211.361
149.000	555407.878	4555.086
150.000	301086.053	7341.366
151.000	165445.745	6593.663
152.000	285887.179	5109.008
153.000	151584.796	4158.480
154.000	151439.795	5725.565
155.000	152427.302	11921.917
156.000	526047.859	5645.941
157.000	234558.801	5099.090
158.000	184430.170	4290.839
159.000	136796.037	4492.646
160.000	14918.188	6158.522
161.000	87445.745	5006.510
162.000	49808.573	5290.911
163.000	309706.868	5344.740
164.000	22832.821	7109.149
165.000	149637.560	4996.047
166.000	208236.500	6107.024
167.000	129724.158	5864.642
168.000	183516.717	5041.972
169.000	226962.313	4138.375
170.000	146429.154	4715.975
171.000	596193.546	4805.142
172.000	121590.642	4876.018
173.000	310120.509	4879.830
174.000	704910.425	4648.495
175.000	409278.870	104468.026
176.000	95546.704	4996.606
177.000	79054.066	4375.787
178.000	154058.910	5484.007
179.000	119349.071	4245.421
180.000	619854.535	4138.503
181.000	107885.143	6043.225
182.000	138410.582	4176.086
183.000	900222.771	4601.800
184.000	164874.027	4520.412
185.000	183063.375	5088.051
186.000	29676.092	5094.168
187.000	236501.910	4172.764
188.000	126574.987	4002.418
189.000	192301.444	10803.071
190.000	81988.749	4278.232
191.000	232445.518	4768.395
192.000	38318.967	4593.661
193.000	243376.676	5843.429
194.000	1161761.581	5282.245
195.000	93347.020	4714.328
196.000	729416.198	11947.190
133.000	696174.782	6734.426
134.000	62681.569	4737.934
135.000	74178.218	4918.760
136.000	196389.272	6402.025
137.000	55078.818	5277.275
138.000	35997.397	5374.505
139.000	30957.755	4858.382
140.000	263242.654	4871.790
141.000	57345.014	5862.283
142.000	133079.776	5491.331
143.000	263840.888	4786.053
144.000	51893.918	6585.435
145.000	214573.909	4254.828
146.000	189559.364	4440.048
147.000	113781.450	7090.206
148.000	80476.999	4149.256
149.000	456124.026	5231.239
150.000	538408.231	4538.868
151.000	86075.623	6351.474
152.000	2348589.432	4925.612
153.000	159083.029	4718.236
154.000	211756.061	5457.318
155.000	416622.388	5461.888
156.000	48682.146	5781.736
157.000	412673.362	4762.233
158.000	120064.943	4409.480
159.000	162976.174	4446.515
160.000	628466.729	5186.548
161.000	189466.559	4907.374
162.000	20248.026	5176.173
163.000	182182.434	6143.661
164.000	561768.191	8431.102
165.000	49664.396	5267.426
166.000	610938.898	8019.627
167.000	39520.307	6093.445
168.000	158237.419	5085.718
169.000	236517.970	4194.058
170.000	125182.903	8767.622
171.000	300644.235	4734.875
172.000	552939.007	4950.859
173.000	150718.934	5228.428
174.000	358994.363	4564.488
175.000	1046562.957	293549.388
176.000	68673.135	5049.435
177.000	173835.286	4623.117
178.000	181008.407	11533.643
179.000	185254.176	4514.817
180.000	727435.746	4467.681
181.000	22904.443	5807.854
182.000	51244.929	4363.567
183.000	731100.408	5717.810
184.000	76496.542	4316.625
185.000	49979.396	5016.555
186.000	24234.205	5111.378
187.000	330295.248	4149.473
188.000	216265.985	4098.695
189.000	403354.163	6697.313
190.000	206361.163	4379.269
191.000	254882.077	4359.367
192.000	42471.547	11224.217
193.000	1339600.291	6442.882
194.000	516530.165	5103.947
195.000	616344.477	4865.522
196.000	613521.693	6006.892
133.000	220706.145	5880.912
134.000	309459.213	5714.968
135.000	57755.810	4949.248
136.000	298020.319	6283.446
137.000	73339.455	4772.930
138.000	16423.111	5494.709
139.000	164438.120	4881.629
140.000	260213.939	5188.797
141.000	311451.617	6119.804
142.000	638489.933	4786.928
143.000	67707.939	4888.289
144.000	364631.836	7647.622
145.000	637905.235	4546.440
146.000	107201.107	4176.171
147.000	78792.961	6552.677
148.000	89709.311	4455.873
149.000	242428.038	4556.850
150.000	306733.901	4966.135
151.000	90215.868	6393.869
152.000	308036.035	4726.874
153.000	145147.686	4251.359
154.000	321306.588	5005.546
155.000	141022.102	5077.126
156.000	363073.418	5738.366
157.000	288062.484	5449.667
158.000	226873.610	4758.414
159.000	709939.339	4704.610
160.000	386394.857	5270.455
161.000	66006.483	4534.850
162.000	60255.767	5356.511
163.000	67246.478	5559.161
164.000	17986.337	8093.273
165.000	26719.274	6111.804
166.000	141056.370	6049.596
167.000	133944.695	5944.650
168.000	532970.598	5036.380
169.000	153820.777	5549.090
170.000	167377.760	5719.303
171.000	400709.066	4799.805
172.000	328953.853	4898.856
173.000	186984.687	4842.616
174.000	766665.694	4565.487
175.000	1090811.590	594869.803
176.000	68675.843	4943.165
177.000	158988.626	4508.149
178.000	97918.583	6391.511
179.000	161420.208	4525.422
180.000	475619.693	5862.688
181.000	32621.493	6150.431
182.000	103009.700	5076.201
183.000	153225.280	6282.142
184.000	54428.118	4335.782
185.000	205194.045	4873.323
186.000	448604.209	5811.905
187.000	253823.319	4234.911
188.000	102106.769	4480.434
189.000	424182.577	8530.070
190.000	91957.018	4374.462
191.000	921906.259	4646.102
192.000	79932.162	7579.801
193.000	786754.506	5759.993
194.000	432397.656	5250.188
195.000	296245.937	4746.095
196.000	156130.708	4582.130
133.000	395476.691	4773.931
134.000	297384.176	6685.563
135.000	14486.396	5122.014
136.000	544297.989	4852.757
137.000	55424.145	5220.458
138.000	42879.389	5485.415
139.000	129242.789	4673.407
140.000	177042.840	5171.132
141.000	126057.326	5740.579
142.000	518915.807	4970.274
143.000	381235.032	4618.930
144.000	21600.984	9438.620
145.000	452744.452	4290.548
146.000	171498.538	4792.824
147.000	14818.035	5123.943
148.000	160409.148	4242.747
149.000	339073.536	5078.392
150.000	712116.621	6323.304
151.000	31031.398	6675.005
152.000	221717.720	4651.127
153.000	139173.815	4074.657
154.000	133872.618	5201.699
155.000	101296.067	4779.827
156.000	439490.612	5628.042
157.000	282295.632	8413.851
158.000	142756.122	4416.866
159.000	202733.627	4491.198
160.000	121243.566	5041.637
161.000	79634.269	4531.770
162.000	18010.798	5459.072
163.000	322795.496	5137.153
164.000	154311.455	7941.584
165.000	21837.177	5679.425
166.000	398919.163	7405.567
167.000	510848.184	7054.476
168.000	43596.452	4894.574
169.000	188054.844	4601.575
170.000	137922.777	4540.809
171.000	601755.819	4796.817
172.000	171616.842	4993.905
173.000	303950.035	5493.219
174.000	296700.185	4546.517
175.000	506981.503	361115.947
176.000	340932.200	4944.211
177.000	159148.450	4534.425
178.000	913443.973	7241.165
179.000	211678.844	4273.544
180.000	472394.279	4313.584
181.000	316316.722	6320.206
182.000	147846.331	4878.019
183.000	554523.611	5312.336
184.000	59936.399	4356.265
185.000	66901.598	4997.760
186.000	724862.093	5355.753
187.000	375764.729	4168.040
188.000	83961.238	4148.011
189.000	251259.818	13381.657
190.000	94753.904	4462.610
191.000	254490.982	4375.242
192.000	135082.373	5297.365
193.000	419028.291	5375.990
194.000	181309.931	4901.193
195.000	754704.720	4739.888
196.000	306060.057	16605.312
133.000	196555.516	5135.585
134.000	27586.306	5924.063
135.000	45454.671	4831.250
136.000	268519.277	9593.780
137.000	446019.091	5101.376
138.000	37462.104	5965.277
139.000	24127.770	4820.512
140.000	72575.359	5044.090
141.000	205824.590	5760.527
142.000	201548.737	4848.379
143.000	223869.627	4668.377
144.000	117247.827	8484.936
145.000	144990.587	4881.697
146.000	108274.184	3996.480
147.000	15303.477	5449.463
148.000	195080.304	4159.831
149.000	212609.187	4592.898
150.000	147702.127	5021.213
151.000	49376.432	6360.765
152.000	2053631.425	5201.303
153.000	88941.880	4382.818
154.000	128007.788	4972.594
155.000	61180.841	5277.195
156.000	447796.745	5576.222
157.000	208835.814	4555.258
158.000	129444.528	4991.701
159.000	358071.689	4805.427
160.000	109461.767	6817.832
161.000	54675.041	4483.618
162.000	46341.278	5353.234
163.000	517527.920	5000.020
164.000	38467.089	7271.673
165.000	130238.339	5141.271
166.000	2640604.524	7557.368
167.000	558704.330	7496.307
168.000	389027.503	5056.098
169.000	184576.776	4421.335
170.000	199551.033	4461.884
171.000	113736.863	4724.771
172.000	287729.327	4942.043
173.000	492222.013	4876.578
174.000	331143.125	4615.264
175.000	259245.521	178229.648
176.000	94571.235	5342.117
177.000	359327.691	4381.032
178.000	117616.045	6251.731
179.000	182344.577	4463.370
180.000	294891.498	4137.957
181.000	122114.996	8681.085
182.000	186694.027	4194.013
183.000	161847.761	5013.443
184.000	73228.435	4311.170
185.000	76771.382	5066.351
186.000	102863.673	5223.911
187.000	249139.027	4253.109
188.000	212091.322	4256.825
189.000	136346.208	7557.876
190.000	146818.019	4446.935
191.000	449124.833	4657.104
192.000	82699.307	7673.739
193.000	535675.615	5898.171
194.000	1513672.448	5365.241
195.000	459190.910	5107.750
196.000	258994.912	19312.357
133.000	395207.446	4945.861
134.000	178476.238	5062.750
135.000	22944.579	5007.252
136.000	19762.172	4763.862
137.000	65560.443	5232.300
138.000	12131.410	5417.389
139.000	61447.445	5077.222
140.000	165202.477	5271.627
141.000	30689.883	5479.400
142.000	43796.546	5134.972
143.000	138482.123	4694.395
144.000	23603.395	7262.879
145.000	391696.269	4306.932
146.000	44980.359	4922.660
147.000	8839.113	5084.144
148.000	68938.188	4160.646
149.000	571445.900	4803.294
150.000	632116.624	5031.593
151.000	19418.954	6161.823
152.000	128784.023	4905.217
153.000	161405.247	6011.713
154.000	38286.112	4878.053
155.000	327715.788	5149.381
156.000	68597.394	5693.053
157.000	234859.315	4644.206
158.000	152494.039	4399.726
159.000	121484.616	4536.598
160.000	30140.920	5342.773
161.000	167764.742	4801.545
162.000	57960.529	5234.234
163.000	144503.334	5228.459
164.000	15802.421	6120.751
165.000	71255.402	5340.585
166.000	22238.878	6018.778
167.000	13312.201	5927.673
168.000	219967.391	4895.888
169.000	128779.262	4927.117
170.000	219717.618	5016.909
171.000	34813.975	4689.162
172.000	61709.822	4792.626
173.000	160927.960	4736.884
174.000	213312.328	4477.209
175.000	703628.771	90972.262
176.000	15719.972	4976.701
177.000	198753.922	4557.917
178.000	259651.377	6893.260
179.000	286169.050	4630.333
180.000	518066.770	4109.983
181.000	19385.772	5905.812
182.000	109806.865	4516.631
183.000	187387.086	23602.116
184.000	160497.849	4597.178
185.000	61452.866	4865.440
186.000	48725.051	5131.190
187.000	183207.815	4254.621
188.000	108815.420	4189.311
189.000	46863.795	5697.122
190.000	55630.406	4291.516
191.000	422741.006	5347.350
192.000	135835.728	10220.745
193.000	513408.448	6673.381
194.000	400478.694	6185.405
195.000	236405.595	5130.207
196.000	293178.744	4895.558
133.000	111629.882	6522.515
134.000	160033.258	8260.399
135.000	11554.036	4955.790
136.000	166259.192	5733.256
137.000	78416.878	5082.416
138.000	34155.079	5747.636
139.000	59700.110	5649.064
140.000	94190.167	4692.454
141.000	224446.685	5790.589
142.000	1894972.421	5153.755
143.000	80467.703	4564.739
144.000	56084.572	7234.878
145.000	271724.414	4946.261
146.000	230919.820	6496.237
147.000	39144.545	6509.009
148.000	115459.920	4308.456
149.000	313385.229	4586.867
150.000	126846.963	4903.394
151.000	369584.389	6583.842
152.000	153373.722	5085.243
153.000	96614.813	5666.664
154.000	202733.627	5212.598
155.000	68735.477	4857.989
156.000	154571.688	5738.876
157.000	315000.762	4842.838
158.000	115936.487	4848.035
159.000	925335.238	4609.571
160.000	76986.893	4931.861
161.000	197312.697	5032.938
162.000	167024.592	5092.954
163.000	124112.316	5402.608
164.000	329794.848	7948.271
165.000	411066.113	5202.344
166.000	1162925.281	6764.903
167.000	144329.681	8177.182
168.000	318865.094	4824.424
169.000	199277.018	4582.245
170.000	108223.720	6742.117
171.000	124134.433	4926.573
172.000	443350.699	4644.702
173.000	346494.563	4886.512
174.000	109758.421	4561.039
175.000	2755504.010	58367.504
176.000	105698.105	4969.997
177.000	240320.404	4677.801
178.000	629716.617	6002.834
179.000	207739.694	4331.856
180.000	569949.724	4148.495
181.000	50516.543	6128.710
182.000	133278.380	4254.834
183.000	142417.561	9155.865
184.000	83378.355	4395.845
185.000	113952.689	4779.446
186.000	83314.532	5887.791
187.000	305683.996	4116.784
188.000	103981.490	4822.100
189.000	525968.420	8976.110
190.000	72217.215	4709.980
191.000	391960.750	5214.799
192.000	97803.100	6712.815
193.000	727739.731	5961.816
194.000	419634.115	5287.979
195.000	1063824.519	5681.547
196.000	144924.224	35624.058
133.000	423254.727	4983.908
134.000	352848.073	5296.607
135.000	130092.403	4823.950
136.000	313413.429	5135.457
137.000	212013.860	5305.531
138.000	51501.044	6011.246
139.000	545491.437	4977.910
140.000	260720.381	4990.135
141.000	100920.375	6245.856
142.000	237178.320	5330.891
143.000	200550.684	4688.234
144.000	365665.438	7226.547
145.000	511523.412	12482.356
146.000	156228.754	12112.509
147.000	257653.764	5592.841
148.000	107641.746	4278.679
149.000	341802.096	4623.473
150.000	550840.236	4668.177
151.000	100483.642	7079.699
152.000	441496.146	4882.067
153.000	106204.116	4146.677
154.000	194644.224	4849.750
155.000	17682.894	5320.492
156.000	295943.876	7122.189
157.000	733409.631	5277.586
158.000	194698.627	4318.718
159.000	499636.056	4485.656
160.000	559063.048	4967.779
161.000	60624.952	5010.587
162.000	36943.160	5246.266
163.000	94885.553	5344.576
164.000	134332.147	10215.050
165.000	392093.125	5151.666
166.000	24684.892	4869.807
167.000	28177.954	5692.978
168.000	35028.604	4728.723
169.000	139777.024	4394.553
170.000	224013.614	9276.847
171.000	453274.735	4767.390
172.000	1141206.184	4584.851
173.000	806988.449	5036.672
174.000	200377.616	4850.290
175.000	326364.636	65302.311
176.000	80232.292	5088.058
177.000	116277.090	4424.570
178.000	551538.054	5144.574
179.000	145755.100	4186.668
180.000	531750.055	4259.126
181.000	208785.739	6671.336
182.000	76810.322	4376.881
183.000	101674.567	6176.498
184.000	87069.747	4684.382
185.000	97748.204	4995.237
186.000	693126.854	5686.203
187.000	141837.591	4397.777
188.000	86694.811	4711.178
189.000	335674.959	9235.692
190.000	32647.178	4801.731
191.000	117188.653	4858.470
192.000	52637.400	5568.769
193.000	1464043.898	12398.420
194.000	945429.366	5408.128
195.000	390160.550	4658.381
196.000	356897.563	4337.078
133.000	268498.578	5836.056
134.000	82164.757	5530.824
135.000	57732.833	4879.536
136.000	760472.111	4730.335
137.000	352562.337	4968.820
138.000	14256.039	5968.446
139.000	190607.112	4776.969
140.000	129932.251	5084.619
141.000	281133.547	6652.591
142.000	1015440.700	5055.482
143.000	162633.724	4713.090
144.000	44603.065	7655.304
145.000	221337.295	4449.645
146.000	144743.543	4170.475
147.000	220384.945	5734.520
148.000	141399.963	4249.616
149.000	315171.788	4626.556
150.000	222567.811	5672.081
151.000	311451.617	6616.636
152.000	680664.935	4857.481
153.000	107578.576	4346.642
154.000	110419.553	4962.612
155.000	732792.413	5477.392
156.000	290610.220	7520.278
157.000	264743.353	4992.538
158.000	290198.591	4211.967
159.000	195441.543	4438.876
160.000	572479.085	5118.814
161.000	99741.237	4586.577
162.000	23074.240	5137.600
163.000	233928.648	7767.019
164.000	123640.892	8217.232
165.000	23341.135	4964.132
166.000	34172.504	5987.160
167.000	52589.713	6738.230
168.000	85637.531	4805.050
169.000	161772.588	4452.677
170.000	207368.642	6015.243
171.000	32205.237	4785.665
172.000	574083.196	4706.123
173.000	504411.721	5314.184
174.000	2883242.331	5200.744
175.000	2630632.472	157835.856
176.000	307818.245	4982.154
177.000	114360.518	4423.733
178.000	636855.474	7335.012
179.000	236694.776	4210.287
180.000	889645.448	4063.363
181.000	63899.391	5706.494
182.000	114161.852	4320.593
183.000	995416.306	9595.392
184.000	132040.485	4714.028
185.000	177331.286	4958.493
186.000	505436.501	5284.777
187.000	159250.324	4510.706
188.000	142574.967	5134.533
189.000	204375.291	5242.317
190.000	84908.923	4461.324
191.000	222881.146	4820.778
192.000	325419.359	13666.025
193.000	889645.448	8056.375
194.000	613846.078	5005.424
195.000	849917.529	4750.056
196.000	316087.070	4306.847
133.000	330891.448	5518.756
134.000	1553505.888	11311.006
135.000	78896.481	5901.689
136.000	616017.447	4793.813
137.000	78655.948	5156.807
138.000	32599.509	5468.414
139.000	148539.912	5097.717
140.000	47550.946	5232.379
141.000	168748.247	6097.723
142.000	496502.203	5082.683
143.000	425322.156	4829.884
144.000	34227.242	8167.192
145.000	378624.118	4259.032
146.000	174339.964	4218.768
147.000	39435.289	5829.541
148.000	99277.827	4177.874
149.000	118042.566	5275.620
150.000	187276.253	4864.808
151.000	15439.219	6918.262
152.000	491666.144	5234.171
153.000	179423.232	4726.361
154.000	189291.508	4914.492
155.000	54294.909	5337.418
156.000	771933.120	5640.291
157.000	225668.243	4599.782
158.000	141860.699	4594.067
159.000	225070.350	4702.597
160.000	88925.984	5068.644
161.000	87840.509	4673.871
162.000	33960.590	5267.107
163.000	87045.811	5104.134
164.000	319362.132	9099.413
165.000	217753.278	5583.177
166.000	401216.819	6344.567
167.000	68539.348	6985.362
168.000	120940.447	4873.862
169.000	77864.659	4247.264
170.000	232709.537	8369.653
171.000	201060.078	4871.715
172.000	405892.459	4545.040
173.000	339304.760	4537.195
174.000	109067.576	4944.450
175.000	3118134.399	53102.870
176.000	76158.661	5190.807
177.000	448257.797	4363.031
178.000	902088.033	5227.055
179.000	313752.223	4439.663
180.000	352633.728	4097.552
181.000	494387.929	7407.615
182.000	112039.243	4780.706
183.000	157685.795	7206.317
184.000	152801.783	5044.930
185.000	42299.783	5146.581
186.000	60214.098	5806.315
187.000	167168.889	4370.515
188.000	102503.428	5034.378
189.000	69958.705	7051.720
190.000	124663.156	5208.428
191.000	340932.200	8423.945
192.000	204219.508	12242.835
193.000	1723384.343	6751.619
194.000	1144957.681	4837.350
195.000	121939.710	14401.757
196.000	397598.540	5245.957
133.000	703913.180	6474.116
134.000	118014.568	5781.391
135.000	53319.108	5401.829
136.000	191046.226	7954.479
137.000	168072.374	5282.309
138.000	65018.277	6104.530
139.000	207060.443	4779.886
140.000	110206.428	5391.469
141.000	170216.196	6149.584
142.000	155767.614	4919.226
143.000	1289507.918	4659.839
144.000	1406120.543	6650.140
145.000	257882.687	4665.226
146.000	115391.066	5003.360
147.000	30149.791	5373.320
148.000	71945.716	4149.819
149.000	372708.751	4721.140
150.000	348679.882	5740.863
151.000	68864.584	5597.965
152.000	1143454.126	4908.487
153.000	139307.411	5125.292
154.000	93359.530	5369.244
155.000	30864.755	5485.510
156.000	1551429.936	5896.733
157.000	107995.534	4396.405
158.000	318369.599	8070.525
159.000	354283.727	4705.882
160.000	57524.016	5291.988
161.000	727132.015	5031.484
162.000	49638.208	5194.554
163.000	1491631.846	5073.768
164.000	65213.055	6608.275
165.000	351424.007	4903.028
166.000	1029243.962	5583.535
167.000	133908.647	8205.945
168.000	151908.751	5252.278
169.000	239230.965	4550.402
170.000	173342.149	4469.694
171.000	103104.230	4836.490
172.000	763975.051	4629.502
173.000	287231.032	4586.203
174.000	263004.120	4688.727
175.000	2048799.359	187034.892
176.000	95020.161	5211.920
177.000	269808.935	4506.067
178.000	411017.604	11056.433
179.000	332788.399	5300.162
180.000	291510.168	4206.783
181.000	440769.818	6033.708
182.000	125214.406	4411.792
183.000	278614.793	6451.582
184.000	284393.199	4454.408
185.000	545491.437	5001.018
186.000	394223.341	5339.652
187.000	315428.675	4303.478
188.000	84517.448	5495.862
189.000	219773.074	7191.066
190.000	93184.686	5422.205
191.000	614170.807	6529.154
192.000	142721.024	12259.167
193.000	1896003.978	10396.443
194.000	1928548.850	5431.320
195.000	220357.059	5621.991
196.000	191624.326	15481.492
133.000	232104.734	5483.800
134.000	426467.875	5290.581
135.000	41851.483	5555.764
136.000	550491.989	5101.891
137.000	100567.782	4933.859
138.000	21299.146	5760.774
139.000	259206.934	4733.362
140.000	77876.846	4674.229
141.000	707056.924	6253.021
142.000	689968.790	4742.734
143.000	430101.646	4759.494
144.000	65147.187	6467.708
145.000	308335.999	9159.139
146.000	108392.119	4016.338
147.000	15728.562	5438.962
148.000	91392.391	4147.675
149.000	380402.278	4451.289
150.000	765822.835	6353.374
151.000	32062.341	6268.665
152.000	310951.115	5062.316
153.000	152500.716	5326.423
154.000	94870.046	5424.502
155.000	121841.598	5147.174
156.000	113407.266	5728.070
157.000	542686.637	4802.466
158.000	184753.011	13005.501
159.000	432988.951	4551.609
160.000	169817.835	5966.994
161.000	316604.256	5267.267
162.000	61272.326	5225.275
163.000	104943.324	5196.934
164.000	253030.410	7344.183
165.000	15626.452	5308.401
166.000	1340631.545	5292.599
167.000	74358.754	6846.094
168.000	81170.944	4723.579
169.000	316748.220	4578.197
170.000	92151.656	5207.844
171.000	120297.169	4784.581
172.000	2151302.435	4800.262
173.000	154338.806	4881.000
174.000	1366402.780	5084.486
175.000	1796265.893	458827.961
176.000	308581.859	5220.920
177.000	196977.929	4274.688
178.000	399468.197	6163.360
179.000	247510.205	4366.494
180.000	401355.520	4294.670
181.000	396151.412	6137.533
182.000	58272.781	4521.334
183.000	962409.986	13447.427
184.000	106954.214	4423.323
185.000	207863.673	5069.271
186.000	142890.826	5565.290
187.000	232213.057	4450.908
188.000	115036.627	5108.836
189.000	140532.758	7195.062
190.000	192801.757	4703.734
191.000	438108.567	4550.503
192.000	40174.450	4604.982
193.000	1348416.854	7409.664
194.000	928789.821	5141.028
195.000	536583.400	4557.989
196.000	280725.680	54822.201
133.000	194166.782	11150.802
134.000	192057.554	5595.555
135.000	355042.133	5897.801
136.000	308063.280	11527.116
137.000	342238.710	5246.060
138.000	157721.498	6414.311
139.000	56585.718	4834.107
140.000	97657.760	5543.200
141.000	106737.886	6314.190
142.000	1395416.912	4645.457
143.000	248198.076	4742.140
144.000	483677.682	6038.039
145.000	336225.830	4233.789
146.000	163343.048	4770.387
147.000	104524.458	6249.431
148.000	125629.921	4242.132
149.000	651751.974	4425.475
150.000	1711528.151	5717.125
151.000	56156.914	5980.139
152.000	339106.549	4857.420
153.000	105868.384	4053.626
154.000	232569.688	5018.008
155.000	75187.032	5624.715
156.000	158879.839	9025.936
157.000	207368.642	4419.338
158.000	231595.428	12919.821
159.000	327561.685	4500.105
160.000	302471.859	5029.943
161.000	259573.973	5486.893
162.000	30331.483	5148.065
163.000	449937.098	5195.461
164.000	328395.568	7443.058
165.000	47102.091	5337.345
166.000	90148.152	7101.612
167.000	36955.311	5920.529
168.000	825542.094	4990.893
169.000	335158.138	4448.923
170.000	194687.744	4176.411
171.000	154757.125	4819.111
172.000	542771.207	4821.780
173.000	210680.117	4622.854
174.000	766834.489	4591.850
175.000	2632620.853	57970.176
176.000	50737.310	5136.903
177.000	233818.719	5182.435
178.000	664814.376	7006.228
179.000	260720.381	16068.372
180.000	522653.494	4141.278
181.000	247106.322	6026.964
182.000	179682.407	5180.230
183.000	149016.552	5722.103
184.000	96880.865	4683.651
185.000	162036.000	5274.797
186.000	575030.997	5264.146
187.000	212013.860	4868.133
188.000	50178.849	4155.870
189.000	187085.124	6440.512
190.000	267529.269	4470.503
191.000	219981.284	6195.031
192.000	302340.578	7217.203
193.000	3195372.406	8253.841
194.000	2196064.644	5421.125
195.000	500785.470	17959.163
196.000	202828.076	7585.629
133.000	248836.436	6398.426
134.000	65378.310	6060.438
135.000	745497.069	7478.329
136.000	666978.650	7206.764
137.000	386309.144	5157.869
138.000	12244.040	6064.089
139.000	1714055.011	5476.230
140.000	259380.665	5541.674
141.000	180427.050	5584.967
142.000	867919.757	4599.946
143.000	175942.806	4876.448
144.000	291436.992	7367.595
145.000	306760.917	4184.530
146.000	136533.277	4356.412
147.000	18864.563	5365.795
148.000	68564.984	4423.913
149.000	148501.913	4452.751
150.000	371793.689	4649.408
151.000	762469.847	7939.013
152.000	2377445.770	5894.567
153.000	134993.368	4223.941
154.000	80064.458	4670.174
155.000	12512.265	5216.291
156.000	201106.514	6494.372
157.000	185461.329	6170.917
158.000	198504.715	4404.651
159.000	378007.734	4897.899
160.000	14625.884	5520.584
161.000	178787.731	4744.995
162.000	101210.705	5105.219
163.000	541758.102	5279.778
164.000	449820.880	6971.882
165.000	128328.503	6521.660
166.000	574083.196	6559.959
167.000	66190.879	8898.461
168.000	169404.854	5151.460
169.000	246128.444	4713.001
170.000	43903.647	4482.943
171.000	334932.530	5165.120
172.000	1009261.553	4578.456
173.000	89281.588	5279.746
174.000	1078316.235	4602.706
175.000	1158669.737	104096.476
176.000	55182.662	5183.052
177.000	144557.312	4549.487
178.000	2019106.659	5094.459
179.000	384263.377	4275.365
180.000	188380.321	4251.203
181.000	856606.497	9658.240
182.000	149278.410	4565.870
183.000	197592.542	5284.288
184.000	212700.073	4661.623
185.000	887378.837	4819.184
186.000	646669.618	5448.670
187.000	279980.990	4223.695
188.000	158251.799	4184.842
189.000	68623.073	7971.483
190.000	59188.786	4442.273
191.000	155767.614	4578.348
192.000	308745.984	13373.949
193.000	748863.104	8810.627
194.000	386609.306	5426.277
195.000	698688.551	4750.347
196.000	454694.917	8177.604
133.000	33122.193	8118.495
134.000	1397656.744	4936.090
135.000	128328.503	5013.645
136.000	232275.001	5153.023
137.000	491943.922	5303.099
138.000	51972.128	5669.256
139.000	287800.653	4842.158
140.000	112187.205	5159.015
141.000	673556.854	6540.323
142.000	2257264.009	4652.737
143.000	1061554.856	4702.495
144.000	686298.022	7472.008
145.000	470543.505	4342.345
146.000	200793.481	4439.561
147.000	31260.056	5431.345
148.000	84284.291	4546.167
149.000	1633658.532	4517.704
150.000	761469.668	4797.537
151.000	691612.876	6708.251
152.000	1518953.463	5982.080
153.000	118150.681	4354.674
154.000	341199.389	5077.800
155.000	32252.356	5190.660
156.000	58300.092	14064.002
157.000	559063.048	4443.316
158.000	134228.607	6992.514
159.000	232725.086	4432.273
160.000	26022.759	5561.140
161.000	77019.239	4927.605
162.000	16711.196	5082.186
163.000	238935.558	7068.535
164.000	780758.174	7070.429
165.000	271111.041	5043.199
166.000	111276.804	4927.933
167.000	36550.436	7162.201
168.000	110605.397	4889.030
169.000	298838.564	5186.463
170.000	255742.975	8490.748
171.000	107774.978	5048.433
172.000	1465892.436	4622.074
173.000	362544.322	4680.303
174.000	571539.672	4549.083
175.000	862759.970	123755.114
176.000	48331.540	5783.695
177.000	278392.097	5299.468
178.000	1140832.386	4937.223
179.000	347358.466	4730.572
180.000	230736.247	4141.096
181.000	191814.283	7238.306
182.000	121764.926	4576.158
183.000	535675.615	8902.282
184.000	95131.760	4210.425
185.000	1497403.416	5253.506
186.000	558973.325	6454.141
187.000	230400.453	4606.267
188.000	59979.750	4049.417
189.000	16586.255	8611.968
190.000	170157.985	4344.137
191.000	118456.074	6835.400
192.000	27387.177	4357.507
193.000	2175489.431	4787.494
194.000	1668084.244	5248.361
195.000	302419.333	4505.216
196.000	220930.141	7689.393
133.000	115333.751	4250.104
134.000	3126531.509	5763.539
135.000	2329737.911	6492.278
136.000	1334979.214	4674.574
137.000	1964443.953	5199.013
138.000	97227.033	6147.510
139.000	1791645.874	5376.521
140.000	71394.159	4991.429
141.000	1397096.112	7214.033
142.000	2422084.796	4948.770
143.000	1706496.718	4804.473
144.000	177811.098	8173.516
145.000	253712.382	4677.757
146.000	151255.650	4343.151
147.000	210527.303	5582.344
148.000	96569.274	4350.964
149.000	437338.411	4518.243
150.000	1809329.628	7613.852
151.000	87679.086	6562.827
152.000	2706260.448	5686.537
153.000	141440.158	4207.027
154.000	316201.854	5764.188
155.000	57974.035	5212.778
156.000	305362.393	6471.169
157.000	566335.410	4829.669
158.000	158916.085	23178.966
159.000	1468364.427	5753.808
160.000	381485.570	5140.512
161.000	109214.636	5120.312
162.000	25642.272	5119.228
163.000	660402.451	6311.296
164.000	2857224.613	8294.470
165.000	1862545.131	6327.681
166.000	2494955.406	8161.967
167.000	141428.671	6296.429
168.000	1002868.308	5038.705
169.000	125934.263	4661.579
170.000	271660.833	13826.444
171.000	117433.627	4940.172
172.000	1253765.652	4710.362
173.000	280997.460	4902.152
174.000	1586047.411	4468.639
175.000	1696522.079	266893.759
176.000	18453.768	5241.655
177.000	264120.995	4890.471
178.000	2525712.594	4756.874
179.000	292243.958	7665.480
180.000	256893.611	4252.600
181.000	935274.385	5789.704
182.000	103696.677	4187.579
183.000	113315.026	4316.502
184.000	181111.943	4710.388
185.000	384687.789	5225.565
186.000	135455.369	6057.487
187.000	114236.739	4438.401
188.000	193465.741	4153.516
189.000	49660.856	7220.719
190.000	94499.390	9337.205
191.000	274638.348	4979.754
192.000	225419.951	7773.190
193.000	1992539.506	5059.720
194.000	3320262.723	6386.846
195.000	800129.144	4477.877
196.000	461870.182	36883.304
133.000	15882.986	4140.299
134.000	1410105.495	6184.405
135.000	981945.782	6021.972
136.000	398189.460	10006.850
137.000	212427.647	6229.658
138.000	92963.327	5893.640
139.000	749346.449	5421.749
140.000	18093.227	6067.237
141.000	556117.324	8048.147
142.000	2723187.766	4770.001
143.000	114968.277	5440.695
144.000	37741.390	6185.613
145.000	322496.612	4266.686
146.000	98628.419	4196.580
147.000	25679.138	5983.395
148.000	125241.421	4124.506
149.000	521792.193	4635.479
150.000	1046248.580	5475.593
151.000	139146.014	5516.562
152.000	1085372.833	5968.221
153.000	96209.160	4260.929
154.000	130624.209	5131.288
155.000	132130.649	4944.758
156.000	378953.679	9812.908
157.000	320360.873	4519.245
158.000	32893.218	4548.928
159.000	353420.936	4735.145
160.000	51200.484	4989.834
161.000	41255.616	5073.620
162.000	13037.778	5074.611
163.000	265570.992	5805.618
164.000	1877606.122	10101.668
165.000	594971.421	5279.298
166.000	134378.792	5054.565
167.000	98698.291	6313.057
168.000	242867.556	5255.892
169.000	183681.245	4248.035
170.000	29087.725	4181.877
171.000	89155.890	5178.182
172.000	1469603.552	4861.678
173.000	577318.539	4534.661
174.000	800496.934	4549.047
175.000	118118.627	481271.659
176.000	44385.933	5033.411
177.000	83616.556	4506.463
178.000	2866631.094	4775.403
179.000	57977.896	4154.106
180.000	124654.233	4218.007
181.000	82060.221	6481.911
182.000	70068.481	4048.179
183.000	73313.212	4265.213
184.000	183265.655	6001.117
185.000	315743.217	5082.008
186.000	842924.020	6411.512
187.000	346287.865	4459.433
188.000	110202.941	4197.278
189.000	400524.747	6288.948
190.000	59008.286	4188.767
191.000	209086.547	4406.891
192.000	331900.456	8728.162
193.000	1535019.942	5872.078
194.000	1586769.983	5633.613
195.000	281907.205	4214.500
196.000	159710.374	22368.707
133.000	132805.762	4118.503
134.000	997697.407	6448.023
135.000	1284277.619	4918.045
136.000	542264.181	4391.544
137.000	816255.477	5305.919
138.000	149182.501	5786.405
139.000	267817.266	5088.661
140.000	217128.837	5427.824
141.000	800680.957	5771.428
142.000	2640604.524	5065.828
143.000	2104506.806	5149.610
144.000	45733.999	6514.987
145.000	202016.340	4393.322
146.000	233865.819	4341.354
147.000	80700.759	5695.362
148.000	90054.918	4370.823
149.000	1289507.918	4442.063
150.000	874018.060	5127.496
151.000	91015.052	6113.359
152.000	703344.591	6229.513
153.000	76037.289	4509.392
154.000	47829.117	4855.070
155.000	71704.287	5510.261
156.000	313047.226	6125.972
157.000	241486.765	4432.933
158.000	145566.259	4763.074
159.000	681997.742	4434.214
160.000	326701.379	4766.528
161.000	119283.672	6678.205
162.000	19034.880	5126.386
163.000	105936.005	6101.825
164.000	9523.035	11798.220
165.000	237956.113	5699.733
166.000	188197.101	5708.748
167.000	68770.763	6932.597
168.000	334193.377	4721.197
169.000	114311.725	4502.356
170.000	79392.843	4156.902
171.000	105916.676	4883.683
172.000	239033.946	4804.407
173.000	100275.349	4739.120
174.000	255106.100	4700.947
175.000	176737.392	161367.857
176.000	87571.066	5137.775
177.000	332979.291	4921.999
178.000	973710.291	5090.393
179.000	182277.778	5216.197
180.000	224954.057	4141.633
181.000	174113.367	7147.269
182.000	108965.210	4125.269
183.000	52963.977	4312.617
184.000	171659.133	5088.252
185.000	320037.068	4705.640
186.000	1174295.748	6082.017
187.000	145877.193	4468.673
188.000	158821.880	4319.013
189.000	98855.164	7996.942
190.000	92787.490	4225.673
191.000	221576.670	5992.186
192.000	71213.152	6793.483
193.000	2740328.173	8544.237
194.000	964008.230	5636.959
195.000	325480.179	4300.667
196.000	207011.216	7996.795
133.000	39372.433	4158.922
134.000	3132154.754	7948.815
135.000	3368428.889	4831.706
136.000	255068.735	4837.766
137.000	1633658.532	5383.177
138.000	193465.741	6165.411
139.000	854504.912	5282.253
140.000	313441.633	5158.281
141.000	2006312.800	9990.374
142.000	1333445.932	4792.013
143.000	784097.750	4690.172
144.000	66496.699	6056.360
145.000	85523.979	4359.171
146.000	97742.717	4340.061
147.000	195881.207	10194.718
148.000	66165.731	4172.379
149.000	991449.378	4474.925
150.000	473808.055	4675.823
151.000	2966743.201	6413.862
152.000	497992.987	5283.070
153.000	168340.445	4448.077
154.000	177847.415	4956.884
155.000	97463.734	5506.358
156.000	84255.746	7268.684
157.000	265530.499	4763.966
158.000	125893.296	4237.399
159.000	166776.662	4935.817
160.000	51231.362	5124.463
161.000	157714.356	5321.280
162.000	10434.816	5111.978
163.000	356386.301	5262.953
164.000	353743.990	13767.256
165.000	1175881.561	5862.027
166.000	316259.278	5160.520
167.000	681864.227	7117.154
168.000	906785.182	4729.487
169.000	107363.027	4190.199
170.000	122825.543	4211.881
171.000	142208.226	5054.902
172.000	2343848.009	4884.450
173.000	361528.265	4748.256
174.000	1180664.804	4478.389
175.000	2064587.355	176513.470
176.000	21737.415	4885.614
177.000	235542.276	4594.594
178.000	822811.742	5126.432
179.000	203908.654	6953.079
180.000	244332.768	4379.033
181.000	44629.355	6891.896
182.000	103743.007	4470.927
183.000	126034.519	4397.738
184.000	117354.491	4290.770
185.000	317875.643	5052.387
186.000	352705.147	5852.443
187.000	262370.137	4259.230
188.000	121247.787	4184.093
189.000	33554.245	6034.994
190.000	46419.097	4408.436
191.000	123016.421	4769.453
192.000	93015.463	8471.542
193.000	2366140.002	5070.112
194.000	2136784.466	5818.439
195.000	262330.614	4143.974
196.000	292268.481	13856.753
133.000	99054.775	4154.309
134.000	324358.670	8304.319
135.000	164383.794	4595.600
136.000	481205.166	24993.285
137.000	375481.163	5201.381
138.000	169536.790	6440.654
139.000	256817.842	4694.060
140.000	29796.939	4934.342
141.000	34288.230	6835.105
142.000	1437457.904	4847.880
143.000	1189129.788	4862.132
144.000	80721.332	6296.179
145.000	192897.859	4312.814
146.000	101686.441	7391.721
147.000	54283.908	5747.930
148.000	63460.464	4250.202
149.000	523596.344	4417.074
150.000	77896.004	4599.952
151.000	17112.444	6865.365
152.000	735267.539	5388.916
153.000	30060.278	4406.846
154.000	15539.443	4869.317
155.000	26255.214	5261.546
156.000	141987.928	5420.686
157.000	287848.223	4295.925
158.000	133227.399	4333.441
159.000	254882.077	4534.254
160.000	123829.912	5089.107
161.000	67990.787	5013.219
162.000	36606.522	5016.649
163.000	100501.038	4970.075
164.000	215396.641	6809.980
165.000	1049717.153	5060.425
166.000	445676.659	5536.521
167.000	375521.646	6187.800
168.000	971266.513	4722.580
169.000	80783.116	4183.952
170.000	288014.843	5239.967
171.000	12691.769	4886.972
172.000	579527.910	4664.501
173.000	184968.867	4820.005
174.000	312037.577	4466.816
175.000	482137.734	187215.855
176.000	13426.484	5085.132
177.000	301450.880	5806.189
178.000	268996.258	4962.307
179.000	126883.931	4220.787
180.000	173109.533	4251.520
181.000	35148.438	6303.574
182.000	131591.503	4092.852
183.000	356714.801	4422.447
184.000	173445.735	4577.241
185.000	365550.304	4943.769
186.000	42329.085	5341.216
187.000	234748.510	4357.066
188.000	92622.168	5534.471
189.000	114646.608	4919.726
190.000	143704.414	4724.989
191.000	80356.313	10975.774
192.000	134280.357	4512.050
193.000	691612.876	6449.432
194.000	390335.451	4815.167
195.000	209274.993	4189.815
196.000	94674.060	4466.530
133.000	39649.426	4139.408
134.000	304721.212	4613.515
135.000	153861.547	4883.977
136.000	337137.099	8113.578
137.000	239461.232	5389.100
138.000	69051.627	6359.987
139.000	814918.607	5021.625
140.000	68606.852	4993.161
141.000	28073.931	6886.622
142.000	278481.132	4843.383
143.000	441888.239	5023.538
144.000	75423.116	7530.554
145.000	129386.824	4296.651
146.000	118884.662	6068.389
147.000	22178.693	5892.184
148.000	154805.273	4282.214
149.000	807362.574	4592.341
150.000	495795.439	4589.448
151.000	728196.184	7089.268
152.000	381026.502	5386.141
153.000	86462.379	4484.513
154.000	78725.285	4930.186
155.000	10991.950	5186.147
156.000	91445.180	6232.322
157.000	514242.272	4807.265
158.000	147871.438	4524.729
159.000	237162.170	5039.696
160.000	80982.214	5177.812
161.000	171296.110	4780.181
162.000	27343.959	5265.379
163.000	59716.487	6140.747
164.000	622958.795	6502.751
165.000	221520.300	5994.084
166.000	106502.889	4764.103
167.000	101647.862	7513.141
168.000	130835.202	4597.481
169.000	210527.303	5361.046
170.000	117180.767	7777.547
171.000	92185.803	5058.434
172.000	933519.650	4874.456
173.000	45856.834	4687.004
174.000	1031988.610	4744.705
175.000	596806.493	463529.816
176.000	30389.175	5270.495
177.000	114994.848	5124.071
178.000	539575.963	4909.262
179.000	113614.430	4151.744
180.000	277969.954	4305.601
181.000	24209.780	6890.587
182.000	103777.009	4341.186
183.000	97153.807	4500.750
184.000	189827.979	4765.844
185.000	229868.245	4918.656
186.000	26626.945	5430.990
187.000	113956.418	4548.815
188.000	58252.314	4048.932
189.000	46839.216	5968.671
190.000	104336.588	4305.266
191.000	316287.997	4670.756
192.000	72640.445	4540.016
193.000	1485904.597	5157.021
194.000	119611.386	5423.623
195.000	314488.797	4214.806
196.000	312177.416	7055.205
133.000	51074.348	4225.673
134.000	1722532.027	7017.649
135.000	134482.563	4753.654
136.000	563586.210	4596.213
137.000	441608.102	5183.569
138.000	84496.944	5825.826
139.000	98084.032	5146.779
140.000	28802.919	4908.293
141.000	2883242.331	7645.490
142.000	1081665.040	4870.475
143.000	445790.744	5207.665
144.000	59107.424	6102.808
145.000	275420.175	4214.628
146.000	28102.699	4135.255
147.000	34422.084	6296.281
148.000	145390.043	4238.560
149.000	1146842.693	4567.492
150.000	239280.271	4391.101
151.000	625307.472	6831.163
152.000	107382.888	4766.535
153.000	158007.705	6185.251
154.000	18377.819	5014.208
155.000	24264.764	5210.688
156.000	90981.767	8010.755
157.000	335545.604	4658.449
158.000	176415.124	17546.773
159.000	104684.680	4390.149
160.000	78100.369	5006.503
161.000	28155.403	5059.293
162.000	19865.306	4931.945
163.000	19795.418	5017.495
164.000	67583.128	6852.034
165.000	1548670.615	5923.036
166.000	594260.826	8069.908
167.000	49419.168	5888.518
168.000	335448.654	4660.513
169.000	105502.801	4385.589
170.000	156989.265	4337.872
171.000	106590.891	5178.336
172.000	230263.364	4758.174
173.000	128073.687	4730.489
174.000	183739.384	4327.954
175.000	1153298.425	99204.306
176.000	21937.030	4967.828
177.000	161495.054	5090.758
178.000	368801.703	5003.526
179.000	136871.297	4288.678
180.000	281383.383	4169.322
181.000	521323.588	6458.761
182.000	108307.854	4080.496
183.000	228856.275	4683.235
184.000	83040.413	4390.802
185.000	66039.022	4781.704
186.000	83113.731	5710.386
187.000	96907.821	4444.393
188.000	160416.536	4425.835
189.000	162831.408	9271.019
190.000	131521.936	4345.308
191.000	110756.637	4731.703
192.000	62959.167	4435.807
193.000	2516587.927	5039.864
194.000	181859.011	5976.342
195.000	250176.957	4248.279
196.000	258245.983	4434.496
133.000	107359.718	4252.724
134.000	62232.460	4431.038
135.000	328798.583	4885.443
136.000	446877.481	11878.696
137.000	1118484.693	5315.279
138.000	56731.343	5515.444
139.000	509130.671	5434.133
140.000	89852.798	4813.057
141.000	39345.746	6892.782
142.000	709216.534	5053.912
143.000	1702326.399	4891.797
144.000	24478.615	6314.877
145.000	300670.189	4362.763
146.000	129170.891	4149.370
147.000	34674.991	7379.756
148.000	114398.080	4079.325
149.000	364555.505	4485.431
150.000	312149.438	4788.718
151.000	23241.143	6491.576
152.000	275572.714	6924.781
153.000	155101.703	5394.951
154.000	44558.557	5320.606
155.000	34399.646	5394.216
156.000	257978.192	5787.905
157.000	181621.931	4605.962
158.000	157258.616	4211.280
159.000	301112.083	4670.982
160.000	34253.161	5311.785
161.000	190878.706	4872.723
162.000	18601.206	5009.383
163.000	72552.682	5412.481
164.000	90220.542	6092.304
165.000	374230.501	6040.793
166.000	293006.098	4905.010
167.000	26502.744	8811.697
168.000	349274.302	4549.719
169.000	462176.625	4536.693
170.000	122093.593	5545.671
171.000	25826.326	5071.840
172.000	174313.788	4868.936
173.000	67585.751	5057.736
174.000	1714055.011	4532.761
175.000	823979.678	315086.252
176.000	12424.382	4917.177
177.000	177865.580	4789.094
178.000	229459.362	5372.872
179.000	240569.389	4413.452
180.000	138048.509	4101.200
181.000	18537.252	7663.861
182.000	71319.602	4198.761
183.000	407078.446	4680.831
184.000	104230.428	4257.137
185.000	24515.832	4966.100
186.000	127231.559	5628.915
187.000	123312.584	4358.865
188.000	84066.617	4931.261
189.000	1319303.337	5419.151
190.000	66676.189	4660.163
191.000	238412.186	4752.376
192.000	113329.774	5833.779
193.000	292784.422	5001.191
194.000	576840.468	5209.456
195.000	227095.498	4305.298
196.000	134706.215	10146.960
133.000	17073.270	4243.455
134.000	64560.308	4811.096
135.000	24252.430	4905.977
136.000	296599.121	4746.547
137.000	43413.865	4877.152
138.000	10183.749	5397.233
139.000	110788.344	4907.166
140.000	129854.743	5726.845
141.000	30909.402	5696.927
142.000	233223.761	4746.968
143.000	67362.229	4900.952
144.000	7734.489	5333.160
145.000	189487.174	4209.580
146.000	135481.714	4379.258
147.000	14967.873	5308.231
148.000	93936.135	4148.366
149.000	435533.714	4440.048
150.000	107751.639	4457.344
151.000	11970.307	6979.119
152.000	24115.574	4967.630
153.000	164027.683	4332.368
154.000	81389.074	5247.522
155.000	17720.139	5220.614
156.000	33874.384	7703.015
157.000	343115.294	4659.478
158.000	77842.036	4129.103
159.000	119775.919	4709.681
160.000	31755.691	5557.431
161.000	27544.636	4930.877
162.000	15919.648	4985.713
163.000	59108.428	5620.168
164.000	16728.935	5576.946
165.000	38337.525	4878.798
166.000	81556.784	4838.532
167.000	9036.216	7230.912
168.000	161412.727	4561.200
169.000	127338.546	6178.054
170.000	77878.587	12145.709
171.000	11256.574	5285.531
172.000	222326.291	4679.334
173.000	61963.424	5115.048
174.000	188788.756	4469.063
175.000	260935.239	71424.905
176.000	24765.984	4910.612
177.000	151611.189	5122.014
178.000	98776.665	4891.337
179.000	223812.085	4243.176
180.000	243376.676	4185.767
181.000	17520.734	8508.025
182.000	71754.513	4376.171
183.000	200193.340	4732.957
184.000	95896.586	4590.440
185.000	53759.402	4761.836
186.000	70283.398	6652.121
187.000	60101.881	4607.412
188.000	58606.160	4678.172
189.000	98984.397	5388.624
190.000	85726.058	4432.707
191.000	201071.685	7368.842
192.000	47449.242	6938.024
193.000	106087.660	4632.550
194.000	259515.950	5236.863
195.000	204832.023	4310.802
196.000	53107.728	4327.588
133.000	68054.555	4161.004	87902.582	4210.552	164128.166	4423.817
134.000	121671.345	5007.151	248321.945	4694.465	166235.386	4589.400
135.000	137357.096	4820.992	255255.667	4842.252	34209.761	4763.719
136.000	237081.453	4456.768	135166.249	4440.019	179072.688	4703.206
137.000	321069.636	4961.021	49812.848	5082.631	42717.935	4887.020
138.000	28822.225	5981.484	10469.885	6050.510	12903.069	5644.999
139.000	230996.395	5672.950	164383.794	4919.448	40907.228	4600.378
140.000	116952.552	4629.194	60181.845	5328.518	298659.190	4665.251
141.000	46950.974	6668.717	28110.183	5329.643	16425.512	5526.997
142.000	427305.010	4576.080	101855.943	5199.098	23265.361	4889.332
143.000	216118.372	4870.884	57553.482	5124.516	96368.878	5054.895
144.000	56985.669	6013.582	14131.277	6465.403	15993.995	5509.293
145.000	243020.068	4203.194	220468.646	4215.102	184215.569	4203.493
146.000	124262.868	4804.731	141268.054	4106.330	92846.853	4609.644
147.000	28138.344	5337.508	11444.696	4989.699	11318.358	5172.484
148.000	66121.767	4450.180	123033.803	4317.899	124160.984	4302.218
149.000	141205.055	4433.159	130150.738	4543.534	219967.391	4606.791
150.000	371120.222	4539.182	157145.093	4423.177	169190.897	4458.525
151.000	505143.282	6596.836	10455.741	6445.935	15019.963	5888.677
152.000	594260.826	4892.030	164074.045	4633.092	221887.219	5032.160
153.000	117548.564	3984.953	122325.148	4027.913	100547.459	4395.335
154.000	325237.034	4873.814	75183.786	4669.066	27094.237	5202.134
155.000	17582.204	4926.392	18203.011	5344.880	17064.571	6008.374
156.000	123273.304	7365.165	124222.980	5697.765	14815.639	5936.675
157.000	237259.103	4553.508	65139.877	5537.859	362355.733	4635.263
158.000	273002.315	5013.241	93342.017	13303.353	49425.480	4283.272
159.000	666085.774	4563.543	318398.704	4530.114	58721.766	4633.616
160.000	507498.605	5104.778	32472.465	4787.316	71480.607	4915.685
161.000	33807.965	4827.547	42786.680	4975.734	37784.790	5036.759
162.000	16825.182	4919.121	28448.152	5053.824	13005.695	5079.006
163.000	175181.762	5778.513	96800.089	5676.870	9951.895	5571.397
164.000	252205.908	6400.531	34503.241	5346.627	20266.877	5233.542
165.000	350081.750	6715.404	211319.239	4814.255	52546.076	4942.843
166.000	480939.381	5324.958	127637.200	4839.588	148343.791	4971.423
167.000	39739.451	9022.008	9088.159	5213.651	8735.758	5836.897
168.000	81591.174	4634.535	42098.850	4774.722	128927.037	4710.560
169.000	262607.522	4180.206	169793.000	4498.094	180782.922	4126.398
170.000	90473.648	4192.347	53185.580	4367.474	127008.858	4794.724
171.000	210948.077	4843.700	33692.193	5204.653	12757.083	5148.285
172.000	685622.532	4732.533	142580.804	4618.973	55570.938	5003.281
173.000	135931.151	4730.392	71750.078	5076.305	166298.883	4790.602
174.000	210590.949	5125.798	103214.224	4528.282	115651.612	4437.005
175.000	1110284.142	601963.823	1712369.610	416373.361	2520229.871	102802.951
176.000	18017.600	5416.404	18472.658	5186.734	47319.025	4928.114
177.000	121226.687	4708.827	106311.091	4560.812	55376.560	4799.904
178.000	574936.076	4759.045	234527.213	4914.617	137753.674	5006.446
179.000	173161.171	4227.889	125961.590	4249.933	155921.024	4576.898
180.000	378953.679	4227.493	235430.826	4331.361	167466.286	4438.271
181.000	114124.445	5869.090	14704.614	6031.274	11365.670	5852.069
182.000	131601.447	4056.397	88733.415	4095.374	51622.412	4228.915
183.000	725919.624	4762.683	367284.962	4985.599	234701.054	4929.565
184.000	171667.593	4669.823	136212.902	4793.411	25886.791	4430.356
185.000	99382.640	4981.791	79362.090	5200.084	17275.923	5308.272
186.000	22167.119	5369.269	34074.216	5743.836	30662.865	5190.606
187.000	137416.708	5401.460	158129.657	4328.766	163235.873	4625.272
188.000	60656.625	4119.039	86830.974	4571.377	76292.118	5034.262
189.000	206544.726	6144.571	18307.783	7876.962	20179.749	6275.747
190.000	70158.812	4591.590	75787.455	4737.953	123142.552	5143.739
191.000	133913.795	5615.538	162884.713	5389.825	106564.801	9208.418
192.000	34706.088	20489.833	13722.074	4332.482	21977.588	5021.307
193.000	1237286.332	4631.552	292538.509	4618.128	398234.989	4775.875
194.000	1128998.803	6027.704	423306.167	4898.663	375198.025	5025.806
195.000	150302.674	4274.037	175120.106	4221.125	267385.502	4362.529
196.000	170083.202	4806.117	29418.666	4641.174	143202.199	4347.364
133.000	272681.714	4376.292	362997.739	4323.135	262231.860	4201.805
134.000	204375.291	4690.501	38603.094	4614.133	77697.906	4716.773
135.000	153481.860	4742.398	84153.958	4727.708	44682.029	4960.795
136.000	483409.159	4539.283	596602.037	4600.378	703344.591	4702.641
137.000	44518.120	5137.919	31463.659	4803.366	13030.559	4846.167
138.000	15620.145	6086.779	8963.613	6513.525	6969.274	5466.801
139.000	486107.883	4668.177	208286.312	4745.312	81838.484	4865.528
140.000	53869.155	4761.081	77504.262	4975.343	54971.024	5403.195
141.000	33355.336	5221.828	9151.727	5690.551	12636.146	5274.581
142.000	115867.064	5080.970	44988.493	4865.848	22103.673	4706.880
143.000	98689.901	5204.256	76691.931	4655.604	155628.411	4772.112
144.000	78284.688	5541.268	13969.687	5622.164	9108.289	5331.266
145.000	249710.611	4139.265	370646.300	4273.759	143219.864	4393.051
146.000	145590.598	4215.169	62607.206	4182.691	124222.980	6528.383
147.000	30255.863	6118.815	6996.897	4864.604	7887.808	4759.071
148.000	62487.021	4280.335	80837.489	4506.288	154052.096	4172.419
149.000	162785.746	4843.000	355078.328	4825.547	75903.067	4619.518
150.000	326578.846	4464.589	95363.579	4499.919	68485.441	4749.732
151.000	31085.682	8289.101	28469.545	5790.792	9713.512	6259.022
152.000	107310.102	5139.678	269829.838	4770.230	53991.073	5043.783
153.000	138355.601	4135.093	71667.402	4222.778	88247.796	4127.385
154.000	45799.549	5417.297	63818.603	5111.415	22109.987	5246.305
155.000	51732.824	5245.815	53894.996	6288.642	117303.110	5445.654
156.000	107748.305	6002.813	32906.581	5592.500	27395.147	5329.186
157.000	206581.477	4301.007	79203.276	4741.088	220888.107	4683.109
158.000	99433.710	4492.600	61767.824	4543.836	129835.380	4453.628
159.000	173342.149	8515.201	59535.812	5386.524	98288.859	4639.882
160.000	42577.983	5173.621	21518.242	4883.587	69947.465	4882.272
161.000	194731.284	4926.720	92401.019	5264.822	41804.265	5357.516
162.000	18204.153	4950.339	13712.997	5014.692	28594.826	5047.752
163.000	367207.516	5264.003	192418.305	5443.994	52350.209	5367.523
164.000	23700.083	5552.992	18906.753	5520.768	10859.558	5486.772
165.000	431059.793	4873.917	65833.064	5248.084	56562.744	5509.712
166.000	161091.708	5159.022	25693.156	5164.591	56019.624	5385.333
167.000	21597.099	7422.802	9185.735	7815.014	7221.183	8658.770
168.000	198369.047	4538.608	236775.230	4567.564	123746.320	4415.159
169.000	120052.528	4271.385	130448.086	4189.367	156291.848	5947.075
170.000	188512.868	4192.211	111148.965	11634.818	15372.439	4254.449
171.000	23709.602	5633.084	13068.794	5155.067	11613.558	5424.789
172.000	14377.324	4950.296	71948.688	4878.436	81277.018	4646.939
173.000	174026.371	4935.320	38479.414	4730.553	244469.966	4729.795
174.000	1093551.459	4398.610	178266.137	4381.699	233505.205	4370.334
175.000	1854610.977	26361.329	942359.792	77637.289	280364.124	80398.976
176.000	20832.621	5224.412	23558.374	5263.828	59316.804	4945.313
177.000	105365.561	4919.858	81713.683	4500.465	44816.565	8423.741
178.000	744381.771	6046.120	389157.903	4874.210	356568.726	4897.940
179.000	148908.245	4249.424	240619.248	4609.498	172611.944	4995.001
180.000	309761.957	4291.500	243104.880	4581.889	56208.571	4217.542
181.000	105276.387	6687.283	22486.550	6519.231	13754.642	5576.901
182.000	74200.342	4161.163	94877.799	4111.779	104280.359	4471.473
183.000	235478.577	4908.819	30621.350	5060.661	407459.427	5098.023
184.000	80095.758	4347.298	58104.601	4226.693	120848.129	6062.295
185.000	122329.444	4960.724	132563.139	4788.672	66562.781	4879.290
186.000	20522.914	5195.631	14789.908	5518.642	11810.582	5485.285
187.000	171220.323	4297.022	157208.930	4345.422	109300.319	4446.606
188.000	94037.583	4533.929	52917.305	4153.150	86952.367	4446.600
189.000	13460.887	5694.012	11441.575	5526.883	24343.625	5379.129
190.000	79401.893	4490.462	86552.621	5690.811	129704.834	4861.963
191.000	112607.952	5179.999	123605.789	12433.430	73263.863	4661.405
192.000	151941.886	4571.029	54090.013	6689.685	94542.997	4731.048
193.000	891923.668	5308.490	100867.767	7131.347	106600.679	5085.280
194.000	1258749.898	5957.716	275747.251	4773.544	341936.320	5337.271
195.000	216871.960	4221.887	273280.780	4282.382	129309.965	4410.502
196.000	86082.005	7839.676	110982.505	4303.244	48669.901	4608.181
133.000	36431.917	4366.817	277107.449	4411.066	82401.912	4562.341
134.000	310203.370	4959.396	26096.852	4430.114	34810.844	4405.286
135.000	176040.626	5185.846	20390.271	5137.259	75307.331	4775.816
136.000	652484.554	6908.519	314063.429	5645.813	195837.151	4623.676
137.000	108331.435	5361.805	18219.961	4829.837	22486.259	4782.400
138.000	30589.078	5953.022	9636.568	5735.455	10626.504	5512.275
139.000	1119563.269	5263.183	50335.488	5078.525	89073.807	5033.796
140.000	48518.034	4749.395	11195.390	5750.037	94356.026	5203.557
141.000	27975.616	5587.691	11359.962	5071.197	18800.411	5508.370
142.000	687245.947	4715.643	296170.364	4781.211	76248.693	4765.524
143.000	1461586.420	4627.159	21912.050	4717.386	16520.798	4750.328
144.000	54771.337	6069.426	13704.580	5487.645	8299.491	6061.989
145.000	253324.866	4233.428	441328.320	5029.304	223553.509	4287.686
146.000	136069.223	4088.226	93890.554	4689.528	67464.003	4097.803
147.000	61622.478	5645.511	28387.867	5341.880	16387.027	4796.216
148.000	151961.774	4334.023	80360.021	4319.125	108096.085	4299.441
149.000	513105.909	4888.872	278414.350	4621.590	529164.824	4614.481
150.000	326272.918	4393.765	70055.797	4434.248	321188.068	4636.478
151.000	55847.162	6196.177	22305.246	6190.044	13680.626	6161.104
152.000	1079653.266	4765.902	195310.029	4736.240	69719.240	4829.723
153.000	116987.906	4102.557	61784.260	4037.265	67264.660	4317.583
154.000	100036.304	5130.154	47690.932	5554.639	234007.232	4768.414
155.000	93958.942	6962.948	27914.630	5897.212	58412.533	6057.118
156.000	136887.435	5900.059	74852.551	5882.213	19697.127	5462.214
157.000	292391.159	5156.273	324540.011	10530.854	86774.728	4732.140
158.000	133898.351	4186.607	39724.494	4123.115	169462.551	4293.410
159.000	105279.569	4651.382	68973.683	4487.176	81683.021	4724.919
160.000	419937.684	4831.599	20098.353	4855.212	28383.934	5013.761
161.000	123509.359	4817.884	37712.784	5199.641	87749.774	5031.368
162.000	10574.240	4992.703	33129.124	5086.052	12514.423	5022.277
163.000	256609.709	5633.394	48615.554	5541.277	40265.481	6206.766
164.000	144815.761	5653.548	21973.013	6309.192	15101.891	6157.574
165.000	144521.322	7172.600	110423.054	5303.632	71351.745	4651.972
166.000	266505.743	4779.551	100832.725	5231.860	129156.521	4987.626
167.000	30262.698	7292.089	7168.201	6814.363	7636.890	6351.856
168.000	115025.229	4485.350	227273.322	4666.057	919715.303	4564.595
169.000	267098.432	4400.099	108388.746	4825.059	193068.944	4748.288
170.000	54999.670	4439.923	153124.235	4984.379	67091.037	5070.422
171.000	14618.457	5106.619	16957.560	5232.984	8247.470	5076.112
172.000	143396.759	4811.435	60380.072	4847.833	45606.444	4720.359
173.000	207876.079	5551.824	49689.195	4820.271	15850.532	4909.636
174.000	1361063.189	4548.952	187599.039	4504.616	642494.480	5231.129
175.000	152868.849	55841.790	1814986.722	157400.752	1628312.298	32192.735
176.000	23443.411	5638.784	16219.674	5329.708	12223.114	5069.994
177.000	51343.133	4292.299	64155.982	4625.690	86438.776	4656.836
178.000	700092.949	4876.544	140215.937	5217.986	209880.307	4911.540
179.000	144090.844	9784.239	104183.661	4096.048	77459.447	4318.360
180.000	180203.010	4466.982	330891.448	4303.111	338348.880	4197.394
181.000	21734.702	6413.696	22098.624	6053.949	18076.699	5904.380
182.000	77576.766	4241.708	104760.248	4448.923	92622.168	4283.488
183.000	118102.606	5082.008	38556.514	5850.447	103690.502	5514.300
184.000	46279.702	4396.983	88060.377	4359.858	47917.291	4078.904
185.000	164469.180	4930.109	23878.980	5055.350	26470.718	5123.739
186.000	89554.767	5408.002	27886.245	6353.003	21181.018	5403.044
187.000	94358.583	4129.372	110858.869	4478.211	81379.566	4346.230
188.000	60102.918	4019.346	75245.508	4101.214	50777.253	4009.343
189.000	72434.990	5793.932	220273.443	5556.837	15857.388	5770.376
190.000	61359.761	20955.202	80261.874	4338.315	107075.872	4260.517
191.000	100088.048	4547.123	67537.261	5237.863	106408.529	4182.199
192.000	29612.510	5933.136	32922.444	4910.162	81201.222	5075.158
193.000	2127647.345	5475.481	79665.234	5119.063	791402.451	5900.499
194.000	1906381.653	6080.063	70098.095	4977.384	108109.506	5418.021
195.000	285559.031	4480.728	414391.811	4382.531	76968.179	4530.791
196.000	208585.681	5338.850	137308.361	4746.295	207789.268	4459.302
