500.000	2.000	1.000	1.000	4893.398	0.000	0.000	6000.000	1.000
501.000	7.000	1.000	6.000	6757.736	0.000	6283.000	7135.000	1.000
502.000	8.000	1.000	7.000	7958.405	0.000	7539.000	8889.000	1.000
503.000	13.000	2.000	11.000	10921.156	0.000	9524.000	11660.000	1.000
504.000	11.000	2.000	9.000	12788.841	0.000	12777.000	16202.000	1.000
505.000	37.000	2.000	35.000	20448.811	0.000	18443.000	24111.000	1.000
506.000	7.000	1.000	6.000	31946.472	0.000	29433.000	39454.000	1.000
507.000	1.000	0.000	1.000	60414.634	0.000	56035.000	10000000000.000	1.000
508.000	2.000	1.000	1.000	4494.606	0.000	0.000	6000.000	1.000
509.000	8.000	1.000	7.000	6707.515	0.000	6283.000	7135.000	1.000
510.000	44.000	7.000	37.000	7700.102	0.000	7539.000	8889.000	1.000
511.000	30.000	5.000	25.000	11191.397	0.000	9524.000	11660.000	1.000
512.000	16.000	3.000	13.000	13817.997	0.000	12777.000	16202.000	1.000
513.000	1.000	0.000	1.000	22644.147	0.000	18443.000	24111.000	1.000
514.000	18.000	1.000	17.000	33173.615	0.000	29433.000	39454.000	1.000
515.000	15.000	1.000	14.000	64105.207	0.000	56035.000	10000000000.000	1.000
516.000	58.000	7.000	51.000	7099.990	0.000	6283.000	7135.000	1.000
517.000	2.000	1.000	1.000	7701.686	0.000	7539.000	8889.000	1.000
518.000	6.000	1.000	5.000	10933.910	0.000	9524.000	11660.000	1.000
519.000	17.000	1.000	16.000	13505.567	0.000	12777.000	16202.000	1.000
520.000	1.000	0.000	1.000	21479.095	0.000	18443.000	24111.000	1.000
521.000	21.000	1.000	20.000	32174.000	0.000	29433.000	39454.000	1.000
522.000	1.000	0.000	1.000	61042.520	0.000	56035.000	10000000000.000	1.000
523.000	5.000	4.000	1.000	5839.393	0.000	0.000	6000.000	1.000
524.000	9.000	1.000	8.000	7056.349	0.000	6283.000	7135.000	1.000
525.000	12.000	2.000	10.000	8323.509	0.000	7539.000	8889.000	1.000
526.000	17.000	3.000	14.000	11494.287	0.000	9524.000	11660.000	1.000
527.000	16.000	3.000	13.000	15047.802	0.000	12777.000	16202.000	1.000
528.000	14.000	2.000	12.000	20268.528	0.000	18443.000	24111.000	1.000
529.000	14.000	1.000	13.000	37505.671	0.000	29433.000	39454.000	1.000
530.000	8.000	1.000	7.000	66658.324	0.000	56035.000	10000000000.000	1.000
531.000	2.000	1.000	1.000	4501.216	0.000	0.000	6000.000	1.000
532.000	10.000	1.000	9.000	7893.797	0.000	7539.000	8889.000	1.000
533.000	15.000	2.000	13.000	10001.218	0.000	9524.000	11660.000	1.000
534.000	24.000	2.000	22.000	14000.290	0.000	12777.000	16202.000	1.000
535.000	13.000	1.000	12.000	23447.988	0.000	18443.000	24111.000	1.000
536.000	1.000	0.000	1.000	29567.261	0.000	29433.000	39454.000	1.000
537.000	7.000	1.000	6.000	64117.007	0.000	56035.000	10000000000.000	1.000
538.000	1.000	0.000	1.000	5458.490	0.000	0.000	6000.000	1.000
539.000	26.000	3.000	23.000	6924.575	0.000	6283.000	7135.000	1.000
540.000	31.000	5.000	26.000	7773.780	0.000	7539.000	8889.000	1.000
541.000	5.000	1.000	4.000	11591.527	0.000	9524.000	11660.000	1.000
542.000	1.000	0.000	1.000	15221.814	0.000	12777.000	16202.000	1.000
543.000	1.000	0.000	1.000	18447.220	0.000	18443.000	24111.000	1.000
544.000	4.000	1.000	3.000	30822.692	0.000	29433.000	39454.000	1.000
545.000	89.000	4.000	85.000	60738.074	0.000	56035.000	10000000000.000	1.000
546.000	2.000	1.000	1.000	4138.144	0.000	0.000	6000.000	1.000
547.000	10.000	1.000	9.000	7007.567	0.000	6283.000	7135.000	1.000
548.000	5.000	1.000	4.000	10455.239	0.000	9524.000	11660.000	1.000
549.000	74.000	14.000	60.000	15922.195	0.000	12777.000	16202.000	1.000
550.000	1.000	0.000	1.000	23405.916	0.000	18443.000	24111.000	1.000
551.000	12.000	2.000	10.000	29438.558	0.000	29433.000	39454.000	1.000
552.000	525.000	21.000	504.000	30839.613	0.000	56035.000	10000000000.000	0.000
553.000	2.000	1.000	1.000	4661.866	0.000	0.000	6000.000	1.000
554.000	8.000	1.000	7.000	6666.432	0.000	6283.000	7135.000	1.000
555.000	7.000	1.000	6.000	7555.237	0.000	7539.000	8889.000	1.000
556.000	19.000	5.000	14.000	10577.676	0.000	9524.000	11660.000	1.000
557.000	23.000	4.000	19.000	14623.674	0.000	12777.000	16202.000	1.000
558.000	12.000	1.000	11.000	22899.775	0.000	18443.000	24111.000	1.000
559.000	20.000	3.000	17.000	36462.047	0.000	29433.000	39454.000	1.000
560.000	35.000	2.000	33.000	61048.939	0.000	56035.000	10000000000.000	1.000
561.000	2.000	1.000	1.000	4695.287	0.000	0.000	6000.000	1.000
562.000	8.000	1.000	7.000	6335.657	0.000	6283.000	7135.000	1.000
563.000	6.000	1.000	5.000	8786.400	0.000	7539.000	8889.000	1.000
564.000	18.000	1.000	17.000	14576.914	0.000	12777.000	16202.000	1.000
565.000	5.000	1.000	4.000	20197.302	0.000	18443.000	24111.000	1.000
566.000	12.000	1.000	11.000	34798.671	0.000	29433.000	39454.000	1.000
567.000	19.000	1.000	18.000	57727.092	0.000	56035.000	10000000000.000	1.000
568.000	1.000	0.000	1.000	4733.382	0.000	0.000	6000.000	1.000
569.000	17.000	2.000	15.000	6535.206	0.000	6283.000	7135.000	1.000
570.000	44.000	6.000	38.000	8303.527	0.000	7539.000	8889.000	1.000
571.000	11.000	2.000	9.000	10023.294	0.000	9524.000	11660.000	1.000
572.000	5.000	1.000	4.000	16080.538	0.000	12777.000	16202.000	1.000
573.000	10.000	2.000	8.000	24051.627	0.000	18443.000	24111.000	1.000
574.000	10.000	1.000	9.000	30882.270	0.000	29433.000	39454.000	1.000
575.000	20.000	1.000	19.000	57166.184	0.000	56035.000	10000000000.000	1.000
576.000	2.000	1.000	1.000	5302.954	0.000	0.000	6000.000	1.000
577.000	60.000	8.000	52.000	6419.737	0.000	6283.000	7135.000	1.000
578.000	6.000	1.000	5.000	8696.062	0.000	7539.000	8889.000	1.000
579.000	6.000	1.000	5.000	10323.197	0.000	9524.000	11660.000	1.000
580.000	23.000	4.000	19.000	22476.392	0.000	18443.000	24111.000	1.000
581.000	6.000	1.000	5.000	34586.842	0.000	29433.000	39454.000	1.000
582.000	9.000	1.000	8.000	62070.538	0.000	56035.000	10000000000.000	1.000
583.000	4.000	3.000	1.000	5591.746	0.000	0.000	6000.000	1.000
584.000	12.000	1.000	11.000	6605.130	0.000	6283.000	7135.000	1.000
585.000	6.000	1.000	5.000	8887.040	0.000	7539.000	8889.000	1.000
586.000	13.000	1.000	12.000	11379.930	0.000	9524.000	11660.000	1.000
587.000	14.000	2.000	12.000	16034.344	0.000	12777.000	16202.000	1.000
588.000	6.000	1.000	5.000	22091.896	0.000	18443.000	24111.000	1.000
589.000	16.000	1.000	15.000	37407.786	0.000	29433.000	39454.000	1.000
590.000	6.000	1.000	5.000	58373.374	0.000	56035.000	10000000000.000	1.000
591.000	2.000	1.000	1.000	5768.073	0.000	0.000	6000.000	1.000
592.000	15.000	2.000	13.000	6337.283	0.000	6283.000	7135.000	1.000
593.000	22.000	3.000	19.000	8572.606	0.000	7539.000	8889.000	1.000
594.000	6.000	1.000	5.000	11362.370	0.000	9524.000	11660.000	1.000
595.000	10.000	2.000	8.000	13597.415	0.000	12777.000	16202.000	1.000
596.000	5.000	1.000	4.000	36874.713	0.000	29433.000	39454.000	1.000
597.000	17.000	1.000	16.000	64275.561	0.000	56035.000	10000000000.000	1.000
598.000	2.000	1.000	1.000	4654.733	0.000	0.000	6000.000	1.000
599.000	77.000	13.000	64.000	6896.904	0.000	6283.000	7135.000	1.000
500.000	49.000	6.000	43.000	6840.729	0.000	6283.000	7135.000	1.000
501.000	7.000	1.000	6.000	7915.792	0.000	7539.000	8889.000	1.000
502.000	14.000	2.000	12.000	10424.260	0.000	9524.000	11660.000	1.000
503.000	5.000	1.000	4.000	14116.787	0.000	12777.000	16202.000	1.000
504.000	11.000	2.000	9.000	19983.271	0.000	18443.000	24111.000	1.000
505.000	58.000	3.000	55.000	32072.379	0.000	29433.000	39454.000	1.000
506.000	16.000	1.000	15.000	78535.346	0.000	56035.000	10000000000.000	1.000
507.000	4.000	3.000	1.000	5829.834	0.000	0.000	6000.000	1.000
508.000	24.000	3.000	21.000	6989.862	0.000	6283.000	7135.000	1.000
509.000	7.000	1.000	6.000	8430.225	0.000	7539.000	8889.000	1.000
510.000	6.000	1.000	5.000	9734.905	0.000	9524.000	11660.000	1.000
511.000	2.000	1.000	1.000	15852.408	0.000	12777.000	16202.000	1.000
512.000	15.000	3.000	12.000	21168.273	0.000	18443.000	24111.000	1.000
513.000	9.000	1.000	8.000	36921.621	0.000	29433.000	39454.000	1.000
514.000	62.000	3.000	59.000	62414.237	0.000	56035.000	10000000000.000	1.000
515.000	25.000	3.000	22.000	6611.788	0.000	6283.000	7135.000	1.000
516.000	6.000	1.000	5.000	8326.355	0.000	7539.000	8889.000	1.000
517.000	7.000	1.000	6.000	10519.881	0.000	9524.000	11660.000	1.000
518.000	18.000	3.000	15.000	13128.498	0.000	12777.000	16202.000	1.000
519.000	20.000	1.000	19.000	18874.070	0.000	18443.000	24111.000	1.000
520.000	5.000	1.000	4.000	37821.718	0.000	29433.000	39454.000	1.000
521.000	64.000	3.000	61.000	58437.034	0.000	56035.000	10000000000.000	1.000
522.000	2.000	1.000	1.000	4346.360	0.000	0.000	6000.000	1.000
523.000	51.000	6.000	45.000	6454.404	0.000	6283.000	7135.000	1.000
524.000	1.000	0.000	1.000	8366.316	0.000	7539.000	8889.000	1.000
525.000	5.000	1.000	4.000	10522.964	0.000	9524.000	11660.000	1.000
526.000	15.000	3.000	12.000	14601.113	0.000	12777.000	16202.000	1.000
527.000	11.000	2.000	9.000	19058.732	0.000	18443.000	24111.000	1.000
528.000	7.000	1.000	6.000	35824.488	0.000	29433.000	39454.000	1.000
529.000	22.000	1.000	21.000	69491.113	0.000	56035.000	10000000000.000	1.000
530.000	2.000	1.000	1.000	4386.876	0.000	0.000	6000.000	1.000
531.000	12.000	1.000	11.000	7598.719	0.000	7539.000	8889.000	1.000
532.000	10.000	1.000	9.000	10764.109	0.000	9524.000	11660.000	1.000
533.000	1.000	0.000	1.000	15712.172	0.000	12777.000	16202.000	1.000
534.000	20.000	1.000	19.000	20127.854	0.000	18443.000	24111.000	1.000
535.000	17.000	1.000	16.000	29868.998	0.000	29433.000	39454.000	1.000
536.000	20.000	1.000	19.000	61169.022	0.000	56035.000	10000000000.000	1.000
537.000	2.000	1.000	1.000	4610.993	0.000	0.000	6000.000	1.000
538.000	24.000	3.000	21.000	6521.660	0.000	6283.000	7135.000	1.000
539.000	46.000	7.000	39.000	8041.680	0.000	7539.000	8889.000	1.000
540.000	40.000	5.000	35.000	10301.428	0.000	9524.000	11660.000	1.000
541.000	17.000	3.000	14.000	14699.649	0.000	12777.000	16202.000	1.000
542.000	9.000	1.000	8.000	18867.117	0.000	18443.000	24111.000	1.000
543.000	6.000	1.000	5.000	35120.793	0.000	29433.000	39454.000	1.000
544.000	8.000	1.000	7.000	97191.762	0.000	56035.000	10000000000.000	1.000
545.000	2.000	1.000	1.000	4861.250	0.000	0.000	6000.000	1.000
546.000	92.000	12.000	80.000	7088.979	0.000	6283.000	7135.000	1.000
547.000	6.000	1.000	5.000	11364.372	0.000	9524.000	11660.000	1.000
548.000	17.000	3.000	14.000	13264.443	0.000	12777.000	16202.000	1.000
549.000	7.000	1.000	6.000	23905.367	0.000	18443.000	24111.000	1.000
550.000	17.000	1.000	16.000	29768.670	0.000	29433.000	39454.000	1.000
551.000	15.000	1.000	14.000	67243.881	0.000	56035.000	10000000000.000	1.000
552.000	2.000	1.000	1.000	5142.447	0.000	0.000	6000.000	1.000
553.000	7.000	1.000	6.000	6419.548	0.000	6283.000	7135.000	1.000
554.000	37.000	6.000	31.000	7763.954	0.000	7539.000	8889.000	1.000
555.000	8.000	1.000	7.000	11455.536	0.000	9524.000	11660.000	1.000
556.000	4.000	1.000	3.000	14066.161	0.000	12777.000	16202.000	1.000
557.000	5.000	1.000	4.000	23146.618	0.000	18443.000	24111.000	1.000
558.000	15.000	1.000	14.000	30834.425	0.000	29433.000	39454.000	1.000
559.000	17.000	1.000	16.000	63034.369	0.000	56035.000	10000000000.000	1.000
560.000	2.000	1.000	1.000	4959.142	0.000	0.000	6000.000	1.000
561.000	10.000	2.000	8.000	6299.413	0.000	6283.000	7135.000	1.000
562.000	15.000	2.000	13.000	8299.609	0.000	7539.000	8889.000	1.000
563.000	15.000	3.000	12.000	16182.597	0.000	12777.000	16202.000	1.000
564.000	21.000	1.000	20.000	19008.804	0.000	18443.000	24111.000	1.000
565.000	11.000	2.000	9.000	33148.041	0.000	29433.000	39454.000	1.000
566.000	15.000	1.000	14.000	77710.041	0.000	56035.000	10000000000.000	1.000
567.000	2.000	1.000	1.000	4500.099	0.000	0.000	6000.000	1.000
568.000	8.000	1.000	7.000	6553.639	0.000	6283.000	7135.000	1.000
569.000	22.000	3.000	19.000	8289.436	0.000	7539.000	8889.000	1.000
570.000	3.000	1.000	2.000	9953.033	0.000	9524.000	11660.000	1.000
571.000	27.000	5.000	22.000	13602.885	0.000	12777.000	16202.000	1.000
572.000	16.000	3.000	13.000	22409.724	0.000	18443.000	24111.000	1.000
573.000	7.000	1.000	6.000	32173.405	0.000	29433.000	39454.000	1.000
574.000	20.000	1.000	19.000	79647.017	0.000	56035.000	10000000000.000	1.000
575.000	2.000	1.000	1.000	4754.387	0.000	0.000	6000.000	1.000
576.000	10.000	1.000	9.000	6457.025	0.000	6283.000	7135.000	1.000
577.000	30.000	5.000	25.000	8811.051	0.000	7539.000	8889.000	1.000
578.000	6.000	1.000	5.000	11095.246	0.000	9524.000	11660.000	1.000
579.000	13.000	1.000	12.000	24094.387	0.000	18443.000	24111.000	1.000
580.000	8.000	2.000	6.000	35731.871	0.000	29433.000	39454.000	1.000
581.000	16.000	1.000	15.000	229338.490	0.000	56035.000	10000000000.000	1.000
582.000	2.000	1.000	1.000	4272.480	0.000	0.000	6000.000	1.000
583.000	23.000	1.000	22.000	6807.518	0.000	6283.000	7135.000	1.000
584.000	13.000	1.000	12.000	8534.021	0.000	7539.000	8889.000	1.000
585.000	19.000	3.000	16.000	9860.358	0.000	9524.000	11660.000	1.000
586.000	5.000	1.000	4.000	13294.162	0.000	12777.000	16202.000	1.000
587.000	1.000	0.000	1.000	21455.411	0.000	18443.000	24111.000	1.000
588.000	5.000	1.000	4.000	39223.894	0.000	29433.000	39454.000	1.000
589.000	24.000	1.000	23.000	102449.157	0.000	56035.000	10000000000.000	1.000
590.000	2.000	1.000	1.000	4658.711	0.000	0.000	6000.000	1.000
591.000	15.000	1.000	14.000	6708.497	0.000	6283.000	7135.000	1.000
592.000	5.000	1.000	4.000	7968.602	0.000	7539.000	8889.000	1.000
593.000	12.000	2.000	10.000	11198.450	0.000	9524.000	11660.000	1.000
594.000	10.000	2.000	8.000	15866.490	0.000	12777.000	16202.000	1.000
595.000	3.000	1.000	2.000	31419.382	0.000	29433.000	39454.000	1.000
596.000	15.000	1.000	14.000	57374.297	0.000	56035.000	10000000000.000	1.000
597.000	2.000	1.000	1.000	5062.536	0.000	0.000	6000.000	1.000
598.000	8.000	1.000	7.000	6720.172	0.000	6283.000	7135.000	1.000
599.000	1.000	0.000	1.000	7974.823	0.000	7539.000	8889.000	1.000
500.000	27.000	4.000	23.000	8019.683	0.000	7539.000	8889.000	1.000
501.000	12.000	2.000	10.000	10961.059	0.000	9524.000	11660.000	1.000
502.000	5.000	1.000	4.000	14013.246	0.000	12777.000	16202.000	1.000
503.000	7.000	1.000	6.000	19119.622	0.000	18443.000	24111.000	1.000
504.000	1.000	0.000	1.000	39446.901	0.000	29433.000	39454.000	1.000
505.000	525.000	21.000	504.000	41998.844	0.000	56035.000	10000000000.000	0.000
506.000	2.000	1.000	1.000	5273.543	0.000	0.000	6000.000	1.000
507.000	28.000	3.000	25.000	6330.061	0.000	6283.000	7135.000	1.000
508.000	37.000	6.000	31.000	8074.398	0.000	7539.000	8889.000	1.000
509.000	17.000	3.000	14.000	11088.605	0.000	9524.000	11660.000	1.000
510.000	88.000	17.000	71.000	14111.982	0.000	12777.000	16202.000	1.000
511.000	1.000	0.000	1.000	21272.089	0.000	18443.000	24111.000	1.000
512.000	32.000	7.000	25.000	33327.568	0.000	29433.000	39454.000	1.000
513.000	17.000	1.000	16.000	66784.861	0.000	56035.000	10000000000.000	1.000
514.000	12.000	1.000	11.000	6467.324	0.000	6283.000	7135.000	1.000
515.000	21.000	3.000	18.000	8619.065	0.000	7539.000	8889.000	1.000
516.000	24.000	4.000	20.000	10674.149	0.000	9524.000	11660.000	1.000
517.000	7.000	1.000	6.000	14303.050	0.000	12777.000	16202.000	1.000
518.000	5.000	1.000	4.000	20010.136	0.000	18443.000	24111.000	1.000
519.000	65.000	38.000	27.000	38264.660	0.000	29433.000	39454.000	1.000
520.000	19.000	1.000	18.000	115740.004	0.000	56035.000	10000000000.000	1.000
521.000	1.000	0.000	1.000	4959.594	0.000	0.000	6000.000	1.000
522.000	35.000	4.000	31.000	7066.298	0.000	6283.000	7135.000	1.000
523.000	28.000	4.000	24.000	8619.044	0.000	7539.000	8889.000	1.000
524.000	18.000	3.000	15.000	10415.283	0.000	9524.000	11660.000	1.000
525.000	10.000	2.000	8.000	13165.668	0.000	12777.000	16202.000	1.000
526.000	5.000	1.000	4.000	21653.492	0.000	18443.000	24111.000	1.000
527.000	5.000	1.000	4.000	35513.996	0.000	29433.000	39454.000	1.000
528.000	5.000	1.000	4.000	61234.622	0.000	56035.000	10000000000.000	1.000
529.000	2.000	1.000	1.000	4681.177	0.000	0.000	6000.000	1.000
530.000	6.000	1.000	5.000	8118.495	0.000	7539.000	8889.000	1.000
531.000	14.000	2.000	12.000	10807.563	0.000	9524.000	11660.000	1.000
532.000	23.000	2.000	21.000	14992.550	0.000	12777.000	16202.000	1.000
533.000	18.000	1.000	17.000	21610.634	0.000	18443.000	24111.000	1.000
534.000	35.000	2.000	33.000	30564.650	0.000	29433.000	39454.000	1.000
535.000	21.000	1.000	20.000	57568.703	0.000	56035.000	10000000000.000	1.000
536.000	2.000	1.000	1.000	4466.077	0.000	0.000	6000.000	1.000
537.000	58.000	7.000	51.000	6444.528	0.000	6283.000	7135.000	1.000
538.000	6.000	1.000	5.000	7545.040	0.000	7539.000	8889.000	1.000
539.000	6.000	1.000	5.000	11388.340	0.000	9524.000	11660.000	1.000
540.000	7.000	1.000	6.000	13043.100	0.000	12777.000	16202.000	1.000
541.000	9.000	2.000	7.000	23356.005	0.000	18443.000	24111.000	1.000
542.000	23.000	3.000	20.000	39073.842	0.000	29433.000	39454.000	1.000
543.000	20.000	1.000	19.000	107794.991	0.000	56035.000	10000000000.000	1.000
544.000	2.000	1.000	1.000	4997.603	0.000	0.000	6000.000	1.000
545.000	8.000	1.000	7.000	6498.674	0.000	6283.000	7135.000	1.000
546.000	11.000	2.000	9.000	11385.287	0.000	9524.000	11660.000	1.000
547.000	6.000	1.000	5.000	13334.830	0.000	12777.000	16202.000	1.000
548.000	14.000	3.000	11.000	23451.620	0.000	18443.000	24111.000	1.000
549.000	10.000	2.000	8.000	29993.233	0.000	29433.000	39454.000	1.000
550.000	27.000	2.000	25.000	56490.270	0.000	56035.000	10000000000.000	1.000
551.000	2.000	1.000	1.000	4783.175	0.000	0.000	6000.000	1.000
552.000	1.000	0.000	1.000	6677.270	0.000	6283.000	7135.000	1.000
553.000	40.000	7.000	33.000	7998.356	0.000	7539.000	8889.000	1.000
554.000	29.000	5.000	24.000	10103.543	0.000	9524.000	11660.000	1.000
555.000	1.000	0.000	1.000	15591.057	0.000	12777.000	16202.000	1.000
556.000	10.000	1.000	9.000	19733.061	0.000	18443.000	24111.000	1.000
557.000	10.000	1.000	9.000	29750.616	0.000	29433.000	39454.000	1.000
558.000	17.000	1.000	16.000	93384.562	0.000	56035.000	10000000000.000	1.000
559.000	2.000	1.000	1.000	4737.844	0.000	0.000	6000.000	1.000
560.000	17.000	2.000	15.000	6360.068	0.000	6283.000	7135.000	1.000
561.000	6.000	1.000	5.000	7889.202	0.000	7539.000	8889.000	1.000
562.000	19.000	3.000	16.000	16182.221	0.000	12777.000	16202.000	1.000
563.000	11.000	2.000	9.000	21378.502	0.000	18443.000	24111.000	1.000
564.000	64.000	3.000	61.000	30526.878	0.000	29433.000	39454.000	1.000
565.000	1.000	0.000	1.000	103049.320	0.000	56035.000	10000000000.000	1.000
566.000	2.000	1.000	1.000	4766.776	0.000	0.000	6000.000	1.000
567.000	7.000	1.000	6.000	6293.539	0.000	6283.000	7135.000	1.000
568.000	11.000	2.000	9.000	7899.347	0.000	7539.000	8889.000	1.000
569.000	28.000	4.000	24.000	10124.278	0.000	9524.000	11660.000	1.000
570.000	16.000	4.000	12.000	15919.429	0.000	12777.000	16202.000	1.000
571.000	9.000	2.000	7.000	22668.169	0.000	18443.000	24111.000	1.000
572.000	11.000	2.000	9.000	30388.380	0.000	29433.000	39454.000	1.000
573.000	4.000	1.000	3.000	60653.457	0.000	56035.000	10000000000.000	1.000
574.000	2.000	1.000	1.000	5786.751	0.000	0.000	6000.000	1.000
575.000	44.000	5.000	39.000	6360.881	0.000	6283.000	7135.000	1.000
576.000	7.000	1.000	6.000	8315.044	0.000	7539.000	8889.000	1.000
577.000	23.000	4.000	19.000	11328.592	0.000	9524.000	11660.000	1.000
578.000	6.000	1.000	5.000	19169.290	0.000	18443.000	24111.000	1.000
579.000	3.000	1.000	2.000	31958.491	0.000	29433.000	39454.000	1.000
580.000	9.000	1.000	8.000	74942.745	0.000	56035.000	10000000000.000	1.000
581.000	2.000	1.000	1.000	5423.860	0.000	0.000	6000.000	1.000
582.000	48.000	6.000	42.000	6797.394	0.000	6283.000	7135.000	1.000
583.000	6.000	1.000	5.000	8402.870	0.000	7539.000	8889.000	1.000
584.000	16.000	1.000	15.000	11599.441	0.000	9524.000	11660.000	1.000
585.000	17.000	3.000	14.000	14236.169	0.000	12777.000	16202.000	1.000
586.000	20.000	1.000	19.000	23702.986	0.000	18443.000	24111.000	1.000
587.000	1.000	0.000	1.000	31239.028	0.000	29433.000	39454.000	1.000
588.000	10.000	1.000	9.000	59147.575	0.000	56035.000	10000000000.000	1.000
589.000	2.000	1.000	1.000	5063.714	0.000	0.000	6000.000	1.000
590.000	27.000	4.000	23.000	6306.953	0.000	6283.000	7135.000	1.000
591.000	15.000	1.000	14.000	8047.886	0.000	7539.000	8889.000	1.000
592.000	5.000	1.000	4.000	9750.412	0.000	9524.000	11660.000	1.000
593.000	2.000	1.000	1.000	14181.970	0.000	12777.000	16202.000	1.000
594.000	7.000	2.000	5.000	31072.093	0.000	29433.000	39454.000	1.000
595.000	5.000	1.000	4.000	59568.396	0.000	56035.000	10000000000.000	1.000
596.000	2.000	1.000	1.000	4671.727	0.000	0.000	6000.000	1.000
597.000	8.000	1.000	7.000	6537.991	0.000	6283.000	7135.000	1.000
598.000	21.000	3.000	18.000	8868.146	0.000	7539.000	8889.000	1.000
599.000	37.000	6.000	31.000	11368.824	0.000	9524.000	11660.000	1.000
500.000	19.000	3.000	16.000	10749.292	0.000	9524.000	11660.000	1.000
501.000	5.000	1.000	4.000	14383.380	0.000	12777.000	16202.000	1.000
502.000	5.000	1.000	4.000	22691.060	0.000	18443.000	24111.000	1.000
503.000	8.000	1.000	7.000	30452.412	0.000	29433.000	39454.000	1.000
504.000	7.000	1.000	6.000	61294.970	0.000	56035.000	10000000000.000	1.000
505.000	1.000	0.000	1.000	4509.380	0.000	0.000	6000.000	1.000
506.000	8.000	1.000	7.000	6761.029	0.000	6283.000	7135.000	1.000
507.000	13.000	2.000	11.000	7857.894	0.000	7539.000	8889.000	1.000
508.000	28.000	5.000	23.000	11216.120	0.000	9524.000	11660.000	1.000
509.000	4.000	1.000	3.000	12951.000	0.000	12777.000	16202.000	1.000
510.000	15.000	3.000	12.000	23211.250	0.000	18443.000	24111.000	1.000
511.000	1.000	0.000	1.000	33816.499	0.000	29433.000	39454.000	1.000
512.000	1.000	0.000	1.000	57132.426	0.000	56035.000	10000000000.000	1.000
513.000	12.000	2.000	10.000	6513.939	0.000	6283.000	7135.000	1.000
514.000	21.000	2.000	19.000	7615.051	0.000	7539.000	8889.000	1.000
515.000	25.000	4.000	21.000	11275.013	0.000	9524.000	11660.000	1.000
516.000	5.000	1.000	4.000	12790.062	0.000	12777.000	16202.000	1.000
517.000	5.000	1.000	4.000	19593.082	0.000	18443.000	24111.000	1.000
518.000	1.000	0.000	1.000	30761.169	0.000	29433.000	39454.000	1.000
519.000	39.000	2.000	37.000	82648.285	0.000	56035.000	10000000000.000	1.000
520.000	1.000	0.000	1.000	5193.749	0.000	0.000	6000.000	1.000
521.000	19.000	2.000	17.000	6897.191	0.000	6283.000	7135.000	1.000
522.000	43.000	6.000	37.000	8270.088	0.000	7539.000	8889.000	1.000
523.000	69.000	11.000	58.000	11218.071	0.000	9524.000	11660.000	1.000
524.000	11.000	2.000	9.000	15588.964	0.000	12777.000	16202.000	1.000
525.000	35.000	7.000	28.000	21505.620	0.000	18443.000	24111.000	1.000
526.000	4.000	1.000	3.000	38132.278	0.000	29433.000	39454.000	1.000
527.000	1.000	0.000	1.000	95630.653	0.000	56035.000	10000000000.000	1.000
528.000	8.000	6.000	2.000	4448.651	0.000	0.000	6000.000	1.000
529.000	7.000	1.000	6.000	8227.909	0.000	7539.000	8889.000	1.000
530.000	14.000	2.000	12.000	11458.099	0.000	9524.000	11660.000	1.000
531.000	20.000	2.000	18.000	12836.682	0.000	12777.000	16202.000	1.000
532.000	28.000	2.000	26.000	23867.689	0.000	18443.000	24111.000	1.000
533.000	36.000	2.000	34.000	32284.643	0.000	29433.000	39454.000	1.000
534.000	23.000	1.000	22.000	56038.552	0.000	56035.000	10000000000.000	1.000
535.000	2.000	1.000	1.000	5126.613	0.000	0.000	6000.000	1.000
536.000	170.000	21.000	149.000	29947.329	0.000	6283.000	7135.000	0.000
537.000	6.000	1.000	5.000	8000.157	0.000	7539.000	8889.000	1.000
538.000	7.000	1.000	6.000	10598.372	0.000	9524.000	11660.000	1.000
539.000	41.000	7.000	34.000	15591.615	0.000	12777.000	16202.000	1.000
540.000	1.000	0.000	1.000	19804.197	0.000	18443.000	24111.000	1.000
541.000	1.000	0.000	1.000	30626.735	0.000	29433.000	39454.000	1.000
542.000	19.000	1.000	18.000	78263.579	0.000	56035.000	10000000000.000	1.000
543.000	2.000	1.000	1.000	5178.066	0.000	0.000	6000.000	1.000
544.000	17.000	2.000	15.000	6344.567	0.000	6283.000	7135.000	1.000
545.000	26.000	3.000	23.000	10195.225	0.000	9524.000	11660.000	1.000
546.000	5.000	1.000	4.000	13436.325	0.000	12777.000	16202.000	1.000
547.000	12.000	2.000	10.000	19704.593	0.000	18443.000	24111.000	1.000
548.000	1.000	0.000	1.000	35989.586	0.000	29433.000	39454.000	1.000
549.000	3.000	1.000	2.000	58940.384	0.000	56035.000	10000000000.000	1.000
550.000	2.000	1.000	1.000	4305.133	0.000	0.000	6000.000	1.000
551.000	9.000	1.000	8.000	6847.804	0.000	6283.000	7135.000	1.000
552.000	12.000	1.000	11.000	8174.245	0.000	7539.000	8889.000	1.000
553.000	11.000	2.000	9.000	9719.096	0.000	9524.000	11660.000	1.000
554.000	11.000	2.000	9.000	15326.508	0.000	12777.000	16202.000	1.000
555.000	4.000	1.000	3.000	21817.206	0.000	18443.000	24111.000	1.000
556.000	4.000	1.000	3.000	35443.163	0.000	29433.000	39454.000	1.000
557.000	1.000	0.000	1.000	89244.985	0.000	56035.000	10000000000.000	1.000
558.000	2.000	1.000	1.000	4745.926	0.000	0.000	6000.000	1.000
559.000	12.000	2.000	10.000	6402.955	0.000	6283.000	7135.000	1.000
560.000	5.000	1.000	4.000	8538.875	0.000	7539.000	8889.000	1.000
561.000	17.000	2.000	15.000	13830.342	0.000	12777.000	16202.000	1.000
562.000	1.000	0.000	1.000	19574.803	0.000	18443.000	24111.000	1.000
563.000	1.000	0.000	1.000	30582.363	0.000	29433.000	39454.000	1.000
564.000	525.000	21.000	504.000	41966.963	0.000	56035.000	10000000000.000	0.000
565.000	2.000	1.000	1.000	5471.292	0.000	0.000	6000.000	1.000
566.000	8.000	1.000	7.000	6862.186	0.000	6283.000	7135.000	1.000
567.000	8.000	2.000	6.000	7575.004	0.000	7539.000	8889.000	1.000
568.000	21.000	4.000	17.000	10491.456	0.000	9524.000	11660.000	1.000
569.000	24.000	4.000	20.000	16006.784	0.000	12777.000	16202.000	1.000
570.000	10.000	2.000	8.000	23390.669	0.000	18443.000	24111.000	1.000
571.000	5.000	1.000	4.000	37710.334	0.000	29433.000	39454.000	1.000
572.000	1.000	0.000	1.000	62668.036	0.000	56035.000	10000000000.000	1.000
573.000	2.000	1.000	1.000	4649.457	0.000	0.000	6000.000	1.000
574.000	16.000	2.000	14.000	6558.859	0.000	6283.000	7135.000	1.000
575.000	47.000	7.000	40.000	7770.398	0.000	7539.000	8889.000	1.000
576.000	39.000	7.000	32.000	11604.813	0.000	9524.000	11660.000	1.000
577.000	14.000	3.000	11.000	19086.722	0.000	18443.000	24111.000	1.000
578.000	6.000	1.000	5.000	32719.250	0.000	29433.000	39454.000	1.000
579.000	18.000	1.000	17.000	57622.038	0.000	56035.000	10000000000.000	1.000
580.000	3.000	2.000	1.000	5345.503	0.000	0.000	6000.000	1.000
581.000	18.000	2.000	16.000	6536.506	0.000	6283.000	7135.000	1.000
582.000	12.000	2.000	10.000	7747.444	0.000	7539.000	8889.000	1.000
583.000	5.000	1.000	4.000	9586.940	0.000	9524.000	11660.000	1.000
584.000	18.000	1.000	17.000	13084.701	0.000	12777.000	16202.000	1.000
585.000	17.000	3.000	14.000	22603.881	0.000	18443.000	24111.000	1.000
586.000	23.000	4.000	19.000	34736.201	0.000	29433.000	39454.000	1.000
587.000	15.000	1.000	14.000	67705.306	0.000	56035.000	10000000000.000	1.000
588.000	2.000	1.000	1.000	5127.420	0.000	0.000	6000.000	1.000
589.000	8.000	1.000	7.000	6513.793	0.000	6283.000	7135.000	1.000
590.000	3.000	1.000	2.000	8063.126	0.000	7539.000	8889.000	1.000
591.000	22.000	1.000	21.000	11654.089	0.000	9524.000	11660.000	1.000
592.000	57.000	11.000	46.000	13002.685	0.000	12777.000	16202.000	1.000
593.000	8.000	2.000	6.000	32393.037	0.000	29433.000	39454.000	1.000
594.000	1.000	0.000	1.000	70079.760	0.000	56035.000	10000000000.000	1.000
595.000	2.000	1.000	1.000	4647.168	0.000	0.000	6000.000	1.000
596.000	17.000	2.000	15.000	6528.102	0.000	6283.000	7135.000	1.000
597.000	7.000	1.000	6.000	7694.897	0.000	7539.000	8889.000	1.000
598.000	9.000	1.000	8.000	9651.817	0.000	9524.000	11660.000	1.000
599.000	59.000	11.000	48.000	12927.686	0.000	12777.000	16202.000	1.000
500.000	21.000	4.000	17.000	15207.658	0.000	12777.000	16202.000	1.000
501.000	10.000	2.000	8.000	20012.550	0.000	18443.000	24111.000	1.000
502.000	3.000	1.000	2.000	30690.965	0.000	29433.000	39454.000	1.000
503.000	5.000	1.000	4.000	57389.423	0.000	56035.000	10000000000.000	1.000
504.000	2.000	1.000	1.000	4838.976	0.000	0.000	6000.000	1.000
505.000	20.000	1.000	19.000	7019.813	0.000	6283.000	7135.000	1.000
506.000	6.000	1.000	5.000	7898.935	0.000	7539.000	8889.000	1.000
507.000	7.000	1.000	6.000	10809.374	0.000	9524.000	11660.000	1.000
508.000	6.000	1.000	5.000	14062.583	0.000	12777.000	16202.000	1.000
509.000	14.000	3.000	11.000	21073.113	0.000	18443.000	24111.000	1.000
510.000	2.000	1.000	1.000	29912.607	0.000	29433.000	39454.000	1.000
511.000	17.000	1.000	16.000	60711.605	0.000	56035.000	10000000000.000	1.000
512.000	16.000	2.000	14.000	6959.192	0.000	6283.000	7135.000	1.000
513.000	2.000	1.000	1.000	8142.066	0.000	7539.000	8889.000	1.000
514.000	7.000	1.000	6.000	9803.241	0.000	9524.000	11660.000	1.000
515.000	7.000	1.000	6.000	14855.577	0.000	12777.000	16202.000	1.000
516.000	11.000	2.000	9.000	22972.576	0.000	18443.000	24111.000	1.000
517.000	14.000	1.000	13.000	32606.529	0.000	29433.000	39454.000	1.000
518.000	14.000	1.000	13.000	69394.196	0.000	56035.000	10000000000.000	1.000
519.000	1.000	0.000	1.000	5677.148	0.000	0.000	6000.000	1.000
520.000	60.000	8.000	52.000	6737.578	0.000	6283.000	7135.000	1.000
521.000	7.000	1.000	6.000	8566.871	0.000	7539.000	8889.000	1.000
522.000	20.000	3.000	17.000	10857.188	0.000	9524.000	11660.000	1.000
523.000	5.000	1.000	4.000	13557.929	0.000	12777.000	16202.000	1.000
524.000	11.000	1.000	10.000	22175.869	0.000	18443.000	24111.000	1.000
525.000	5.000	1.000	4.000	39327.975	0.000	29433.000	39454.000	1.000
526.000	6.000	1.000	5.000	60311.067	0.000	56035.000	10000000000.000	1.000
527.000	2.000	1.000	1.000	4774.742	0.000	0.000	6000.000	1.000
528.000	8.000	1.000	7.000	7615.517	0.000	7539.000	8889.000	1.000
529.000	12.000	2.000	10.000	10074.727	0.000	9524.000	11660.000	1.000
530.000	5.000	1.000	4.000	15428.755	0.000	12777.000	16202.000	1.000
531.000	27.000	3.000	24.000	18853.840	0.000	18443.000	24111.000	1.000
532.000	23.000	2.000	21.000	29442.540	0.000	29433.000	39454.000	1.000
533.000	39.000	2.000	37.000	74078.824	0.000	56035.000	10000000000.000	1.000
534.000	1.000	0.000	1.000	4567.558	0.000	0.000	6000.000	1.000
535.000	14.000	2.000	12.000	6332.823	0.000	6283.000	7135.000	1.000
536.000	17.000	3.000	14.000	8314.727	0.000	7539.000	8889.000	1.000
537.000	37.000	6.000	31.000	10248.474	0.000	9524.000	11660.000	1.000
538.000	1.000	0.000	1.000	15404.530	0.000	12777.000	16202.000	1.000
539.000	5.000	1.000	4.000	21706.256	0.000	18443.000	24111.000	1.000
540.000	11.000	3.000	8.000	31064.888	0.000	29433.000	39454.000	1.000
541.000	4.000	1.000	3.000	72109.564	0.000	56035.000	10000000000.000	1.000
542.000	2.000	1.000	1.000	5778.523	0.000	0.000	6000.000	1.000
543.000	59.000	7.000	52.000	6391.077	0.000	6283.000	7135.000	1.000
544.000	65.000	11.000	54.000	11149.517	0.000	9524.000	11660.000	1.000
545.000	15.000	1.000	14.000	14231.109	0.000	12777.000	16202.000	1.000
546.000	5.000	1.000	4.000	23357.414	0.000	18443.000	24111.000	1.000
547.000	8.000	1.000	7.000	37190.494	0.000	29433.000	39454.000	1.000
548.000	6.000	1.000	5.000	124761.397	0.000	56035.000	10000000000.000	1.000
549.000	2.000	1.000	1.000	4980.274	0.000	0.000	6000.000	1.000
550.000	11.000	1.000	10.000	6867.138	0.000	6283.000	7135.000	1.000
551.000	7.000	1.000	6.000	8614.716	0.000	7539.000	8889.000	1.000
552.000	7.000	1.000	6.000	9957.187	0.000	9524.000	11660.000	1.000
553.000	21.000	4.000	17.000	15388.944	0.000	12777.000	16202.000	1.000
554.000	5.000	1.000	4.000	20311.435	0.000	18443.000	24111.000	1.000
555.000	15.000	2.000	13.000	32948.917	0.000	29433.000	39454.000	1.000
556.000	25.000	1.000	24.000	70542.473	0.000	56035.000	10000000000.000	1.000
557.000	3.000	2.000	1.000	5728.607	0.000	0.000	6000.000	1.000
558.000	9.000	1.000	8.000	6707.553	0.000	6283.000	7135.000	1.000
559.000	15.000	4.000	11.000	7602.402	0.000	7539.000	8889.000	1.000
560.000	9.000	1.000	8.000	14909.375	0.000	12777.000	16202.000	1.000
561.000	3.000	1.000	2.000	18767.285	0.000	18443.000	24111.000	1.000
562.000	1.000	0.000	1.000	33317.685	0.000	29433.000	39454.000	1.000
563.000	4.000	1.000	3.000	57915.231	0.000	56035.000	10000000000.000	1.000
564.000	3.000	2.000	1.000	5403.270	0.000	0.000	6000.000	1.000
565.000	2.000	1.000	1.000	6306.325	0.000	6283.000	7135.000	1.000
566.000	22.000	5.000	17.000	7582.854	0.000	7539.000	8889.000	1.000
567.000	6.000	1.000	5.000	11324.982	0.000	9524.000	11660.000	1.000
568.000	11.000	2.000	9.000	14883.508	0.000	12777.000	16202.000	1.000
569.000	12.000	2.000	10.000	18619.503	0.000	18443.000	24111.000	1.000
570.000	2.000	1.000	1.000	34783.032	0.000	29433.000	39454.000	1.000
571.000	1.000	0.000	1.000	105400.635	0.000	56035.000	10000000000.000	1.000
572.000	2.000	1.000	1.000	4394.896	0.000	0.000	6000.000	1.000
573.000	91.000	11.000	80.000	6525.387	0.000	6283.000	7135.000	1.000
574.000	35.000	6.000	29.000	8455.274	0.000	7539.000	8889.000	1.000
575.000	13.000	2.000	11.000	11344.606	0.000	9524.000	11660.000	1.000
576.000	32.000	6.000	26.000	19111.229	0.000	18443.000	24111.000	1.000
577.000	6.000	1.000	5.000	34757.346	0.000	29433.000	39454.000	1.000
578.000	7.000	1.000	6.000	77842.036	0.000	56035.000	10000000000.000	1.000
579.000	2.000	1.000	1.000	4967.184	0.000	0.000	6000.000	1.000
580.000	8.000	1.000	7.000	7131.376	0.000	6283.000	7135.000	1.000
581.000	12.000	2.000	10.000	7546.839	0.000	7539.000	8889.000	1.000
582.000	12.000	2.000	10.000	10421.359	0.000	9524.000	11660.000	1.000
583.000	8.000	2.000	6.000	14196.074	0.000	12777.000	16202.000	1.000
584.000	25.000	1.000	24.000	18851.391	0.000	18443.000	24111.000	1.000
585.000	9.000	2.000	7.000	32122.072	0.000	29433.000	39454.000	1.000
586.000	18.000	1.000	17.000	56080.960	0.000	56035.000	10000000000.000	1.000
587.000	2.000	1.000	1.000	4907.892	0.000	0.000	6000.000	1.000
588.000	25.000	3.000	22.000	7120.952	0.000	6283.000	7135.000	1.000
589.000	7.000	1.000	6.000	8420.910	0.000	7539.000	8889.000	1.000
590.000	14.000	2.000	12.000	10268.990	0.000	9524.000	11660.000	1.000
591.000	45.000	2.000	43.000	13324.627	0.000	12777.000	16202.000	1.000
592.000	10.000	2.000	8.000	36605.368	0.000	29433.000	39454.000	1.000
593.000	1.000	0.000	1.000	60621.786	0.000	56035.000	10000000000.000	1.000
594.000	2.000	1.000	1.000	4853.129	0.000	0.000	6000.000	1.000
595.000	32.000	4.000	28.000	6611.876	0.000	6283.000	7135.000	1.000
596.000	5.000	1.000	4.000	7819.330	0.000	7539.000	8889.000	1.000
597.000	6.000	1.000	5.000	11226.532	0.000	9524.000	11660.000	1.000
598.000	4.000	1.000	3.000	13042.123	0.000	12777.000	16202.000	1.000
599.000	27.000	5.000	22.000	23905.203	0.000	18443.000	24111.000	1.000
500.000	15.000	3.000	12.000	19180.691	0.000	18443.000	24111.000	1.000
501.000	11.000	1.000	10.000	34489.233	0.000	29433.000	39454.000	1.000
502.000	5.000	1.000	4.000	64893.503	0.000	56035.000	10000000000.000	1.000
503.000	3.000	2.000	1.000	5561.646	0.000	0.000	6000.000	1.000
504.000	15.000	2.000	13.000	6819.887	0.000	6283.000	7135.000	1.000
505.000	19.000	1.000	18.000	7709.903	0.000	7539.000	8889.000	1.000
506.000	6.000	1.000	5.000	11111.529	0.000	9524.000	11660.000	1.000
507.000	5.000	1.000	4.000	14016.122	0.000	12777.000	16202.000	1.000
508.000	5.000	1.000	4.000	22249.960	0.000	18443.000	24111.000	1.000
509.000	8.000	1.000	7.000	36240.484	0.000	29433.000	39454.000	1.000
510.000	1.000	0.000	1.000	76242.017	0.000	56035.000	10000000000.000	1.000
511.000	40.000	5.000	35.000	6566.415	0.000	6283.000	7135.000	1.000
512.000	6.000	1.000	5.000	7985.721	0.000	7539.000	8889.000	1.000
513.000	6.000	1.000	5.000	10624.494	0.000	9524.000	11660.000	1.000
514.000	7.000	1.000	6.000	13278.046	0.000	12777.000	16202.000	1.000
515.000	5.000	1.000	4.000	21535.672	0.000	18443.000	24111.000	1.000
516.000	5.000	2.000	3.000	37576.482	0.000	29433.000	39454.000	1.000
517.000	16.000	1.000	15.000	74754.551	0.000	56035.000	10000000000.000	1.000
518.000	2.000	1.000	1.000	5188.967	0.000	0.000	6000.000	1.000
519.000	14.000	1.000	13.000	6474.549	0.000	6283.000	7135.000	1.000
520.000	18.000	3.000	15.000	7979.775	0.000	7539.000	8889.000	1.000
521.000	5.000	1.000	4.000	10620.671	0.000	9524.000	11660.000	1.000
522.000	34.000	5.000	29.000	15837.126	0.000	12777.000	16202.000	1.000
523.000	20.000	4.000	16.000	23387.057	0.000	18443.000	24111.000	1.000
524.000	6.000	1.000	5.000	29730.301	0.000	29433.000	39454.000	1.000
525.000	4.000	1.000	3.000	70381.394	0.000	56035.000	10000000000.000	1.000
526.000	2.000	1.000	1.000	4400.049	0.000	0.000	6000.000	1.000
527.000	21.000	3.000	18.000	8581.879	0.000	7539.000	8889.000	1.000
528.000	7.000	1.000	6.000	10758.390	0.000	9524.000	11660.000	1.000
529.000	6.000	1.000	5.000	14147.004	0.000	12777.000	16202.000	1.000
530.000	16.000	3.000	13.000	20908.783	0.000	18443.000	24111.000	1.000
531.000	30.000	3.000	27.000	29845.451	0.000	29433.000	39454.000	1.000
532.000	24.000	1.000	23.000	61299.285	0.000	56035.000	10000000000.000	1.000
533.000	4.000	3.000	1.000	5089.531	0.000	0.000	6000.000	1.000
534.000	27.000	2.000	25.000	6999.428	0.000	6283.000	7135.000	1.000
535.000	8.000	1.000	7.000	7698.196	0.000	7539.000	8889.000	1.000
536.000	5.000	1.000	4.000	9723.437	0.000	9524.000	11660.000	1.000
537.000	10.000	2.000	8.000	13463.021	0.000	12777.000	16202.000	1.000
538.000	9.000	1.000	8.000	18824.391	0.000	18443.000	24111.000	1.000
539.000	9.000	2.000	7.000	30657.467	0.000	29433.000	39454.000	1.000
540.000	19.000	1.000	18.000	63124.621	0.000	56035.000	10000000000.000	1.000
541.000	4.000	3.000	1.000	5761.994	0.000	0.000	6000.000	1.000
542.000	9.000	1.000	8.000	7025.476	0.000	6283.000	7135.000	1.000
543.000	28.000	5.000	23.000	11225.591	0.000	9524.000	11660.000	1.000
544.000	5.000	1.000	4.000	15372.507	0.000	12777.000	16202.000	1.000
545.000	14.000	1.000	13.000	18808.025	0.000	18443.000	24111.000	1.000
546.000	1.000	0.000	1.000	38403.892	0.000	29433.000	39454.000	1.000
547.000	10.000	1.000	9.000	61366.247	0.000	56035.000	10000000000.000	1.000
548.000	7.000	5.000	2.000	5112.616	0.000	0.000	6000.000	1.000
549.000	24.000	3.000	21.000	6307.947	0.000	6283.000	7135.000	1.000
550.000	1.000	0.000	1.000	8065.423	0.000	7539.000	8889.000	1.000
551.000	24.000	4.000	20.000	10878.076	0.000	9524.000	11660.000	1.000
552.000	24.000	2.000	22.000	14213.454	0.000	12777.000	16202.000	1.000
553.000	18.000	3.000	15.000	19301.119	0.000	18443.000	24111.000	1.000
554.000	10.000	2.000	8.000	33679.813	0.000	29433.000	39454.000	1.000
555.000	12.000	1.000	11.000	70002.293	0.000	56035.000	10000000000.000	1.000
556.000	2.000	1.000	1.000	4893.756	0.000	0.000	6000.000	1.000
557.000	29.000	3.000	26.000	7000.216	0.000	6283.000	7135.000	1.000
558.000	7.000	1.000	6.000	7738.717	0.000	7539.000	8889.000	1.000
559.000	12.000	4.000	8.000	12809.913	0.000	12777.000	16202.000	1.000
560.000	16.000	1.000	15.000	23459.992	0.000	18443.000	24111.000	1.000
561.000	14.000	1.000	13.000	32291.228	0.000	29433.000	39454.000	1.000
562.000	22.000	1.000	21.000	85740.831	0.000	56035.000	10000000000.000	1.000
563.000	2.000	1.000	1.000	4336.943	0.000	0.000	6000.000	1.000
564.000	8.000	1.000	7.000	6369.571	0.000	6283.000	7135.000	1.000
565.000	8.000	2.000	6.000	8468.617	0.000	7539.000	8889.000	1.000
566.000	12.000	2.000	10.000	10049.496	0.000	9524.000	11660.000	1.000
567.000	14.000	2.000	12.000	14016.799	0.000	12777.000	16202.000	1.000
568.000	11.000	2.000	9.000	18514.489	0.000	18443.000	24111.000	1.000
569.000	8.000	1.000	7.000	29719.139	0.000	29433.000	39454.000	1.000
570.000	9.000	1.000	8.000	61343.550	0.000	56035.000	10000000000.000	1.000
571.000	2.000	1.000	1.000	4525.863	0.000	0.000	6000.000	1.000
572.000	27.000	3.000	24.000	6930.927	0.000	6283.000	7135.000	1.000
573.000	6.000	1.000	5.000	7870.554	0.000	7539.000	8889.000	1.000
574.000	31.000	5.000	26.000	11333.421	0.000	9524.000	11660.000	1.000
575.000	1.000	0.000	1.000	19122.351	0.000	18443.000	24111.000	1.000
576.000	13.000	1.000	12.000	30354.216	0.000	29433.000	39454.000	1.000
577.000	9.000	1.000	8.000	67085.868	0.000	56035.000	10000000000.000	1.000
578.000	2.000	1.000	1.000	4764.175	0.000	0.000	6000.000	1.000
579.000	27.000	3.000	24.000	6604.717	0.000	6283.000	7135.000	1.000
580.000	6.000	1.000	5.000	8441.953	0.000	7539.000	8889.000	1.000
581.000	23.000	4.000	19.000	9623.415	0.000	9524.000	11660.000	1.000
582.000	24.000	8.000	16.000	15613.562	0.000	12777.000	16202.000	1.000
583.000	6.000	1.000	5.000	19705.931	0.000	18443.000	24111.000	1.000
584.000	94.000	4.000	90.000	30019.860	0.000	29433.000	39454.000	1.000
585.000	12.000	1.000	11.000	78819.707	0.000	56035.000	10000000000.000	1.000
586.000	2.000	1.000	1.000	5286.141	0.000	0.000	6000.000	1.000
587.000	63.000	7.000	56.000	6850.403	0.000	6283.000	7135.000	1.000
588.000	26.000	4.000	22.000	7736.499	0.000	7539.000	8889.000	1.000
589.000	10.000	1.000	9.000	10166.686	0.000	9524.000	11660.000	1.000
590.000	5.000	1.000	4.000	13014.297	0.000	12777.000	16202.000	1.000
591.000	338.000	14.000	324.000	29984.970	0.000	29433.000	39454.000	1.000
592.000	6.000	1.000	5.000	58948.364	0.000	56035.000	10000000000.000	1.000
593.000	2.000	1.000	1.000	4648.855	0.000	0.000	6000.000	1.000
594.000	15.000	2.000	13.000	6935.730	0.000	6283.000	7135.000	1.000
595.000	30.000	5.000	25.000	7714.822	0.000	7539.000	8889.000	1.000
596.000	6.000	1.000	5.000	9578.398	0.000	9524.000	11660.000	1.000
597.000	18.000	4.000	14.000	13859.676	0.000	12777.000	16202.000	1.000
598.000	20.000	2.000	18.000	20816.559	0.000	18443.000	24111.000	1.000
599.000	20.000	3.000	17.000	37634.137	0.000	29433.000	39454.000	1.000
500.000	3.000	1.000	2.000	30885.282	0.000	29433.000	39454.000	1.000
501.000	11.000	1.000	10.000	59506.314	0.000	56035.000	10000000000.000	1.000
502.000	2.000	1.000	1.000	4366.751	0.000	0.000	6000.000	1.000
503.000	8.000	1.000	7.000	6574.881	0.000	6283.000	7135.000	1.000
504.000	7.000	2.000	5.000	7627.324	0.000	7539.000	8889.000	1.000
505.000	35.000	2.000	33.000	10367.785	0.000	9524.000	11660.000	1.000
506.000	7.000	1.000	6.000	15140.624	0.000	12777.000	16202.000	1.000
507.000	6.000	1.000	5.000	23792.364	0.000	18443.000	24111.000	1.000
508.000	7.000	1.000	6.000	30225.406	0.000	29433.000	39454.000	1.000
509.000	12.000	1.000	11.000	64082.797	0.000	56035.000	10000000000.000	1.000
510.000	59.000	8.000	51.000	6938.701	0.000	6283.000	7135.000	1.000
511.000	13.000	2.000	11.000	8011.621	0.000	7539.000	8889.000	1.000
512.000	11.000	2.000	9.000	10900.341	0.000	9524.000	11660.000	1.000
513.000	5.000	1.000	4.000	13452.465	0.000	12777.000	16202.000	1.000
514.000	14.000	1.000	13.000	19501.370	0.000	18443.000	24111.000	1.000
515.000	7.000	2.000	5.000	35001.499	0.000	29433.000	39454.000	1.000
516.000	1.000	0.000	1.000	111744.488	0.000	56035.000	10000000000.000	1.000
517.000	2.000	1.000	1.000	5111.768	0.000	0.000	6000.000	1.000
518.000	9.000	1.000	8.000	6567.777	0.000	6283.000	7135.000	1.000
519.000	17.000	2.000	15.000	7553.025	0.000	7539.000	8889.000	1.000
520.000	5.000	1.000	4.000	9567.085	0.000	9524.000	11660.000	1.000
521.000	16.000	1.000	15.000	14763.265	0.000	12777.000	16202.000	1.000
522.000	11.000	1.000	10.000	19795.080	0.000	18443.000	24111.000	1.000
523.000	3.000	1.000	2.000	37192.083	0.000	29433.000	39454.000	1.000
524.000	17.000	1.000	16.000	69901.139	0.000	56035.000	10000000000.000	1.000
525.000	3.000	2.000	1.000	5484.879	0.000	0.000	6000.000	1.000
526.000	75.000	14.000	61.000	8671.770	0.000	7539.000	8889.000	1.000
527.000	25.000	4.000	21.000	9574.712	0.000	9524.000	11660.000	1.000
528.000	11.000	2.000	9.000	16139.105	0.000	12777.000	16202.000	1.000
529.000	1.000	0.000	1.000	23100.256	0.000	18443.000	24111.000	1.000
530.000	4.000	1.000	3.000	29944.497	0.000	29433.000	39454.000	1.000
531.000	23.000	1.000	22.000	78789.396	0.000	56035.000	10000000000.000	1.000
532.000	2.000	1.000	1.000	4792.672	0.000	0.000	6000.000	1.000
533.000	15.000	1.000	14.000	6336.337	0.000	6283.000	7135.000	1.000
534.000	18.000	2.000	16.000	8074.754	0.000	7539.000	8889.000	1.000
535.000	11.000	1.000	10.000	10336.340	0.000	9524.000	11660.000	1.000
536.000	29.000	5.000	24.000	13770.630	0.000	12777.000	16202.000	1.000
537.000	2.000	1.000	1.000	20600.357	0.000	18443.000	24111.000	1.000
538.000	1.000	0.000	1.000	36682.087	0.000	29433.000	39454.000	1.000
539.000	1.000	0.000	1.000	73765.043	0.000	56035.000	10000000000.000	1.000
540.000	4.000	3.000	1.000	5536.089	0.000	0.000	6000.000	1.000
541.000	8.000	1.000	7.000	7099.383	0.000	6283.000	7135.000	1.000
542.000	16.000	3.000	13.000	9733.409	0.000	9524.000	11660.000	1.000
543.000	41.000	7.000	34.000	13301.727	0.000	12777.000	16202.000	1.000
544.000	5.000	1.000	4.000	20512.640	0.000	18443.000	24111.000	1.000
545.000	19.000	1.000	18.000	35159.792	0.000	29433.000	39454.000	1.000
546.000	7.000	1.000	6.000	60167.290	0.000	56035.000	10000000000.000	1.000
547.000	2.000	1.000	1.000	4185.822	0.000	0.000	6000.000	1.000
548.000	9.000	1.000	8.000	6365.310	0.000	6283.000	7135.000	1.000
549.000	107.000	17.000	90.000	8138.014	0.000	7539.000	8889.000	1.000
550.000	24.000	3.000	21.000	10504.651	0.000	9524.000	11660.000	1.000
551.000	15.000	3.000	12.000	12850.370	0.000	12777.000	16202.000	1.000
552.000	24.000	1.000	23.000	18616.119	0.000	18443.000	24111.000	1.000
553.000	5.000	1.000	4.000	38780.178	0.000	29433.000	39454.000	1.000
554.000	16.000	1.000	15.000	63490.541	0.000	56035.000	10000000000.000	1.000
555.000	2.000	1.000	1.000	5394.617	0.000	0.000	6000.000	1.000
556.000	8.000	1.000	7.000	6601.212	0.000	6283.000	7135.000	1.000
557.000	19.000	3.000	16.000	8248.114	0.000	7539.000	8889.000	1.000
558.000	9.000	1.000	8.000	13451.270	0.000	12777.000	16202.000	1.000
559.000	6.000	1.000	5.000	20943.106	0.000	18443.000	24111.000	1.000
560.000	17.000	1.000	16.000	30974.825	0.000	29433.000	39454.000	1.000
561.000	17.000	1.000	16.000	62061.690	0.000	56035.000	10000000000.000	1.000
562.000	2.000	1.000	1.000	4875.540	0.000	0.000	6000.000	1.000
563.000	78.000	10.000	68.000	6329.969	0.000	6283.000	7135.000	1.000
564.000	1.000	0.000	1.000	7645.960	0.000	7539.000	8889.000	1.000
565.000	24.000	4.000	20.000	9825.836	0.000	9524.000	11660.000	1.000
566.000	4.000	1.000	3.000	13347.861	0.000	12777.000	16202.000	1.000
567.000	4.000	1.000	3.000	21716.948	0.000	18443.000	24111.000	1.000
568.000	12.000	1.000	11.000	33649.227	0.000	29433.000	39454.000	1.000
569.000	22.000	1.000	21.000	59469.737	0.000	56035.000	10000000000.000	1.000
570.000	2.000	1.000	1.000	4731.620	0.000	0.000	6000.000	1.000
571.000	24.000	3.000	21.000	6533.024	0.000	6283.000	7135.000	1.000
572.000	27.000	4.000	23.000	8556.895	0.000	7539.000	8889.000	1.000
573.000	5.000	1.000	4.000	10620.930	0.000	9524.000	11660.000	1.000
574.000	5.000	1.000	4.000	22790.838	0.000	18443.000	24111.000	1.000
575.000	6.000	1.000	5.000	32215.663	0.000	29433.000	39454.000	1.000
576.000	11.000	1.000	10.000	80545.859	0.000	56035.000	10000000000.000	1.000
577.000	2.000	1.000	1.000	4454.351	0.000	0.000	6000.000	1.000
578.000	18.000	2.000	16.000	6654.028	0.000	6283.000	7135.000	1.000
579.000	5.000	1.000	4.000	8393.716	0.000	7539.000	8889.000	1.000
580.000	47.000	8.000	39.000	10562.791	0.000	9524.000	11660.000	1.000
581.000	1.000	0.000	1.000	16101.055	0.000	12777.000	16202.000	1.000
582.000	3.000	1.000	2.000	22684.557	0.000	18443.000	24111.000	1.000
583.000	1.000	0.000	1.000	36954.527	0.000	29433.000	39454.000	1.000
584.000	98.000	4.000	94.000	60067.675	0.000	56035.000	10000000000.000	1.000
585.000	2.000	1.000	1.000	4885.902	0.000	0.000	6000.000	1.000
586.000	12.000	2.000	10.000	6294.586	0.000	6283.000	7135.000	1.000
587.000	47.000	7.000	40.000	8709.566	0.000	7539.000	8889.000	1.000
588.000	7.000	1.000	6.000	11427.835	0.000	9524.000	11660.000	1.000
589.000	15.000	1.000	14.000	14996.487	0.000	12777.000	16202.000	1.000
590.000	5.000	1.000	4.000	34194.983	0.000	29433.000	39454.000	1.000
591.000	525.000	21.000	504.000	10938.717	0.000	56035.000	10000000000.000	0.000
592.000	2.000	1.000	1.000	4684.974	0.000	0.000	6000.000	1.000
593.000	9.000	1.000	8.000	6435.573	0.000	6283.000	7135.000	1.000
594.000	7.000	1.000	6.000	8380.810	0.000	7539.000	8889.000	1.000
595.000	24.000	4.000	20.000	10957.611	0.000	9524.000	11660.000	1.000
596.000	4.000	1.000	3.000	14743.767	0.000	12777.000	16202.000	1.000
597.000	5.000	1.000	4.000	20055.302	0.000	18443.000	24111.000	1.000
598.000	20.000	2.000	18.000	31324.437	0.000	29433.000	39454.000	1.000
599.000	14.000	1.000	13.000	64333.735	0.000	56035.000	10000000000.000	1.000
500.000	1.000	0.000	1.000	86926.326	0.000	56035.000	10000000000.000	1.000
501.000	3.000	2.000	1.000	5195.089	0.000	0.000	6000.000	1.000
502.000	138.000	15.000	123.000	6447.594	0.000	6283.000	7135.000	1.000
503.000	6.000	1.000	5.000	7630.065	0.000	7539.000	8889.000	1.000
504.000	5.000	1.000	4.000	9649.116	0.000	9524.000	11660.000	1.000
505.000	44.000	2.000	42.000	13790.368	0.000	12777.000	16202.000	1.000
506.000	5.000	1.000	4.000	19339.809	0.000	18443.000	24111.000	1.000
507.000	4.000	1.000	3.000	30687.990	0.000	29433.000	39454.000	1.000
508.000	17.000	1.000	16.000	106444.301	0.000	56035.000	10000000000.000	1.000
509.000	9.000	1.000	8.000	7126.474	0.000	6283.000	7135.000	1.000
510.000	36.000	6.000	30.000	8803.901	0.000	7539.000	8889.000	1.000
511.000	15.000	3.000	12.000	10463.217	0.000	9524.000	11660.000	1.000
512.000	1.000	0.000	1.000	15870.828	0.000	12777.000	16202.000	1.000
513.000	5.000	1.000	4.000	24095.554	0.000	18443.000	24111.000	1.000
514.000	20.000	1.000	19.000	36405.261	0.000	29433.000	39454.000	1.000
515.000	10.000	1.000	9.000	103211.165	0.000	56035.000	10000000000.000	1.000
516.000	2.000	1.000	1.000	4736.349	0.000	0.000	6000.000	1.000
517.000	10.000	1.000	9.000	7055.291	0.000	6283.000	7135.000	1.000
518.000	6.000	1.000	5.000	8457.266	0.000	7539.000	8889.000	1.000
519.000	16.000	1.000	15.000	10363.929	0.000	9524.000	11660.000	1.000
520.000	5.000	1.000	4.000	12865.797	0.000	12777.000	16202.000	1.000
521.000	15.000	1.000	14.000	19256.408	0.000	18443.000	24111.000	1.000
522.000	6.000	1.000	5.000	31781.480	0.000	29433.000	39454.000	1.000
523.000	11.000	1.000	10.000	66593.325	0.000	56035.000	10000000000.000	1.000
524.000	1.000	0.000	1.000	4602.852	0.000	0.000	6000.000	1.000
525.000	59.000	9.000	50.000	7788.225	0.000	7539.000	8889.000	1.000
526.000	17.000	3.000	14.000	10279.719	0.000	9524.000	11660.000	1.000
527.000	32.000	6.000	26.000	13283.110	0.000	12777.000	16202.000	1.000
528.000	1.000	0.000	1.000	21305.270	0.000	18443.000	24111.000	1.000
529.000	20.000	2.000	18.000	29864.388	0.000	29433.000	39454.000	1.000
530.000	24.000	1.000	23.000	72256.168	0.000	56035.000	10000000000.000	1.000
531.000	1.000	0.000	1.000	4351.704	0.000	0.000	6000.000	1.000
532.000	32.000	3.000	29.000	6305.777	0.000	6283.000	7135.000	1.000
533.000	20.000	2.000	18.000	8081.555	0.000	7539.000	8889.000	1.000
534.000	13.000	1.000	12.000	10634.778	0.000	9524.000	11660.000	1.000
535.000	5.000	1.000	4.000	16025.049	0.000	12777.000	16202.000	1.000
536.000	4.000	1.000	3.000	22009.113	0.000	18443.000	24111.000	1.000
537.000	4.000	1.000	3.000	37052.810	0.000	29433.000	39454.000	1.000
538.000	17.000	1.000	16.000	78553.058	0.000	56035.000	10000000000.000	1.000
539.000	2.000	1.000	1.000	4885.436	0.000	0.000	6000.000	1.000
540.000	53.000	5.000	48.000	6931.769	0.000	6283.000	7135.000	1.000
541.000	6.000	1.000	5.000	11285.571	0.000	9524.000	11660.000	1.000
542.000	1.000	0.000	1.000	15568.547	0.000	12777.000	16202.000	1.000
543.000	4.000	1.000	3.000	20058.767	0.000	18443.000	24111.000	1.000
544.000	7.000	1.000	6.000	33728.409	0.000	29433.000	39454.000	1.000
545.000	26.000	1.000	25.000	71872.969	0.000	56035.000	10000000000.000	1.000
546.000	2.000	1.000	1.000	4005.110	0.000	0.000	6000.000	1.000
547.000	165.000	21.000	144.000	7978.514	0.000	6283.000	7135.000	0.000
548.000	6.000	1.000	5.000	7665.126	0.000	7539.000	8889.000	1.000
549.000	11.000	2.000	9.000	10962.060	0.000	9524.000	11660.000	1.000
550.000	13.000	2.000	11.000	13825.237	0.000	12777.000	16202.000	1.000
551.000	1.000	0.000	1.000	19248.532	0.000	18443.000	24111.000	1.000
552.000	113.000	5.000	108.000	30740.807	0.000	29433.000	39454.000	1.000
553.000	8.000	1.000	7.000	62324.889	0.000	56035.000	10000000000.000	1.000
554.000	2.000	1.000	1.000	5193.377	0.000	0.000	6000.000	1.000
555.000	16.000	2.000	14.000	6743.187	0.000	6283.000	7135.000	1.000
556.000	2.000	1.000	1.000	7962.280	0.000	7539.000	8889.000	1.000
557.000	11.000	2.000	9.000	13214.921	0.000	12777.000	16202.000	1.000
558.000	14.000	1.000	13.000	18979.387	0.000	18443.000	24111.000	1.000
559.000	15.000	1.000	14.000	29803.058	0.000	29433.000	39454.000	1.000
560.000	22.000	1.000	21.000	57336.518	0.000	56035.000	10000000000.000	1.000
561.000	2.000	1.000	1.000	4691.929	0.000	0.000	6000.000	1.000
562.000	68.000	8.000	60.000	6859.645	0.000	6283.000	7135.000	1.000
563.000	6.000	1.000	5.000	8113.729	0.000	7539.000	8889.000	1.000
564.000	12.000	1.000	11.000	11077.003	0.000	9524.000	11660.000	1.000
565.000	13.000	7.000	6.000	15596.433	0.000	12777.000	16202.000	1.000
566.000	1.000	0.000	1.000	23054.537	0.000	18443.000	24111.000	1.000
567.000	1.000	0.000	1.000	30974.549	0.000	29433.000	39454.000	1.000
568.000	24.000	1.000	23.000	58791.150	0.000	56035.000	10000000000.000	1.000
569.000	2.000	1.000	1.000	5077.104	0.000	0.000	6000.000	1.000
570.000	7.000	1.000	6.000	6525.252	0.000	6283.000	7135.000	1.000
571.000	13.000	2.000	11.000	8000.138	0.000	7539.000	8889.000	1.000
572.000	12.000	2.000	10.000	9851.293	0.000	9524.000	11660.000	1.000
573.000	5.000	1.000	4.000	21888.503	0.000	18443.000	24111.000	1.000
574.000	6.000	1.000	5.000	34004.356	0.000	29433.000	39454.000	1.000
575.000	16.000	1.000	15.000	76072.164	0.000	56035.000	10000000000.000	1.000
576.000	2.000	1.000	1.000	5817.448	0.000	0.000	6000.000	1.000
577.000	167.000	21.000	146.000	28465.125	0.000	6283.000	7135.000	0.000
578.000	6.000	1.000	5.000	8015.364	0.000	7539.000	8889.000	1.000
579.000	20.000	3.000	17.000	10460.891	0.000	9524.000	11660.000	1.000
580.000	10.000	2.000	8.000	12913.738	0.000	12777.000	16202.000	1.000
581.000	5.000	1.000	4.000	22364.828	0.000	18443.000	24111.000	1.000
582.000	1.000	0.000	1.000	29956.601	0.000	29433.000	39454.000	1.000
583.000	20.000	1.000	19.000	56175.934	0.000	56035.000	10000000000.000	1.000
584.000	1.000	0.000	1.000	5715.371	0.000	0.000	6000.000	1.000
585.000	32.000	4.000	28.000	6800.513	0.000	6283.000	7135.000	1.000
586.000	1.000	0.000	1.000	8174.552	0.000	7539.000	8889.000	1.000
587.000	12.000	2.000	10.000	10753.175	0.000	9524.000	11660.000	1.000
588.000	10.000	2.000	8.000	13084.947	0.000	12777.000	16202.000	1.000
589.000	19.000	1.000	18.000	30246.141	0.000	29433.000	39454.000	1.000
590.000	1.000	0.000	1.000	72658.629	0.000	56035.000	10000000000.000	1.000
591.000	2.000	1.000	1.000	5392.721	0.000	0.000	6000.000	1.000
592.000	92.000	12.000	80.000	6445.768	0.000	6283.000	7135.000	1.000
593.000	7.000	1.000	6.000	8472.654	0.000	7539.000	8889.000	1.000
594.000	6.000	1.000	5.000	10519.913	0.000	9524.000	11660.000	1.000
595.000	14.000	3.000	11.000	13425.552	0.000	12777.000	16202.000	1.000
596.000	1.000	0.000	1.000	22779.956	0.000	18443.000	24111.000	1.000
597.000	4.000	1.000	3.000	30198.675	0.000	29433.000	39454.000	1.000
598.000	14.000	1.000	13.000	65985.224	0.000	56035.000	10000000000.000	1.000
599.000	1.000	0.000	1.000	4743.425	0.000	0.000	6000.000	1.000
