1455.000	100.000	2.500	2.000	5375.260	5363.869
1455.000	100.000	2.500	2.020	5386.574	5389.191
1455.000	100.000	2.500	2.040	5370.254	5382.304
1455.000	100.000	2.500	2.060	5357.269	5381.930
1455.000	100.000	2.500	2.080	5412.641	5381.672
1455.000	100.000	2.500	2.100	5380.683	5369.890
1455.000	100.000	2.500	2.120	5377.750	5372.217
1455.000	100.000	2.500	2.140	5381.655	5372.723
1455.000	100.000	2.500	2.160	5400.455	5370.254
1455.000	100.000	2.500	2.180	5375.633	5376.480
1455.000	100.000	2.500	2.200	5384.318	5373.253
1455.000	100.000	2.500	2.220	5366.043	5369.029
1455.000	100.000	2.500	2.240	5362.664	5396.732
1455.000	100.000	2.500	2.260	5370.958	5372.872
1455.000	100.000	2.500	2.280	5425.398	5363.960
1455.000	100.000	2.500	2.300	5437.900	5381.289
1455.000	100.000	2.500	2.320	5375.949	5357.879
1455.000	100.000	2.500	2.340	5368.317	5360.980
1455.000	100.000	2.500	2.360	5474.620	5370.006
1455.000	100.000	2.500	2.380	5432.540	5380.417
1455.000	100.000	2.500	2.400	5384.293	5366.770
1455.000	100.000	2.500	2.420	5430.067	5373.021
1455.000	100.000	2.500	2.440	5370.031	5387.291
1455.000	100.000	2.500	2.460	5371.521	5426.108
1455.000	100.000	2.500	2.480	5373.850	5384.942
1455.000	100.000	2.500	2.500	5370.213	5371.339
1455.000	100.000	2.500	2.520	5368.069	5367.019
1455.000	100.000	2.500	2.540	5369.989	5381.107
1455.000	100.000	2.500	2.560	5373.112	5419.800
1455.000	100.000	2.500	2.580	5373.386	5371.273
1455.000	100.000	2.500	2.600	5377.318	5375.069
1455.000	100.000	2.500	2.620	5373.717	5389.016
1455.000	100.000	2.500	2.640	5370.022	5384.859
1455.000	100.000	2.500	2.660	5366.092	5353.934
1455.000	100.000	2.500	2.680	5353.498	5340.651
1455.000	100.000	2.500	2.700	5340.528	5346.160
1455.000	100.000	2.500	2.720	5328.925	5321.264
1455.000	100.000	2.500	2.740	5333.274	5337.991
1455.000	100.000	2.500	2.760	5334.483	5327.311
1455.000	100.000	2.500	2.780	5331.495	5315.450
1455.000	100.000	2.500	2.800	5314.744	5319.533
1455.000	100.000	2.500	2.820	5337.255	5321.110
1455.000	100.000	2.500	2.840	5361.046	5351.252
1455.000	100.000	2.500	2.860	5351.063	5306.097
1455.000	100.000	2.500	2.880	5314.874	5331.568
1455.000	100.000	2.500	2.900	5326.098	5421.589
1455.000	100.000	2.500	2.920	5390.684	5363.589
1455.000	100.000	2.500	2.940	5378.132	5460.347
1455.000	100.000	2.500	2.960	5433.608	5550.744
1455.000	100.000	2.500	2.980	5516.868	5755.035
1455.000	100.000	2.500	3.000	5749.363	6195.604
1455.000	100.000	2.500	3.020	6172.601	6572.362
1455.000	100.000	2.500	3.040	6554.021	7452.726
1455.000	100.000	2.500	3.060	7443.917	8788.440
1455.000	100.000	2.500	3.080	8807.218	8443.202
1455.000	100.000	2.500	3.100	8789.527	12016.603
1455.000	100.000	2.500	3.120	12510.018	16827.540
1455.000	100.000	2.500	3.140	16618.464	21464.138
1455.000	100.000	2.500	3.160	22074.395	92078.570
1455.000	100.000	2.500	3.180	65548.104	38193.747
1455.000	100.000	2.500	3.200	35854.359	67162.191
1455.000	100.000	2.500	3.220	66950.466	60340.322
1455.000	100.000	2.500	3.240	60091.511	16399.526
1455.000	100.000	2.500	3.260	16554.012	42895.232
1455.000	100.000	2.500	3.280	44039.097	82129.882
1455.000	100.000	2.500	3.300	76568.854	105215.961
1455.000	100.000	2.500	2.000	81097.235	100503.938
1455.000	100.000	2.500	2.000	97641.333	101482.008
1455.000	100.000	2.500	2.000	102787.782	102376.884
1455.000	100.000	2.500	2.000	97803.100	102618.190
1455.000	100.000	2.500	2.000	103477.940	102136.711
1455.000	100.000	2.500	2.000	78253.028	75677.126
1455.000	100.000	2.500	2.020	84902.714	75282.915
1455.000	100.000	2.500	2.040	73662.078	76340.611
1455.000	100.000	2.500	2.060	76810.322	75488.503
1455.000	100.000	2.500	2.080	76769.690	76712.201
1455.000	100.000	2.500	2.100	78950.132	77003.914
1455.000	100.000	2.500	2.120	76653.111	76685.177
1455.000	100.000	2.500	2.140	82366.836	76845.910
1455.000	100.000	2.500	2.160	76854.389	76582.323
1455.000	100.000	2.500	2.180	80376.711	76178.650
1455.000	100.000	2.500	2.200	76082.135	76808.628
1455.000	100.000	2.500	2.220	75503.231	76133.690
1455.000	100.000	2.500	2.240	75406.786	79487.061
1455.000	100.000	2.500	2.260	75431.283	75851.824
1455.000	100.000	2.500	2.280	77152.314	76226.999
1455.000	100.000	2.500	2.300	76335.592	76944.374
1455.000	100.000	2.500	2.320	76786.615	76825.570
1455.000	100.000	2.500	2.340	75256.888	74314.331
1455.000	100.000	2.500	2.360	74748.134	74559.320
1455.000	100.000	2.500	2.380	75465.605	74045.751
1455.000	100.000	2.500	2.400	75982.549	76594.112
1455.000	100.000	2.500	2.420	74597.645	74072.522
1455.000	100.000	2.500	2.440	74030.013	74257.293
1455.000	100.000	2.500	2.460	74235.135	80495.598
1455.000	100.000	2.500	2.480	74249.378	77273.846
1455.000	100.000	2.500	2.500	74986.308	75850.172
1455.000	100.000	2.500	2.520	71993.304	72029.036
1455.000	100.000	2.500	2.540	72517.938	72224.703
1455.000	100.000	2.500	2.560	71526.113	72740.572
1455.000	100.000	2.500	2.580	72868.406	74331.777
1455.000	100.000	2.500	2.600	73236.134	73313.212
1455.000	100.000	2.500	2.620	73901.211	94973.523
1455.000	100.000	2.500	2.640	92205.327	96193.217
1455.000	100.000	2.500	2.660	101799.380	111152.512
1455.000	100.000	2.500	2.000	110437.059	61798.511
1455.000	100.000	2.500	2.020	72905.012	64127.632
1455.000	100.000	2.500	2.040	75686.993	68105.123
1455.000	100.000	2.500	2.060	66423.146	66588.232
1455.000	100.000	2.500	2.080	76668.297	59887.962
1455.000	100.000	2.500	2.100	70664.125	65628.386
1455.000	100.000	2.500	2.120	69616.119	54106.818
1455.000	100.000	2.500	2.140	63041.215	67503.228
1455.000	100.000	2.500	2.160	56568.256	66878.474
1455.000	100.000	2.500	2.180	71170.952	63050.345
1455.000	100.000	2.500	2.200	58722.756	68087.815
1455.000	100.000	2.500	2.220	73025.769	65153.281
1455.000	100.000	2.500	2.240	65721.263	63643.681
1455.000	100.000	2.500	2.260	67416.992	65271.717
1455.000	100.000	2.500	2.280	69726.218	58432.132
1455.000	100.000	2.500	2.300	61377.061	67798.880
1455.000	100.000	2.500	2.320	64124.090	53233.541
1455.000	100.000	2.500	2.340	65026.774	63586.747
1455.000	100.000	2.500	2.360	65271.717	61252.930
1455.000	100.000	2.500	2.380	73796.302	76300.474
1455.000	100.000	2.500	2.400	73945.141	62651.127
1455.000	100.000	2.500	2.420	62925.044	72014.144
1455.000	100.000	2.500	2.440	59039.294	66888.749
1455.000	100.000	2.500	2.460	60632.339	72206.735
1455.000	100.000	2.500	2.480	56443.582	56665.811
1455.000	100.000	2.500	2.500	70784.759	63554.259
1455.000	100.000	2.500	2.520	70091.042	66135.578
1455.000	100.000	2.500	2.540	71112.827	68177.111
1455.000	100.000	2.500	2.560	73996.984	58419.391
1455.000	100.000	2.500	2.580	58189.055	104124.484
1455.000	100.000	2.500	2.000	104090.254	103474.866
1455.000	100.000	2.500	2.000	103931.845	104823.306
1455.000	100.000	2.500	2.000	104854.863	104665.804
1455.000	100.000	2.500	2.000	104361.598	103687.416
1455.000	100.000	2.500	2.000	104505.640	103554.855
1455.000	100.000	2.500	2.000	104189.894	103554.855
1455.000	100.000	2.500	2.000	104433.569	104295.972
1455.000	100.000	2.500	2.000	103398.070	102718.060
1455.000	100.000	2.500	2.000	103907.040	103715.204
1455.000	100.000	2.500	2.000	104127.597	104311.590
1455.000	100.000	2.500	2.000	103681.242	103003.607
1455.000	100.000	2.500	2.000	104320.963	103413.420
1455.000	100.000	2.500	2.000	5474.396	5523.938
1455.000	100.000	2.500	2.020	5466.294	5460.227
1455.000	100.000	2.500	2.040	5479.374	5466.655
1455.000	100.000	2.500	2.060	5467.290	5474.396
1455.000	100.000	2.500	2.080	5466.397	5465.582
1455.000	100.000	2.500	2.100	5467.504	5465.076
1455.000	100.000	2.500	2.120	5475.068	5464.279
1455.000	100.000	2.500	2.140	5471.808	5465.196
1455.000	100.000	2.500	2.160	5456.694	5467.702
1455.000	100.000	2.500	2.180	5523.692	5472.048
1455.000	100.000	2.500	2.200	5467.144	5457.498
1455.000	100.000	2.500	2.220	5474.001	5469.075
1455.000	100.000	2.500	2.240	5465.128	5467.856
1455.000	100.000	2.500	2.260	5466.320	5473.949
1455.000	100.000	2.500	2.280	5460.595	5469.908
1455.000	100.000	2.500	2.300	5473.553	5470.871
1455.000	100.000	2.500	2.320	5472.633	5477.720
1455.000	100.000	2.500	2.340	5465.728	5470.140
1455.000	100.000	2.500	2.360	5471.885	5546.413
1455.000	100.000	2.500	2.380	5471.567	5474.663
1455.000	100.000	2.500	2.400	5472.530	5475.197
1455.000	100.000	2.500	2.420	5487.826	5466.260
1455.000	100.000	2.500	2.440	5459.234	5472.891
1455.000	100.000	2.500	2.460	5462.334	5468.534
1455.000	100.000	2.500	2.480	5467.822	5461.940
1455.000	100.000	2.500	2.500	5461.220	5476.867
1455.000	100.000	2.500	2.520	5463.790	5471.490
1455.000	100.000	2.500	2.540	5463.148	5487.870
1455.000	100.000	2.500	2.560	5477.754	5471.111
1455.000	100.000	2.500	2.580	5469.900	5472.255
1455.000	100.000	2.500	2.600	5475.119	5471.919
1455.000	100.000	2.500	2.620	5456.617	5482.169
1455.000	100.000	2.500	2.640	5473.158	5490.517
1455.000	100.000	2.500	2.660	5472.917	5477.789
1455.000	100.000	2.500	2.680	5465.977	5461.717
1455.000	100.000	2.500	2.700	5458.404	5447.213
1455.000	100.000	2.500	2.720	5449.514	5470.922
1455.000	100.000	2.500	2.740	5471.584	5455.925
1455.000	100.000	2.500	2.760	5468.208	5455.361
1455.000	100.000	2.500	2.780	5466.209	5535.078
1455.000	100.000	2.500	2.800	5503.322	5482.842
1455.000	100.000	2.500	2.820	5469.050	5517.445
1455.000	100.000	2.500	2.840	5494.215	5531.579
1455.000	100.000	2.500	2.860	5529.902	5514.579
1455.000	100.000	2.500	2.880	5506.471	5609.153
1455.000	100.000	2.500	2.900	5600.188	5744.404
1455.000	100.000	2.500	2.920	5827.395	5621.592
1455.000	100.000	2.500	2.940	5627.560	5844.763
1455.000	100.000	2.500	2.960	5817.351	6008.560
1455.000	100.000	2.500	2.980	6069.616	6302.935
1455.000	100.000	2.500	3.000	6196.266	7422.865
1455.000	100.000	2.500	3.020	7843.472	15722.385
1455.000	100.000	2.500	3.040	14452.134	20027.740
1455.000	100.000	2.500	3.060	18117.886	13790.095
1455.000	100.000	2.500	3.080	14074.687	14121.938
1455.000	100.000	2.500	3.100	13743.461	15452.644
1455.000	100.000	2.500	3.120	15372.167	37872.302
1455.000	100.000	2.500	3.140	37776.594	38712.936
1455.000	100.000	2.500	3.160	42616.535	34574.139
1455.000	100.000	2.500	3.180	34485.818	39561.156
1455.000	100.000	2.500	3.200	42834.565	48652.225
1455.000	100.000	2.500	3.220	48564.036	18531.432
1455.000	100.000	2.500	3.240	19359.588	68755.830
1455.000	100.000	2.500	3.260	73634.047	49568.976
1455.000	100.000	2.500	3.280	43885.392	42190.643
1455.000	100.000	2.500	3.300	35004.313	34397.608
1455.000	100.000	2.500	3.320	46092.293	45408.447
1455.000	100.000	2.500	3.340	48842.576	65981.474
1455.000	100.000	2.500	3.360	59268.354	38067.678
1455.000	100.000	2.500	3.380	38073.088	20586.111
1455.000	100.000	2.500	3.400	21198.679	44867.369
1455.000	100.000	2.500	3.420	30388.380	82027.367
1455.000	100.000	2.500	3.440	79055.860	172261.922
1455.000	100.000	2.500	2.000	125947.925	167643.618
1455.000	100.000	2.500	2.000	168527.789	165194.641
1455.000	100.000	2.500	2.000	159996.501	157821.552
1455.000	100.000	2.500	2.000	159945.069	166386.271
1455.000	100.000	2.500	2.000	142295.374	142528.292
1455.000	100.000	2.500	2.000	142312.817	144533.317
1455.000	100.000	2.500	2.000	139385.460	144833.827
1455.000	100.000	2.500	2.000	146201.732	144809.740
1455.000	100.000	2.500	2.000	145858.866	142867.381
1455.000	100.000	2.500	2.000	147702.127	148388.031
1455.000	100.000	2.500	2.000	147520.706	148495.581
1455.000	100.000	2.500	2.000	145645.390	165414.315
1455.000	100.000	2.500	2.000	142487.477	147483.226
1455.000	100.000	2.500	2.000	147464.493	149400.071
1455.000	100.000	2.500	2.000	145633.211	146072.969
1455.000	100.000	2.500	2.000	127222.264	128927.037
1455.000	100.000	2.500	2.000	126400.433	126281.278
1455.000	100.000	2.500	2.000	145688.036	148736.553
1455.000	100.000	2.500	2.000	140136.955	144007.437
1455.000	100.000	2.500	2.000	5485.977	5486.089
1455.000	100.000	2.500	2.020	5484.793	5495.602
1455.000	100.000	2.500	2.040	5498.509	5492.681
1455.000	100.000	2.500	2.060	5487.299	5487.385
1455.000	100.000	2.500	2.080	5493.747	5502.809
1455.000	100.000	2.500	2.100	5483.023	5512.528
1455.000	100.000	2.500	2.120	5493.392	5511.246
1455.000	100.000	2.500	2.140	5487.316	5481.237
1455.000	100.000	2.500	2.160	5483.800	5478.961
1455.000	100.000	2.500	2.180	5484.137	5488.198
1455.000	100.000	2.500	2.200	5481.599	5473.011
1455.000	100.000	2.500	2.220	5476.936	5487.498
1455.000	100.000	2.500	2.240	5476.316	5489.202
1455.000	100.000	2.500	2.260	5479.391	5480.961
1455.000	100.000	2.500	2.280	5474.689	5478.090
1455.000	100.000	2.500	2.300	5476.247	5483.739
1455.000	100.000	2.500	2.320	5483.032	5482.065
1455.000	100.000	2.500	2.340	5482.928	5472.771
1455.000	100.000	2.500	2.360	5479.547	5482.056
1455.000	100.000	2.500	2.380	5484.793	5479.926
1455.000	100.000	2.500	2.400	5518.074	5482.885
1455.000	100.000	2.500	2.420	5487.411	5486.037
1455.000	100.000	2.500	2.440	5487.671	5495.750
1455.000	100.000	2.500	2.460	5485.294	5489.357
1455.000	100.000	2.500	2.480	5494.822	5480.176
1455.000	100.000	2.500	2.500	5472.831	5490.240
1455.000	100.000	2.500	2.520	5486.193	5482.479
1455.000	100.000	2.500	2.540	5485.052	5491.694
1455.000	100.000	2.500	2.560	5480.806	5482.816
1455.000	100.000	2.500	2.580	5476.574	5478.409
1455.000	100.000	2.500	2.600	5486.607	5498.526
1455.000	100.000	2.500	2.620	5502.365	5558.708
1455.000	100.000	2.500	2.640	5482.816	5483.532
1455.000	100.000	2.500	2.660	5487.852	5500.740
1455.000	100.000	2.500	2.680	5504.531	5437.892
1455.000	100.000	2.500	2.700	5440.066	5481.194
1455.000	100.000	2.500	2.720	5485.458	5465.171
1455.000	100.000	2.500	2.740	5437.527	5487.913
1455.000	100.000	2.500	2.760	5482.100	5426.437
1455.000	100.000	2.500	2.780	5418.426	5449.190
1455.000	100.000	2.500	2.800	5456.215	5475.696
1455.000	100.000	2.500	2.820	5490.283	5569.668
1455.000	100.000	2.500	2.840	5581.665	5506.828
1455.000	100.000	2.500	2.860	5522.414	5504.157
1455.000	100.000	2.500	2.880	5497.406	5480.116
1455.000	100.000	2.500	2.900	5486.547	5584.860
1455.000	100.000	2.500	2.920	5578.705	5697.048
1455.000	100.000	2.500	2.940	5697.868	5675.871
1455.000	100.000	2.500	2.960	5707.625	5781.180
1455.000	100.000	2.500	2.980	5759.441	5952.635
1455.000	100.000	2.500	3.000	6050.090	6971.031
1455.000	100.000	2.500	3.020	6906.217	9174.169
1455.000	100.000	2.500	3.040	9064.412	13152.145
1455.000	100.000	2.500	3.060	13080.524	14394.436
1455.000	100.000	2.500	3.080	14489.650	18454.550
1455.000	100.000	2.500	3.100	17707.256	46591.721
1455.000	100.000	2.500	3.120	46173.562	32054.374
1455.000	100.000	2.500	3.140	42438.944	38979.387
1455.000	100.000	2.500	3.160	39226.545	22551.924
1455.000	100.000	2.500	3.180	20079.814	23940.695
1455.000	100.000	2.500	3.200	27986.181	55802.424
1455.000	100.000	2.500	3.220	49559.102	81915.474
1455.000	100.000	2.500	3.240	66286.618	36369.907
1455.000	100.000	2.500	3.260	35443.884	22942.766
1455.000	100.000	2.500	3.280	22062.649	28377.921
1455.000	100.000	2.500	3.300	26332.231	39793.026
1455.000	100.000	2.500	3.320	36959.232	84447.775
1455.000	100.000	2.500	3.340	84164.126	22846.300
1455.000	100.000	2.500	3.360	27176.051	41539.025
1455.000	100.000	2.500	3.380	57291.247	20347.507
1455.000	100.000	2.500	3.400	22316.394	65738.630
1455.000	100.000	2.500	3.420	63856.044	15120.379
1455.000	100.000	2.500	3.440	16123.416	63257.611
1455.000	100.000	2.500	3.460	55523.101	36418.584
1455.000	100.000	2.500	3.480	48223.802	66190.879
1455.000	100.000	2.500	3.500	57591.549	58901.510
1455.000	100.000	2.500	3.520	57670.697	36570.008
1455.000	100.000	2.500	3.540	37237.811	29526.905
1455.000	100.000	2.500	3.560	27200.882	102461.212
1455.000	100.000	2.500	2.000	116740.873	92590.159
1455.000	100.000	2.500	2.020	100033.431	103845.080
1455.000	100.000	2.500	2.000	100733.572	103752.278
1455.000	100.000	2.500	2.000	92943.481	102124.732
1455.000	100.000	2.500	2.000	86346.630	92871.610
1455.000	100.000	2.500	2.020	93956.407	94386.710
1455.000	100.000	2.500	2.040	94205.453	95922.996
1455.000	100.000	2.500	2.060	94134.162	92359.365
1455.000	100.000	2.500	2.080	93432.158	96358.214
1455.000	100.000	2.500	2.100	94991.654	97507.391
1455.000	100.000	2.500	2.120	95043.497	88658.878
1455.000	100.000	2.500	2.140	89980.469	91246.339
1455.000	100.000	2.500	2.160	90316.461	88996.423
1455.000	100.000	2.500	2.180	91964.302	95494.311
1455.000	100.000	2.500	2.200	98056.419	95756.853
1455.000	100.000	2.500	2.220	94445.577	94981.293
1455.000	100.000	2.500	2.240	93179.700	100434.384
1455.000	100.000	2.500	2.000	103727.559	103634.967
1455.000	100.000	2.500	2.000	98681.513	99023.796
1455.000	100.000	2.500	2.020	97987.452	97663.236
1455.000	100.000	2.500	2.040	98832.723	98089.557
1455.000	100.000	2.500	2.060	98244.499	97660.498
1455.000	100.000	2.500	2.080	98125.482	105432.540
1455.000	100.000	2.500	2.000	104883.280	102930.551
1455.000	100.000	2.500	2.000	103201.991	102924.467
1455.000	100.000	2.500	2.000	103293.810	103625.717
1455.000	100.000	2.500	2.000	102727.149	103107.282
1455.000	100.000	2.500	2.000	104997.105	102967.066
1455.000	100.000	2.500	2.000	103034.078	104377.236
1455.000	100.000	2.500	2.000	103869.855	102391.933
1455.000	100.000	2.500	2.000	103597.977	103156.142
1455.000	100.000	2.500	2.000	102869.750	103450.279
1455.000	100.000	2.500	2.000	102196.649	107396.132
1455.000	100.000	2.500	2.000	107419.318	107754.972
1455.000	100.000	2.500	2.000	107191.209	107895.169
1455.000	100.000	2.500	2.000	106885.287	107059.416
1455.000	100.000	2.500	2.000	5465.951	5481.815
1455.000	100.000	2.500	2.020	5465.076	5467.444
1455.000	100.000	2.500	2.040	5500.818	5467.968
1455.000	100.000	2.500	2.060	5521.591	5465.231
1455.000	100.000	2.500	2.080	5450.699	5451.612
1455.000	100.000	2.500	2.100	5509.459	5445.782
1455.000	100.000	2.500	2.120	5457.464	5440.618
1455.000	100.000	2.500	2.140	5456.181	5447.707
1455.000	100.000	2.500	2.160	5442.395	5452.389
1455.000	100.000	2.500	2.180	5443.765	5463.456
1455.000	100.000	2.500	2.200	5463.422	5455.762
1455.000	100.000	2.500	2.220	5449.761	5459.945
1455.000	100.000	2.500	2.240	5446.548	5455.216
1455.000	100.000	2.500	2.260	5447.068	5455.643
1455.000	100.000	2.500	2.280	5445.101	5450.793
1455.000	100.000	2.500	2.300	5448.917	5451.996
1455.000	100.000	2.500	2.320	5447.400	5452.705
1455.000	100.000	2.500	2.340	5448.610	5462.719
1455.000	100.000	2.500	2.360	5445.969	5443.356
1455.000	100.000	2.500	2.380	5448.542	5449.829
1455.000	100.000	2.500	2.400	5452.116	5447.750
1455.000	100.000	2.500	2.420	5450.102	5460.629
1455.000	100.000	2.500	2.440	5454.763	5459.354
1455.000	100.000	2.500	2.460	5507.595	5438.953
1455.000	100.000	2.500	2.480	5437.849	5441.902
1455.000	100.000	2.500	2.500	5438.062	5450.947
1455.000	100.000	2.500	2.520	5450.972	5453.781
1455.000	100.000	2.500	2.540	5444.803	5478.780
1455.000	100.000	2.500	2.560	5514.431	5454.395
1455.000	100.000	2.500	2.580	5448.559	5441.698
1455.000	100.000	2.500	2.600	5432.582	5445.263
1455.000	100.000	2.500	2.620	5443.161	5441.826
1455.000	100.000	2.500	2.640	5444.335	5449.088
1455.000	100.000	2.500	2.660	5446.267	5452.304
1455.000	100.000	2.500	2.680	5463.988	5466.003
1455.000	100.000	2.500	2.700	5494.163	5444.054
1455.000	100.000	2.500	2.720	5462.428	5465.831
1455.000	100.000	2.500	2.740	5471.997	5483.222
1455.000	100.000	2.500	2.760	5469.153	5482.997
1455.000	100.000	2.500	2.780	5490.300	5528.559
1455.000	100.000	2.500	2.800	5501.609	5549.789
1455.000	100.000	2.500	2.820	5529.761	5543.667
1455.000	100.000	2.500	2.840	5555.206	5614.904
1455.000	100.000	2.500	2.860	5646.976	5575.999
1455.000	100.000	2.500	2.880	5567.407	5552.248
1455.000	100.000	2.500	2.900	5532.256	5670.567
1455.000	100.000	2.500	2.920	5640.200	5673.467
1455.000	100.000	2.500	2.940	5726.610	5813.845
1455.000	100.000	2.500	2.960	5850.142	6231.173
1455.000	100.000	2.500	2.980	6198.670	6449.086
1455.000	100.000	2.500	3.000	6496.904	7341.892
1455.000	100.000	2.500	3.020	7621.066	10701.107
1455.000	100.000	2.500	3.040	10001.132	11431.924
1455.000	100.000	2.500	3.060	11454.896	16697.817
1455.000	100.000	2.500	3.080	16596.529	19506.066
1455.000	100.000	2.500	3.100	27019.620	9274.895
1455.000	100.000	2.500	3.120	8797.875	30063.132
1455.000	100.000	2.500	3.140	19693.897	27134.976
1455.000	100.000	2.500	3.160	22364.398	11706.498
1455.000	100.000	2.500	3.180	11761.288	9128.844
1455.000	100.000	2.500	3.200	9154.902	17816.676
1455.000	100.000	2.500	3.220	18820.119	46636.015
1455.000	100.000	2.500	3.240	53976.012	87980.298
1455.000	100.000	2.500	3.260	69076.278	22209.666
1455.000	100.000	2.500	3.280	22095.680	74059.922
1455.000	100.000	2.500	3.300	73796.302	30402.173
1455.000	100.000	2.500	3.320	28333.367	14637.440
1455.000	100.000	2.500	3.340	14720.275	71131.708
1455.000	100.000	2.500	3.360	76362.370	64374.163
1455.000	100.000	2.500	3.380	63777.702	145736.804
1455.000	100.000	2.500	2.000	159104.830	144821.783
1455.000	100.000	2.500	2.000	143202.199	125611.797
1455.000	100.000	2.500	2.000	121100.238	110978.969
1455.000	100.000	2.500	2.000	100695.712	105971.460
1455.000	100.000	2.500	2.000	103607.222	124663.156
1455.000	100.000	2.500	2.000	114443.187	109716.931
1455.000	100.000	2.500	2.000	118795.455	118295.144
1455.000	100.000	2.500	2.000	118355.442	121446.492
1455.000	100.000	2.500	2.000	117620.017	114435.667
1455.000	100.000	2.500	2.000	114514.679	114544.807
1455.000	100.000	2.500	2.000	116362.553	117727.360
1455.000	100.000	2.500	2.000	117751.240	117723.381
1455.000	100.000	2.500	2.000	117998.575	118363.486
1455.000	100.000	2.500	2.000	117898.718	117910.692
1455.000	100.000	2.500	2.000	119116.414	120218.277
1455.000	100.000	2.500	2.000	117023.282	116557.257
1455.000	100.000	2.500	2.000	116584.567	116647.039
1455.000	100.000	2.500	2.000	117330.771	117157.117
1455.000	100.000	2.500	2.000	116506.571	116901.522
1455.000	100.000	2.500	2.000	5306.355	5306.679
1455.000	100.000	2.500	2.020	5303.519	5311.769
1455.000	100.000	2.500	2.040	5302.566	5309.324
1455.000	100.000	2.500	2.060	5358.200	5310.579
1455.000	100.000	2.500	2.080	5300.404	5290.557
1455.000	100.000	2.500	2.100	5300.049	5291.739
1455.000	100.000	2.500	2.120	5303.689	5311.526
1455.000	100.000	2.500	2.140	5302.550	5278.818
1455.000	100.000	2.500	2.160	5292.945	5309.364
1455.000	100.000	2.500	2.180	5295.351	5295.883
1455.000	100.000	2.500	2.200	5284.096	5344.273
1455.000	100.000	2.500	2.220	5286.117	5308.240
1455.000	100.000	2.500	2.240	5316.034	5324.380
1455.000	100.000	2.500	2.260	5324.380	5310.992
1455.000	100.000	2.500	2.280	5289.135	5321.191
1455.000	100.000	2.500	2.300	5310.749	5315.230
1455.000	100.000	2.500	2.320	5326.660	5312.515
1455.000	100.000	2.500	2.340	5292.647	5319.647
1455.000	100.000	2.500	2.360	5325.633	5317.616
1455.000	100.000	2.500	2.380	5323.444	5291.120
1455.000	100.000	2.500	2.400	5279.322	5280.339
1455.000	100.000	2.500	2.420	5280.043	5281.123
1455.000	100.000	2.500	2.440	5346.759	5278.570
1455.000	100.000	2.500	2.460	5279.234	5275.021
1455.000	100.000	2.500	2.480	5282.165	5290.035
1455.000	100.000	2.500	2.500	5278.634	5286.630
1455.000	100.000	2.500	2.520	5289.858	5283.783
1455.000	100.000	2.500	2.540	5276.275	5282.998
1455.000	100.000	2.500	2.560	5280.259	5290.774
1455.000	100.000	2.500	2.580	5290.557	5338.179
1455.000	100.000	2.500	2.600	5310.311	5292.897
1455.000	100.000	2.500	2.620	5314.833	5277.714
1455.000	100.000	2.500	2.640	5273.288	5266.327
1455.000	100.000	2.500	2.660	5272.545	5290.493
1455.000	100.000	2.500	2.680	5282.862	5285.900
1455.000	100.000	2.500	2.700	5265.045	5300.920
1455.000	100.000	2.500	2.720	5299.097	5273.072
1455.000	100.000	2.500	2.740	5267.665	5278.658
1455.000	100.000	2.500	2.760	5282.982	5238.872
1455.000	100.000	2.500	2.780	5237.942	5278.802
1455.000	100.000	2.500	2.800	5294.087	5266.852
1455.000	100.000	2.500	2.820	5285.932	5272.872
1455.000	100.000	2.500	2.840	5269.378	5258.606
1455.000	100.000	2.500	2.860	5259.774	5377.692
1455.000	100.000	2.500	2.880	5445.552	5331.862
1455.000	100.000	2.500	2.900	5331.364	5305.579
1455.000	100.000	2.500	2.920	5309.413	5361.607
1455.000	100.000	2.500	2.940	5322.671	5343.010
1455.000	100.000	2.500	2.960	5341.822	5400.238
1455.000	100.000	2.500	2.980	5414.147	5461.674
1455.000	100.000	2.500	3.000	5454.814	5806.818
1455.000	100.000	2.500	3.020	5838.248	6356.749
1455.000	100.000	2.500	3.040	6507.124	7119.292
1455.000	100.000	2.500	3.060	7223.339	15200.821
1455.000	100.000	2.500	3.080	15381.128	20279.149
1455.000	100.000	2.500	3.100	20094.295	12677.172
1455.000	100.000	2.500	3.120	13162.483	10270.383
1455.000	100.000	2.500	3.140	10483.625	19361.633
1455.000	100.000	2.500	3.160	15159.867	12732.971
1455.000	100.000	2.500	3.180	11674.949	36514.417
1455.000	100.000	2.500	3.200	37125.481	23878.162
1455.000	100.000	2.500	3.220	22459.435	42534.305
1455.000	100.000	2.500	3.240	45653.670	11164.707
1455.000	100.000	2.500	3.260	11937.772	30335.445
1455.000	100.000	2.500	3.280	18578.484	51250.962
1455.000	100.000	2.500	3.300	40329.823	33802.059
1455.000	100.000	2.500	3.320	32979.180	11925.591
1455.000	100.000	2.500	3.340	12913.115	45489.103
1455.000	100.000	2.500	3.360	39910.669	77041.387
1455.000	100.000	2.500	3.380	75703.444	11964.591
1455.000	100.000	2.500	3.400	12098.751	45385.962
1455.000	100.000	2.500	3.420	42709.554	26313.730
1455.000	100.000	2.500	3.440	25208.548	20619.748
1455.000	100.000	2.500	3.460	15635.080	18201.109
1455.000	100.000	2.500	3.480	19248.745	24692.592
1455.000	100.000	2.500	3.500	21096.855	72973.749
1455.000	100.000	2.500	3.520	66533.536	376903.286
1455.000	100.000	2.500	2.000	434501.387	358255.844
1455.000	100.000	2.500	2.000	353313.383	354572.261
1455.000	100.000	2.500	2.000	387340.218	398736.486
1455.000	100.000	2.500	2.000	399193.491	417922.145
1455.000	100.000	2.500	2.000	408223.533	347670.527
1455.000	100.000	2.500	2.000	426415.663	355005.945
1455.000	100.000	2.500	2.000	411843.819	417771.760
1455.000	100.000	2.500	2.000	425114.505	428040.203
1455.000	100.000	2.500	2.000	426624.588	428672.385
1455.000	100.000	2.500	2.000	410146.394	407316.476
1455.000	100.000	2.500	2.000	400755.172	411066.113
1455.000	100.000	2.500	2.000	411746.445	415528.891
1455.000	100.000	2.500	2.000	422382.142	408462.904
1455.000	100.000	2.500	2.000	409326.969	419129.140
1455.000	100.000	2.500	2.000	410920.620	426572.338
1455.000	100.000	2.500	2.000	422843.650	414145.442
1455.000	100.000	2.500	2.000	330170.005	414836.013
1455.000	100.000	2.500	2.000	411260.264	419330.984
1455.000	100.000	2.500	2.000	419381.476	375683.666
